2026-07-24 12:51:45,460 [INFO] services.state_manager: No existing state file — starting fresh.
2026-07-24 12:51:45,702 [INFO] openchai_gui: ============================================================
2026-07-24 12:51:45,702 [INFO] openchai_gui:   OpenCHAI GUI Backend starting
2026-07-24 12:51:45,702 [INFO] openchai_gui:   Python   : 3.9.25
2026-07-24 12:51:45,702 [INFO] openchai_gui:   Root     : /OpenCHAI_Project_Registry/OpenCHAI/OpenCHAI
2026-07-24 12:51:45,702 [INFO] openchai_gui:   Ansible  : /OpenCHAI_Project_Registry/OpenCHAI/OpenCHAI/automation/ansible
2026-07-24 12:51:45,702 [INFO] openchai_gui:   Routers  : 15 loaded
2026-07-24 12:51:45,702 [INFO] openchai_gui: ============================================================
2026-07-24 12:51:45,702 [INFO] openchai_gui.config: ───────────────────────────────────────────────────────
2026-07-24 12:51:45,702 [INFO] openchai_gui.config:   OpenCHAI GUI — Path Validation
2026-07-24 12:51:45,702 [INFO] openchai_gui.config: ───────────────────────────────────────────────────────
2026-07-24 12:51:45,702 [INFO] openchai_gui.config:   ✅  OPENCHAI_ROOT          /OpenCHAI_Project_Registry/OpenCHAI/OpenCHAI
2026-07-24 12:51:45,702 [INFO] openchai_gui.config:   ✅  ANSIBLE_DIR            /OpenCHAI_Project_Registry/OpenCHAI/OpenCHAI/automation/ansible
2026-07-24 12:51:45,702 [INFO] openchai_gui.config:   ✅  PLAYBOOK_LIBRARY       /OpenCHAI_Project_Registry/OpenCHAI/OpenCHAI/automation/ansible/playbook_library
2026-07-24 12:51:45,702 [WARNING] openchai_gui.config:   ⚠️   INVENTORY_PATH         /OpenCHAI_Project_Registry/OpenCHAI/OpenCHAI/automation/ansible/inventory/hosts.ini  (will be created when needed)
2026-07-24 12:51:45,702 [INFO] openchai_gui.config:   ✅  GROUP_VARS_DIR         /OpenCHAI_Project_Registry/OpenCHAI/OpenCHAI/automation/ansible/group_vars
2026-07-24 12:51:45,702 [INFO] openchai_gui.config:   ✅  ANSIBLE_CFG            /OpenCHAI_Project_Registry/OpenCHAI/OpenCHAI/automation/ansible/ansible.cfg
2026-07-24 12:51:45,703 [WARNING] openchai_gui.config:   ⚠️   SSH_KEY                /root/.ssh/id_rsa  (will be created when needed)
2026-07-24 12:51:45,703 [INFO] openchai_gui.config:   ✅  HOST_VARS_DIR          /OpenCHAI_Project_Registry/OpenCHAI/OpenCHAI/automation/ansible/inventory/host_vars
2026-07-24 12:51:45,703 [INFO] openchai_gui.config:   ✅  VAULT_PASSWORD_FILE    /OpenCHAI_Project_Registry/OpenCHAI/OpenCHAI/automation/ansible/.vault_pass
2026-07-24 12:51:45,703 [INFO] openchai_gui.config: ───────────────────────────────────────────────────────
2026-07-24 12:51:45,704 [WARNING] services.vault_service: ansible.cfg's vault_password_file does not match /OpenCHAI_Project_Registry/OpenCHAI/OpenCHAI/automation/ansible/.vault_pass (the path this GUI uses to encrypt node passwords). Playbook runs may fail to decrypt host_vars credentials written by the GUI until these are aligned.
2026-07-24 12:51:45,712 [INFO] services.inventory_cli_bridge: Inventory bridge OK — using /OpenCHAI_Project_Registry/OpenCHAI/OpenCHAI/automation/ansible/inventory.py (inventory_file=/OpenCHAI_Project_Registry/OpenCHAI/OpenCHAI/automation/ansible/inventory/inventory_def.txt)
2026-07-24 12:52:32,187 [INFO] routes.auth: Login OK: user='root' role='admin' groups=['root', 'openchai-admins'] ip=127.0.0.1
2026-07-24 12:52:37,575 [WARNING] inventory: Vault password file /OpenCHAI_Project_Registry/OpenCHAI/OpenCHAI/automation/ansible/.vault_pass has loose permissions (644). Recommended: chmod 600.
2026-07-24 12:52:47,046 [WARNING] services.inventory_cli_bridge: Could not read vault for password_set status: ansible-vault failed: ERROR! Decryption failed (no vault secrets were found that could decrypt) on /OpenCHAI_Project_Registry/OpenCHAI/OpenCHAI/automation/ansible/inventory/group_vars/all/vault.yml for /OpenCHAI_Project_Registry/OpenCHAI/OpenCHAI/automation/ansible/inventory/group_vars/all/vault.yml
2026-07-24 12:53:12,839 [INFO] services.chai_release_service: Registry auth store updated (type=basic)
2026-07-24 12:53:12,873 [INFO] httpx: HTTP Request: GET https://hpcsangrah-test.pune.cdac.in/vault/OpenCHAI/hpcsuite_registry/hostmachine_reg/ "HTTP/1.1 200 OK"
2026-07-24 12:53:12,875 [INFO] routes.chai_release: Registry auth VALIDATED via /auth endpoint (type=basic)
2026-07-24 12:53:13,038 [INFO] httpx: HTTP Request: GET https://hpcsangrah-test.pune.cdac.in/vault/OpenCHAI/hpcsuite_registry/hostmachine_reg/ "HTTP/1.1 200 OK"
2026-07-24 12:53:21,594 [INFO] httpx: HTTP Request: GET https://hpcsangrah-test.pune.cdac.in/vault/OpenCHAI/hpcsuite_registry/hostmachine_reg/x86_64/ "HTTP/1.1 200 OK"
2026-07-24 12:53:23,291 [INFO] routes.chai_release: Listing versions for arch=x86_64 os_dist=rocky9.6 verify_ssl=None
2026-07-24 12:53:23,291 [INFO] services.chai_release_service: Fetching versions from: https://hpcsangrah-test.pune.cdac.in/vault/OpenCHAI/hpcsuite_registry/hostmachine_reg/x86_64/rocky9.6/
2026-07-24 12:53:23,312 [INFO] httpx: HTTP Request: GET https://hpcsangrah-test.pune.cdac.in/vault/OpenCHAI/hpcsuite_registry/hostmachine_reg/x86_64/rocky9.6/ "HTTP/1.1 200 OK"
2026-07-24 12:53:23,347 [INFO] httpx: HTTP Request: HEAD https://hpcsangrah-test.pune.cdac.in/vault/OpenCHAI/hpcsuite_registry/hostmachine_reg/x86_64/rocky9.6/openchai_ha_full_v1.25.0.tgz "HTTP/1.1 200 OK"
2026-07-24 12:53:23,349 [INFO] httpx: HTTP Request: HEAD https://hpcsangrah-test.pune.cdac.in/vault/OpenCHAI/hpcsuite_registry/hostmachine_reg/x86_64/rocky9.6/openchai_base_v1.25.0.tgz "HTTP/1.1 200 OK"
2026-07-24 12:53:23,350 [INFO] httpx: HTTP Request: HEAD https://hpcsangrah-test.pune.cdac.in/vault/OpenCHAI/hpcsuite_registry/hostmachine_reg/x86_64/rocky9.6/openchai_hpc_addon_v1.25.0.tgz "HTTP/1.1 200 OK"
2026-07-24 12:53:23,351 [INFO] httpx: HTTP Request: HEAD https://hpcsangrah-test.pune.cdac.in/vault/OpenCHAI/hpcsuite_registry/hostmachine_reg/x86_64/rocky9.6/openchai_sm_v1.25.0.tgz "HTTP/1.1 200 OK"
2026-07-24 12:53:23,352 [INFO] httpx: HTTP Request: HEAD https://hpcsangrah-test.pune.cdac.in/vault/OpenCHAI/hpcsuite_registry/hostmachine_reg/x86_64/rocky9.6/openchai_mldl_addon_v1.25.0.tgz "HTTP/1.1 200 OK"
2026-07-24 12:53:27,570 [INFO] routes.chai_release: Listing releases for arch=x86_64 os_dist=rocky9.6 version=openchai_base_v1.25.0
2026-07-24 12:53:27,571 [INFO] services.chai_release_service: Fetching releases from: https://hpcsangrah-test.pune.cdac.in/vault/OpenCHAI/hpcsuite_registry/hostmachine_reg/x86_64/rocky9.6/openchai_base_v1.25.0/
2026-07-24 12:53:27,592 [INFO] httpx: HTTP Request: GET https://hpcsangrah-test.pune.cdac.in/vault/OpenCHAI/hpcsuite_registry/hostmachine_reg/x86_64/rocky9.6/openchai_base_v1.25.0/ "HTTP/1.1 404 Not Found"
2026-07-24 12:53:27,593 [WARNING] services.chai_release_service: HTTP 404 fetching https://hpcsangrah-test.pune.cdac.in/vault/OpenCHAI/hpcsuite_registry/hostmachine_reg/x86_64/rocky9.6/openchai_base_v1.25.0/ (path not found)
2026-07-24 12:53:34,043 [INFO] routes.chai_release: Listing releases for arch=x86_64 os_dist=rocky9.6 version=openchai_ha_full_v1.25.0
2026-07-24 12:53:34,043 [INFO] services.chai_release_service: Fetching releases from: https://hpcsangrah-test.pune.cdac.in/vault/OpenCHAI/hpcsuite_registry/hostmachine_reg/x86_64/rocky9.6/openchai_ha_full_v1.25.0/
2026-07-24 12:53:34,061 [INFO] httpx: HTTP Request: GET https://hpcsangrah-test.pune.cdac.in/vault/OpenCHAI/hpcsuite_registry/hostmachine_reg/x86_64/rocky9.6/openchai_ha_full_v1.25.0/ "HTTP/1.1 404 Not Found"
2026-07-24 12:53:34,063 [WARNING] services.chai_release_service: HTTP 404 fetching https://hpcsangrah-test.pune.cdac.in/vault/OpenCHAI/hpcsuite_registry/hostmachine_reg/x86_64/rocky9.6/openchai_ha_full_v1.25.0/ (path not found)
2026-07-24 12:53:44,420 [INFO] routes.chai_release: Listing releases for arch=x86_64 os_dist=rocky9.6 version=openchai_base_v1.25.0
2026-07-24 12:53:44,420 [INFO] services.chai_release_service: Fetching releases from: https://hpcsangrah-test.pune.cdac.in/vault/OpenCHAI/hpcsuite_registry/hostmachine_reg/x86_64/rocky9.6/openchai_base_v1.25.0/
2026-07-24 12:53:44,440 [INFO] httpx: HTTP Request: GET https://hpcsangrah-test.pune.cdac.in/vault/OpenCHAI/hpcsuite_registry/hostmachine_reg/x86_64/rocky9.6/openchai_base_v1.25.0/ "HTTP/1.1 404 Not Found"
2026-07-24 12:53:44,441 [WARNING] services.chai_release_service: HTTP 404 fetching https://hpcsangrah-test.pune.cdac.in/vault/OpenCHAI/hpcsuite_registry/hostmachine_reg/x86_64/rocky9.6/openchai_base_v1.25.0/ (path not found)
2026-07-24 12:54:03,832 [INFO] routes.chai_release: Listing releases for arch=x86_64 os_dist=rocky9.6 version=openchai_ha_full_v1.25.0
2026-07-24 12:54:03,832 [INFO] services.chai_release_service: Fetching releases from: https://hpcsangrah-test.pune.cdac.in/vault/OpenCHAI/hpcsuite_registry/hostmachine_reg/x86_64/rocky9.6/openchai_ha_full_v1.25.0/
2026-07-24 12:54:03,852 [INFO] httpx: HTTP Request: GET https://hpcsangrah-test.pune.cdac.in/vault/OpenCHAI/hpcsuite_registry/hostmachine_reg/x86_64/rocky9.6/openchai_ha_full_v1.25.0/ "HTTP/1.1 404 Not Found"
2026-07-24 12:54:03,854 [WARNING] services.chai_release_service: HTTP 404 fetching https://hpcsangrah-test.pune.cdac.in/vault/OpenCHAI/hpcsuite_registry/hostmachine_reg/x86_64/rocky9.6/openchai_ha_full_v1.25.0/ (path not found)
2026-07-24 12:54:57,710 [WARNING] services.inventory_cli_bridge: Could not read vault for password_set status: ansible-vault failed: ERROR! Decryption failed (no vault secrets were found that could decrypt) on /OpenCHAI_Project_Registry/OpenCHAI/OpenCHAI/automation/ansible/inventory/group_vars/all/vault.yml for /OpenCHAI_Project_Registry/OpenCHAI/OpenCHAI/automation/ansible/inventory/group_vars/all/vault.yml
2026-07-24 12:55:13,349 [INFO] routes.chai_release: Listing versions for arch=x86_64 os_dist=rocky9.6 verify_ssl=None
2026-07-24 12:55:13,350 [INFO] services.chai_release_service: Fetching versions from: https://hpcsangrah-test.pune.cdac.in/vault/OpenCHAI/hpcsuite_registry/hostmachine_reg/x86_64/rocky9.6/
2026-07-24 12:55:13,355 [INFO] routes.chai_release: Listing releases for arch=x86_64 os_dist=rocky9.6 version=openchai_ha_full_v1.25.0
2026-07-24 12:55:13,356 [INFO] services.chai_release_service: Fetching releases from: https://hpcsangrah-test.pune.cdac.in/vault/OpenCHAI/hpcsuite_registry/hostmachine_reg/x86_64/rocky9.6/openchai_ha_full_v1.25.0/
2026-07-24 12:55:13,373 [INFO] routes.chai_release: Listing releases for arch=x86_64 os_dist=rocky9.6 version=openchai_ha_full_v1.25.0
2026-07-24 12:55:13,373 [INFO] services.chai_release_service: Fetching releases from: https://hpcsangrah-test.pune.cdac.in/vault/OpenCHAI/hpcsuite_registry/hostmachine_reg/x86_64/rocky9.6/openchai_ha_full_v1.25.0/
2026-07-24 12:55:13,379 [INFO] routes.chai_release: Listing versions for arch=x86_64 os_dist=rocky9.6 verify_ssl=None
2026-07-24 12:55:13,379 [INFO] services.chai_release_service: Fetching versions from: https://hpcsangrah-test.pune.cdac.in/vault/OpenCHAI/hpcsuite_registry/hostmachine_reg/x86_64/rocky9.6/
2026-07-24 12:55:13,386 [INFO] httpx: HTTP Request: GET https://hpcsangrah-test.pune.cdac.in/vault/OpenCHAI/hpcsuite_registry/hostmachine_reg/x86_64/rocky9.6/openchai_ha_full_v1.25.0/ "HTTP/1.1 404 Not Found"
2026-07-24 12:55:13,387 [INFO] httpx: HTTP Request: GET https://hpcsangrah-test.pune.cdac.in/vault/OpenCHAI/hpcsuite_registry/hostmachine_reg/x86_64/rocky9.6/ "HTTP/1.1 200 OK"
2026-07-24 12:55:13,388 [WARNING] services.chai_release_service: HTTP 404 fetching https://hpcsangrah-test.pune.cdac.in/vault/OpenCHAI/hpcsuite_registry/hostmachine_reg/x86_64/rocky9.6/openchai_ha_full_v1.25.0/ (path not found)
2026-07-24 12:55:13,388 [INFO] httpx: HTTP Request: GET https://hpcsangrah-test.pune.cdac.in/vault/OpenCHAI/hpcsuite_registry/hostmachine_reg/ "HTTP/1.1 200 OK"
2026-07-24 12:55:13,389 [INFO] httpx: HTTP Request: GET https://hpcsangrah-test.pune.cdac.in/vault/OpenCHAI/hpcsuite_registry/hostmachine_reg/x86_64/ "HTTP/1.1 200 OK"
2026-07-24 12:55:13,390 [INFO] httpx: HTTP Request: GET https://hpcsangrah-test.pune.cdac.in/vault/OpenCHAI/hpcsuite_registry/hostmachine_reg/x86_64/ "HTTP/1.1 200 OK"
2026-07-24 12:55:13,391 [INFO] httpx: HTTP Request: GET https://hpcsangrah-test.pune.cdac.in/vault/OpenCHAI/hpcsuite_registry/hostmachine_reg/ "HTTP/1.1 200 OK"
2026-07-24 12:55:13,398 [INFO] httpx: HTTP Request: GET https://hpcsangrah-test.pune.cdac.in/vault/OpenCHAI/hpcsuite_registry/hostmachine_reg/x86_64/rocky9.6/openchai_ha_full_v1.25.0/ "HTTP/1.1 404 Not Found"
2026-07-24 12:55:13,400 [WARNING] services.chai_release_service: HTTP 404 fetching https://hpcsangrah-test.pune.cdac.in/vault/OpenCHAI/hpcsuite_registry/hostmachine_reg/x86_64/rocky9.6/openchai_ha_full_v1.25.0/ (path not found)
2026-07-24 12:55:13,403 [INFO] httpx: HTTP Request: GET https://hpcsangrah-test.pune.cdac.in/vault/OpenCHAI/hpcsuite_registry/hostmachine_reg/x86_64/rocky9.6/ "HTTP/1.1 200 OK"
2026-07-24 12:55:13,416 [INFO] httpx: HTTP Request: HEAD https://hpcsangrah-test.pune.cdac.in/vault/OpenCHAI/hpcsuite_registry/hostmachine_reg/x86_64/rocky9.6/openchai_ha_full_v1.25.0.tgz "HTTP/1.1 200 OK"
2026-07-24 12:55:13,417 [INFO] httpx: HTTP Request: HEAD https://hpcsangrah-test.pune.cdac.in/vault/OpenCHAI/hpcsuite_registry/hostmachine_reg/x86_64/rocky9.6/openchai_mldl_addon_v1.25.0.tgz "HTTP/1.1 200 OK"
2026-07-24 12:55:13,419 [INFO] httpx: HTTP Request: HEAD https://hpcsangrah-test.pune.cdac.in/vault/OpenCHAI/hpcsuite_registry/hostmachine_reg/x86_64/rocky9.6/openchai_sm_v1.25.0.tgz "HTTP/1.1 200 OK"
2026-07-24 12:55:13,422 [INFO] httpx: HTTP Request: HEAD https://hpcsangrah-test.pune.cdac.in/vault/OpenCHAI/hpcsuite_registry/hostmachine_reg/x86_64/rocky9.6/openchai_hpc_addon_v1.25.0.tgz "HTTP/1.1 200 OK"
2026-07-24 12:55:13,423 [INFO] httpx: HTTP Request: HEAD https://hpcsangrah-test.pune.cdac.in/vault/OpenCHAI/hpcsuite_registry/hostmachine_reg/x86_64/rocky9.6/openchai_base_v1.25.0.tgz "HTTP/1.1 200 OK"
2026-07-24 12:55:13,425 [INFO] httpx: HTTP Request: HEAD https://hpcsangrah-test.pune.cdac.in/vault/OpenCHAI/hpcsuite_registry/hostmachine_reg/x86_64/rocky9.6/openchai_ha_full_v1.25.0.tgz "HTTP/1.1 200 OK"
2026-07-24 12:55:13,427 [INFO] httpx: HTTP Request: HEAD https://hpcsangrah-test.pune.cdac.in/vault/OpenCHAI/hpcsuite_registry/hostmachine_reg/x86_64/rocky9.6/openchai_sm_v1.25.0.tgz "HTTP/1.1 200 OK"
2026-07-24 12:55:13,428 [INFO] httpx: HTTP Request: HEAD https://hpcsangrah-test.pune.cdac.in/vault/OpenCHAI/hpcsuite_registry/hostmachine_reg/x86_64/rocky9.6/openchai_base_v1.25.0.tgz "HTTP/1.1 200 OK"
2026-07-24 12:55:13,429 [INFO] httpx: HTTP Request: HEAD https://hpcsangrah-test.pune.cdac.in/vault/OpenCHAI/hpcsuite_registry/hostmachine_reg/x86_64/rocky9.6/openchai_hpc_addon_v1.25.0.tgz "HTTP/1.1 200 OK"
2026-07-24 12:55:13,430 [INFO] httpx: HTTP Request: HEAD https://hpcsangrah-test.pune.cdac.in/vault/OpenCHAI/hpcsuite_registry/hostmachine_reg/x86_64/rocky9.6/openchai_mldl_addon_v1.25.0.tgz "HTTP/1.1 200 OK"
2026-07-24 12:56:43,726 [INFO] routes.cluster_setup: Resolved inventory: /OpenCHAI_Project_Registry/OpenCHAI/OpenCHAI/automation/ansible/inventory/inventory_def.txt
2026-07-24 12:56:43,728 [INFO] services.ansible_runner: Normalized extra-vars: {'primary_nameserver': '{{ headnode_ip }}', 'fallback_dns': {'nameservers': ['10.208.192.11', '10.208.192.12'], 'search_domains': ['pune.cdac.in']}, 'nfs_rpm_dir': '{{ rpm_stack_path }}/nfs_rpms/', 'required_packages': ['nfs-utils', 'libnfsidmap', 'rpcbind'], 'nfs_client_packages': ['nfs-utils'], 'nfs_client_service': 'nfs-client.target', 'nfs_client_state': 'started', 'nfs_client_enabled': True, 'nfs_client_install_if_missing': True, 'nfs_mounts': [{'dest': '{{ rpm_stack_path }}', 'fstype': 'nfs', 'opts': 'ro,_netdev', 'src': '{{ headnode_ip }}:{{ rpm_stack_path }}'}, {'dest': '{{ configuration_dir_path }}', 'fstype': 'nfs', 'opts': 'rw,hard,intr,_netdev', 'src': '{{ headnode_ip }}:{{ configuration_dir_path }}'}, {'dest': '{{ bin_dir_path }}', 'fstype': 'nfs', 'opts': 'rw,hard,intr,_netdev', 'src': '{{ headnode_ip }}:{{ bin_dir_path }}'}], 'mounted_state': 'ephemeral'}
2026-07-24 12:56:43,728 [WARNING] services.ansible_runner: inventory_path provided but ignored. Using ansible.cfg default inventory.
2026-07-24 12:56:43,728 [WARNING] services.ansible_runner: SSH key not found: /root/.ssh/id_rsa
2026-07-24 12:56:43,729 [INFO] services.ansible_runner: Job 19c40753-3c84-4039-afae-b81973afb883 | cwd=/OpenCHAI_Project_Registry/OpenCHAI/OpenCHAI/automation/ansible | cmd=ansible-playbook /OpenCHAI_Project_Registry/OpenCHAI/OpenCHAI/cluster_setup/ha_server_setup/hpc_master/phase0.0_internet_client.yml --user root --extra-vars '{"primary_nameserver": "{{ headnode_ip }}", "fallback_dns": {"nameservers": ["10.208.192.11", "10.208.192.12"], "search_domains": ["pune.cdac.in"]}, "nfs_rpm_dir": "{{ rpm_stack_path }}/nfs_rpms/", "required_packages": ["nfs-utils", "libnfsidmap", "rpcbind"], "nfs_client_packages": ["nfs-utils"], "nfs_client_service": "nfs-client.target", "nfs_client_state": "started", "nfs_client_enabled": true, "nfs_client_install_if_missing": true, "nfs_mounts": [{"dest": "{{ rpm_stack_path }}", "fstype": "nfs", "opts": "ro,_netdev", "src": "{{ headnode_ip }}:{{ rpm_stack_path }}"}, {"dest": "{{ configuration_dir_path }}", "fstype": "nfs", "opts": "rw,hard,intr,_netdev", "src": "{{ headnode_ip }}:{{ configuration_dir_path }}"}, {"dest": "{{ bin_dir_path }}", "fstype": "nfs", "opts": "rw,hard,intr,_netdev", "src": "{{ headnode_ip }}:{{ bin_dir_path }}"}], "mounted_state": "ephemeral"}' --limit hpc-master01
2026-07-24 12:56:43,767 [INFO] routes.logs: WS client connected for job 19c40753-3c84-4039-afae-b81973afb883
2026-07-24 12:56:44,055 [INFO] routes.logs: WS client disconnected from job 19c40753-3c84-4039-afae-b81973afb883
2026-07-24 12:56:44,055 [INFO] routes.logs: WS session for job 19c40753-3c84-4039-afae-b81973afb883 closed
2026-07-24 12:56:44,174 [INFO] routes.logs: WS client connected for job 19c40753-3c84-4039-afae-b81973afb883
2026-07-24 12:57:06,739 [INFO] services.ansible_runner: Job 19c40753-3c84-4039-afae-b81973afb883 finished rc=0 status=success
2026-07-24 12:57:06,740 [INFO] routes.logs: WS session for job 19c40753-3c84-4039-afae-b81973afb883 closed
2026-07-24 12:57:06,859 [INFO] routes.cluster_setup: Resolved inventory: /OpenCHAI_Project_Registry/OpenCHAI/OpenCHAI/automation/ansible/inventory/inventory_def.txt
2026-07-24 12:57:06,862 [INFO] services.ansible_runner: Normalized extra-vars: {'primary_nameserver': '{{ headnode_ip }}', 'fallback_dns': {'nameservers': ['10.208.192.11', '10.208.192.12'], 'search_domains': ['pune.cdac.in']}, 'nfs_rpm_dir': '{{ rpm_stack_path }}/nfs_rpms/', 'required_packages': ['nfs-utils', 'libnfsidmap', 'rpcbind'], 'nfs_client_packages': ['nfs-utils'], 'nfs_client_service': 'nfs-client.target', 'nfs_client_state': 'started', 'nfs_client_enabled': True, 'nfs_client_install_if_missing': True, 'nfs_mounts': [{'dest': '{{ rpm_stack_path }}', 'fstype': 'nfs', 'opts': 'ro,_netdev', 'src': '{{ headnode_ip }}:{{ rpm_stack_path }}'}, {'dest': '{{ configuration_dir_path }}', 'fstype': 'nfs', 'opts': 'rw,hard,intr,_netdev', 'src': '{{ headnode_ip }}:{{ configuration_dir_path }}'}, {'dest': '{{ bin_dir_path }}', 'fstype': 'nfs', 'opts': 'rw,hard,intr,_netdev', 'src': '{{ headnode_ip }}:{{ bin_dir_path }}'}], 'mounted_state': 'ephemeral'}
2026-07-24 12:57:06,862 [WARNING] services.ansible_runner: inventory_path provided but ignored. Using ansible.cfg default inventory.
2026-07-24 12:57:06,862 [WARNING] services.ansible_runner: SSH key not found: /root/.ssh/id_rsa
2026-07-24 12:57:06,863 [INFO] services.ansible_runner: Job 762e4696-05d2-449b-b75f-d15bfec4b743 | cwd=/OpenCHAI_Project_Registry/OpenCHAI/OpenCHAI/automation/ansible | cmd=ansible-playbook /OpenCHAI_Project_Registry/OpenCHAI/OpenCHAI/cluster_setup/ha_server_setup/hpc_master/phase1.5_nfs_client.yml --user root --extra-vars '{"primary_nameserver": "{{ headnode_ip }}", "fallback_dns": {"nameservers": ["10.208.192.11", "10.208.192.12"], "search_domains": ["pune.cdac.in"]}, "nfs_rpm_dir": "{{ rpm_stack_path }}/nfs_rpms/", "required_packages": ["nfs-utils", "libnfsidmap", "rpcbind"], "nfs_client_packages": ["nfs-utils"], "nfs_client_service": "nfs-client.target", "nfs_client_state": "started", "nfs_client_enabled": true, "nfs_client_install_if_missing": true, "nfs_mounts": [{"dest": "{{ rpm_stack_path }}", "fstype": "nfs", "opts": "ro,_netdev", "src": "{{ headnode_ip }}:{{ rpm_stack_path }}"}, {"dest": "{{ configuration_dir_path }}", "fstype": "nfs", "opts": "rw,hard,intr,_netdev", "src": "{{ headnode_ip }}:{{ configuration_dir_path }}"}, {"dest": "{{ bin_dir_path }}", "fstype": "nfs", "opts": "rw,hard,intr,_netdev", "src": "{{ headnode_ip }}:{{ bin_dir_path }}"}], "mounted_state": "ephemeral"}' --limit hpc-master01
2026-07-24 12:57:06,893 [INFO] routes.logs: WS client connected for job 19c40753-3c84-4039-afae-b81973afb883
2026-07-24 12:57:06,909 [INFO] routes.logs: WS client connected for job 762e4696-05d2-449b-b75f-d15bfec4b743
2026-07-24 12:57:16,126 [INFO] services.ansible_runner: Job 762e4696-05d2-449b-b75f-d15bfec4b743 finished rc=0 status=success
2026-07-24 12:57:16,126 [INFO] routes.logs: WS session for job 762e4696-05d2-449b-b75f-d15bfec4b743 closed
2026-07-24 14:52:34,061 [INFO] httpx: HTTP Request: GET https://hpcsangrah-test.pune.cdac.in/vault/OpenCHAI/hpcsuite_registry/hostmachine_reg/ "HTTP/1.1 200 OK"
2026-07-24 14:52:34,063 [INFO] httpx: HTTP Request: GET https://hpcsangrah-test.pune.cdac.in/vault/OpenCHAI/hpcsuite_registry/hostmachine_reg/ "HTTP/1.1 200 OK"
2026-07-24 14:52:42,969 [WARNING] services.inventory_cli_bridge: Could not read vault for password_set status: ansible-vault failed: ERROR! Decryption failed (no vault secrets were found that could decrypt) on /OpenCHAI_Project_Registry/OpenCHAI/OpenCHAI/automation/ansible/inventory/group_vars/all/vault.yml for /OpenCHAI_Project_Registry/OpenCHAI/OpenCHAI/automation/ansible/inventory/group_vars/all/vault.yml
2026-07-24 14:52:50,119 [INFO] httpx: HTTP Request: GET https://hpcsangrah-test.pune.cdac.in/vault/OpenCHAI/hpcsuite_registry/hostmachine_reg/ "HTTP/1.1 200 OK"
2026-07-24 14:52:50,125 [INFO] httpx: HTTP Request: GET https://hpcsangrah-test.pune.cdac.in/vault/OpenCHAI/hpcsuite_registry/hostmachine_reg/ "HTTP/1.1 200 OK"
2026-07-24 14:52:57,458 [INFO] httpx: HTTP Request: GET https://hpcsangrah-test.pune.cdac.in/vault/OpenCHAI/hpcsuite_registry/hostmachine_reg/x86_64/ "HTTP/1.1 200 OK"
2026-07-24 14:52:59,481 [INFO] routes.chai_release: Listing versions for arch=x86_64 os_dist=rocky9.6 verify_ssl=None
2026-07-24 14:52:59,481 [INFO] services.chai_release_service: Fetching versions from: https://hpcsangrah-test.pune.cdac.in/vault/OpenCHAI/hpcsuite_registry/hostmachine_reg/x86_64/rocky9.6/
2026-07-24 14:52:59,507 [INFO] httpx: HTTP Request: GET https://hpcsangrah-test.pune.cdac.in/vault/OpenCHAI/hpcsuite_registry/hostmachine_reg/x86_64/rocky9.6/ "HTTP/1.1 200 OK"
2026-07-24 14:52:59,539 [INFO] httpx: HTTP Request: HEAD https://hpcsangrah-test.pune.cdac.in/vault/OpenCHAI/hpcsuite_registry/hostmachine_reg/x86_64/rocky9.6/openchai_ha_full_v1.25.0.tgz "HTTP/1.1 200 OK"
2026-07-24 14:52:59,540 [INFO] httpx: HTTP Request: HEAD https://hpcsangrah-test.pune.cdac.in/vault/OpenCHAI/hpcsuite_registry/hostmachine_reg/x86_64/rocky9.6/openchai_base_v1.25.0.tgz "HTTP/1.1 200 OK"
2026-07-24 14:52:59,541 [INFO] httpx: HTTP Request: HEAD https://hpcsangrah-test.pune.cdac.in/vault/OpenCHAI/hpcsuite_registry/hostmachine_reg/x86_64/rocky9.6/openchai_hpc_addon_v1.25.0.tgz "HTTP/1.1 200 OK"
2026-07-24 14:52:59,543 [INFO] httpx: HTTP Request: HEAD https://hpcsangrah-test.pune.cdac.in/vault/OpenCHAI/hpcsuite_registry/hostmachine_reg/x86_64/rocky9.6/openchai_mldl_addon_v1.25.0.tgz "HTTP/1.1 200 OK"
2026-07-24 14:52:59,546 [INFO] httpx: HTTP Request: HEAD https://hpcsangrah-test.pune.cdac.in/vault/OpenCHAI/hpcsuite_registry/hostmachine_reg/x86_64/rocky9.6/openchai_sm_v1.25.0.tgz "HTTP/1.1 200 OK"
2026-07-24 14:55:32,986 [INFO] routes.cluster_setup: Resolved inventory: /OpenCHAI_Project_Registry/OpenCHAI/OpenCHAI/automation/ansible/inventory/inventory_def.txt
2026-07-24 14:55:32,988 [INFO] services.ansible_runner: Normalized extra-vars: {'primary_nameserver': '{{ headnode_ip }}', 'fallback_dns': {'nameservers': ['10.208.192.11', '10.208.192.12'], 'search_domains': ['pune.cdac.in']}, 'nfs_rpm_dir': '{{ rpm_stack_path }}/nfs_rpms/', 'required_packages': ['nfs-utils', 'libnfsidmap', 'rpcbind'], 'nfs_client_packages': ['nfs-utils'], 'nfs_client_service': 'nfs-client.target', 'nfs_client_state': 'started', 'nfs_client_enabled': True, 'nfs_client_install_if_missing': True, 'nfs_mounts': [{'dest': '{{ rpm_stack_path }}', 'fstype': 'nfs', 'opts': 'ro,_netdev', 'src': '{{ headnode_ip }}:{{ rpm_stack_path }}'}, {'dest': '{{ configuration_dir_path }}', 'fstype': 'nfs', 'opts': 'rw,hard,intr,_netdev', 'src': '{{ headnode_ip }}:{{ configuration_dir_path }}'}, {'dest': '{{ bin_dir_path }}', 'fstype': 'nfs', 'opts': 'rw,hard,intr,_netdev', 'src': '{{ headnode_ip }}:{{ bin_dir_path }}'}], 'mounted_state': 'ephemeral', 'fw_service_name': 'firewalld', 'fw_service_state': 'stopped', 'fw_service_enabled': False, 'fw_install_if_missing': True}
2026-07-24 14:55:32,988 [WARNING] services.ansible_runner: inventory_path provided but ignored. Using ansible.cfg default inventory.
2026-07-24 14:55:32,988 [WARNING] services.ansible_runner: SSH key not found: /root/.ssh/id_rsa
2026-07-24 14:55:32,989 [INFO] services.ansible_runner: Job d867ff7a-3f85-4f6b-966c-927d85892d9c | cwd=/OpenCHAI_Project_Registry/OpenCHAI/OpenCHAI/automation/ansible | cmd=ansible-playbook /OpenCHAI_Project_Registry/OpenCHAI/OpenCHAI/cluster_setup/ha_server_setup/hpc_master/phase0.0_internet_client.yml --user root --extra-vars '{"primary_nameserver": "{{ headnode_ip }}", "fallback_dns": {"nameservers": ["10.208.192.11", "10.208.192.12"], "search_domains": ["pune.cdac.in"]}, "nfs_rpm_dir": "{{ rpm_stack_path }}/nfs_rpms/", "required_packages": ["nfs-utils", "libnfsidmap", "rpcbind"], "nfs_client_packages": ["nfs-utils"], "nfs_client_service": "nfs-client.target", "nfs_client_state": "started", "nfs_client_enabled": true, "nfs_client_install_if_missing": true, "nfs_mounts": [{"dest": "{{ rpm_stack_path }}", "fstype": "nfs", "opts": "ro,_netdev", "src": "{{ headnode_ip }}:{{ rpm_stack_path }}"}, {"dest": "{{ configuration_dir_path }}", "fstype": "nfs", "opts": "rw,hard,intr,_netdev", "src": "{{ headnode_ip }}:{{ configuration_dir_path }}"}, {"dest": "{{ bin_dir_path }}", "fstype": "nfs", "opts": "rw,hard,intr,_netdev", "src": "{{ headnode_ip }}:{{ bin_dir_path }}"}], "mounted_state": "ephemeral", "fw_service_name": "firewalld", "fw_service_state": "stopped", "fw_service_enabled": false, "fw_install_if_missing": true}' --limit hpc-master01
2026-07-24 14:55:33,019 [INFO] routes.logs: WS client connected for job d867ff7a-3f85-4f6b-966c-927d85892d9c
2026-07-24 14:55:33,310 [INFO] routes.logs: WS client disconnected from job d867ff7a-3f85-4f6b-966c-927d85892d9c
2026-07-24 14:55:33,310 [INFO] routes.logs: WS session for job d867ff7a-3f85-4f6b-966c-927d85892d9c closed
2026-07-24 14:55:33,388 [INFO] routes.logs: WS client connected for job d867ff7a-3f85-4f6b-966c-927d85892d9c
2026-07-24 14:55:56,992 [INFO] services.ansible_runner: Job d867ff7a-3f85-4f6b-966c-927d85892d9c finished rc=0 status=success
2026-07-24 14:55:56,993 [INFO] routes.logs: WS session for job d867ff7a-3f85-4f6b-966c-927d85892d9c closed
2026-07-24 14:55:57,759 [INFO] routes.cluster_setup: Resolved inventory: /OpenCHAI_Project_Registry/OpenCHAI/OpenCHAI/automation/ansible/inventory/inventory_def.txt
2026-07-24 14:55:57,761 [INFO] services.ansible_runner: Normalized extra-vars: {'primary_nameserver': '{{ headnode_ip }}', 'fallback_dns': {'nameservers': ['10.208.192.11', '10.208.192.12'], 'search_domains': ['pune.cdac.in']}, 'nfs_rpm_dir': '{{ rpm_stack_path }}/nfs_rpms/', 'required_packages': ['nfs-utils', 'libnfsidmap', 'rpcbind'], 'nfs_client_packages': ['nfs-utils'], 'nfs_client_service': 'nfs-client.target', 'nfs_client_state': 'started', 'nfs_client_enabled': True, 'nfs_client_install_if_missing': True, 'nfs_mounts': [{'dest': '{{ rpm_stack_path }}', 'fstype': 'nfs', 'opts': 'ro,_netdev', 'src': '{{ headnode_ip }}:{{ rpm_stack_path }}'}, {'dest': '{{ configuration_dir_path }}', 'fstype': 'nfs', 'opts': 'rw,hard,intr,_netdev', 'src': '{{ headnode_ip }}:{{ configuration_dir_path }}'}, {'dest': '{{ bin_dir_path }}', 'fstype': 'nfs', 'opts': 'rw,hard,intr,_netdev', 'src': '{{ headnode_ip }}:{{ bin_dir_path }}'}], 'mounted_state': 'ephemeral', 'fw_service_name': 'firewalld', 'fw_service_state': 'stopped', 'fw_service_enabled': False, 'fw_install_if_missing': True}
2026-07-24 14:55:57,761 [WARNING] services.ansible_runner: inventory_path provided but ignored. Using ansible.cfg default inventory.
2026-07-24 14:55:57,761 [WARNING] services.ansible_runner: SSH key not found: /root/.ssh/id_rsa
2026-07-24 14:55:57,762 [INFO] services.ansible_runner: Job a1a8c29f-da7a-4f72-8d22-91e7e9ef7163 | cwd=/OpenCHAI_Project_Registry/OpenCHAI/OpenCHAI/automation/ansible | cmd=ansible-playbook /OpenCHAI_Project_Registry/OpenCHAI/OpenCHAI/cluster_setup/ha_server_setup/hpc_master/phase1.5_nfs_client.yml --user root --extra-vars '{"primary_nameserver": "{{ headnode_ip }}", "fallback_dns": {"nameservers": ["10.208.192.11", "10.208.192.12"], "search_domains": ["pune.cdac.in"]}, "nfs_rpm_dir": "{{ rpm_stack_path }}/nfs_rpms/", "required_packages": ["nfs-utils", "libnfsidmap", "rpcbind"], "nfs_client_packages": ["nfs-utils"], "nfs_client_service": "nfs-client.target", "nfs_client_state": "started", "nfs_client_enabled": true, "nfs_client_install_if_missing": true, "nfs_mounts": [{"dest": "{{ rpm_stack_path }}", "fstype": "nfs", "opts": "ro,_netdev", "src": "{{ headnode_ip }}:{{ rpm_stack_path }}"}, {"dest": "{{ configuration_dir_path }}", "fstype": "nfs", "opts": "rw,hard,intr,_netdev", "src": "{{ headnode_ip }}:{{ configuration_dir_path }}"}, {"dest": "{{ bin_dir_path }}", "fstype": "nfs", "opts": "rw,hard,intr,_netdev", "src": "{{ headnode_ip }}:{{ bin_dir_path }}"}], "mounted_state": "ephemeral", "fw_service_name": "firewalld", "fw_service_state": "stopped", "fw_service_enabled": false, "fw_install_if_missing": true}' --limit hpc-master01
2026-07-24 14:55:57,791 [INFO] routes.logs: WS client connected for job d867ff7a-3f85-4f6b-966c-927d85892d9c
2026-07-24 14:55:57,806 [INFO] routes.logs: WS client connected for job a1a8c29f-da7a-4f72-8d22-91e7e9ef7163
2026-07-24 14:56:07,363 [INFO] services.ansible_runner: Job a1a8c29f-da7a-4f72-8d22-91e7e9ef7163 finished rc=0 status=success
2026-07-24 14:56:07,364 [INFO] routes.logs: WS session for job a1a8c29f-da7a-4f72-8d22-91e7e9ef7163 closed
2026-07-24 14:57:26,010 [INFO] routes.cluster_setup: Resolved inventory: /OpenCHAI_Project_Registry/OpenCHAI/OpenCHAI/automation/ansible/inventory/inventory_def.txt
2026-07-24 14:57:26,012 [INFO] services.ansible_runner: Normalized extra-vars: {'primary_nameserver': '{{ headnode_ip }}', 'fallback_dns': {'nameservers': ['10.208.192.11', '10.208.192.12'], 'search_domains': ['pune.cdac.in']}, 'nfs_rpm_dir': '{{ rpm_stack_path }}/nfs_rpms/', 'required_packages': ['nfs-utils', 'libnfsidmap', 'rpcbind'], 'nfs_client_packages': ['nfs-utils'], 'nfs_client_service': 'nfs-client.target', 'nfs_client_state': 'started', 'nfs_client_enabled': True, 'nfs_client_install_if_missing': True, 'nfs_mounts': [{'dest': '{{ rpm_stack_path }}', 'fstype': 'nfs', 'opts': 'ro,_netdev', 'src': '{{ headnode_ip }}:{{ rpm_stack_path }}'}, {'dest': '{{ configuration_dir_path }}', 'fstype': 'nfs', 'opts': 'rw,hard,intr,_netdev', 'src': '{{ headnode_ip }}:{{ configuration_dir_path }}'}, {'dest': '{{ bin_dir_path }}', 'fstype': 'nfs', 'opts': 'rw,hard,intr,_netdev', 'src': '{{ headnode_ip }}:{{ bin_dir_path }}'}], 'mounted_state': 'ephemeral'}
2026-07-24 14:57:26,012 [WARNING] services.ansible_runner: inventory_path provided but ignored. Using ansible.cfg default inventory.
2026-07-24 14:57:26,012 [WARNING] services.ansible_runner: SSH key not found: /root/.ssh/id_rsa
2026-07-24 14:57:26,013 [INFO] services.ansible_runner: Job 5bbe0091-6793-4865-a029-8f538c10f6b3 | cwd=/OpenCHAI_Project_Registry/OpenCHAI/OpenCHAI/automation/ansible | cmd=ansible-playbook /OpenCHAI_Project_Registry/OpenCHAI/OpenCHAI/cluster_setup/ha_server_setup/hpc_master/phase0.0_internet_client.yml --user root --extra-vars '{"primary_nameserver": "{{ headnode_ip }}", "fallback_dns": {"nameservers": ["10.208.192.11", "10.208.192.12"], "search_domains": ["pune.cdac.in"]}, "nfs_rpm_dir": "{{ rpm_stack_path }}/nfs_rpms/", "required_packages": ["nfs-utils", "libnfsidmap", "rpcbind"], "nfs_client_packages": ["nfs-utils"], "nfs_client_service": "nfs-client.target", "nfs_client_state": "started", "nfs_client_enabled": true, "nfs_client_install_if_missing": true, "nfs_mounts": [{"dest": "{{ rpm_stack_path }}", "fstype": "nfs", "opts": "ro,_netdev", "src": "{{ headnode_ip }}:{{ rpm_stack_path }}"}, {"dest": "{{ configuration_dir_path }}", "fstype": "nfs", "opts": "rw,hard,intr,_netdev", "src": "{{ headnode_ip }}:{{ configuration_dir_path }}"}, {"dest": "{{ bin_dir_path }}", "fstype": "nfs", "opts": "rw,hard,intr,_netdev", "src": "{{ headnode_ip }}:{{ bin_dir_path }}"}], "mounted_state": "ephemeral"}' --limit hpc-master01
2026-07-24 14:57:26,040 [INFO] routes.logs: WS client connected for job 5bbe0091-6793-4865-a029-8f538c10f6b3
2026-07-24 14:57:26,336 [INFO] routes.logs: WS client disconnected from job 5bbe0091-6793-4865-a029-8f538c10f6b3
2026-07-24 14:57:26,336 [INFO] routes.logs: WS session for job 5bbe0091-6793-4865-a029-8f538c10f6b3 closed
2026-07-24 14:57:26,476 [INFO] routes.logs: WS client connected for job 5bbe0091-6793-4865-a029-8f538c10f6b3
2026-07-24 14:57:48,924 [INFO] services.ansible_runner: Job 5bbe0091-6793-4865-a029-8f538c10f6b3 finished rc=0 status=success
2026-07-24 14:57:48,925 [INFO] routes.logs: WS session for job 5bbe0091-6793-4865-a029-8f538c10f6b3 closed
2026-07-24 14:57:49,357 [INFO] routes.cluster_setup: Resolved inventory: /OpenCHAI_Project_Registry/OpenCHAI/OpenCHAI/automation/ansible/inventory/inventory_def.txt
2026-07-24 14:57:49,359 [INFO] services.ansible_runner: Normalized extra-vars: {'primary_nameserver': '{{ headnode_ip }}', 'fallback_dns': {'nameservers': ['10.208.192.11', '10.208.192.12'], 'search_domains': ['pune.cdac.in']}, 'nfs_rpm_dir': '{{ rpm_stack_path }}/nfs_rpms/', 'required_packages': ['nfs-utils', 'libnfsidmap', 'rpcbind'], 'nfs_client_packages': ['nfs-utils'], 'nfs_client_service': 'nfs-client.target', 'nfs_client_state': 'started', 'nfs_client_enabled': True, 'nfs_client_install_if_missing': True, 'nfs_mounts': [{'dest': '{{ rpm_stack_path }}', 'fstype': 'nfs', 'opts': 'ro,_netdev', 'src': '{{ headnode_ip }}:{{ rpm_stack_path }}'}, {'dest': '{{ configuration_dir_path }}', 'fstype': 'nfs', 'opts': 'rw,hard,intr,_netdev', 'src': '{{ headnode_ip }}:{{ configuration_dir_path }}'}, {'dest': '{{ bin_dir_path }}', 'fstype': 'nfs', 'opts': 'rw,hard,intr,_netdev', 'src': '{{ headnode_ip }}:{{ bin_dir_path }}'}], 'mounted_state': 'ephemeral'}
2026-07-24 14:57:49,360 [WARNING] services.ansible_runner: inventory_path provided but ignored. Using ansible.cfg default inventory.
2026-07-24 14:57:49,360 [WARNING] services.ansible_runner: SSH key not found: /root/.ssh/id_rsa
2026-07-24 14:57:49,360 [INFO] services.ansible_runner: Job bca178c8-36ef-4a64-a1c1-9dcc8b85764c | cwd=/OpenCHAI_Project_Registry/OpenCHAI/OpenCHAI/automation/ansible | cmd=ansible-playbook /OpenCHAI_Project_Registry/OpenCHAI/OpenCHAI/cluster_setup/ha_server_setup/hpc_master/phase1.5_nfs_client.yml --user root --extra-vars '{"primary_nameserver": "{{ headnode_ip }}", "fallback_dns": {"nameservers": ["10.208.192.11", "10.208.192.12"], "search_domains": ["pune.cdac.in"]}, "nfs_rpm_dir": "{{ rpm_stack_path }}/nfs_rpms/", "required_packages": ["nfs-utils", "libnfsidmap", "rpcbind"], "nfs_client_packages": ["nfs-utils"], "nfs_client_service": "nfs-client.target", "nfs_client_state": "started", "nfs_client_enabled": true, "nfs_client_install_if_missing": true, "nfs_mounts": [{"dest": "{{ rpm_stack_path }}", "fstype": "nfs", "opts": "ro,_netdev", "src": "{{ headnode_ip }}:{{ rpm_stack_path }}"}, {"dest": "{{ configuration_dir_path }}", "fstype": "nfs", "opts": "rw,hard,intr,_netdev", "src": "{{ headnode_ip }}:{{ configuration_dir_path }}"}, {"dest": "{{ bin_dir_path }}", "fstype": "nfs", "opts": "rw,hard,intr,_netdev", "src": "{{ headnode_ip }}:{{ bin_dir_path }}"}], "mounted_state": "ephemeral"}' --limit hpc-master01
2026-07-24 14:57:49,392 [INFO] routes.logs: WS client connected for job 5bbe0091-6793-4865-a029-8f538c10f6b3
2026-07-24 14:57:49,407 [INFO] routes.logs: WS client connected for job bca178c8-36ef-4a64-a1c1-9dcc8b85764c
2026-07-24 14:57:58,649 [INFO] services.ansible_runner: Job bca178c8-36ef-4a64-a1c1-9dcc8b85764c finished rc=0 status=success
2026-07-24 14:57:58,650 [INFO] routes.logs: WS session for job bca178c8-36ef-4a64-a1c1-9dcc8b85764c closed
2026-07-24 14:58:49,579 [INFO] services.chai_release_service: Registry auth store updated (type=basic)
2026-07-24 14:58:49,602 [INFO] httpx: HTTP Request: GET https://hpcsangrah-test.pune.cdac.in/vault/OpenCHAI/hpcsuite_registry/hostmachine_reg/ "HTTP/1.1 200 OK"
2026-07-24 14:58:49,604 [INFO] routes.chai_release: Registry auth VALIDATED via /auth endpoint (type=basic)
2026-07-24 14:58:49,649 [INFO] httpx: HTTP Request: GET https://hpcsangrah-test.pune.cdac.in/vault/OpenCHAI/hpcsuite_registry/hostmachine_reg/ "HTTP/1.1 200 OK"
2026-07-24 14:58:53,205 [INFO] httpx: HTTP Request: GET https://hpcsangrah-test.pune.cdac.in/vault/OpenCHAI/hpcsuite_registry/hostmachine_reg/x86_64/ "HTTP/1.1 200 OK"
2026-07-24 14:58:54,576 [INFO] routes.chai_release: Listing versions for arch=x86_64 os_dist=rocky9.6 verify_ssl=None
2026-07-24 14:58:54,576 [INFO] services.chai_release_service: Fetching versions from: https://hpcsangrah-test.pune.cdac.in/vault/OpenCHAI/hpcsuite_registry/hostmachine_reg/x86_64/rocky9.6/
2026-07-24 14:58:54,597 [INFO] httpx: HTTP Request: GET https://hpcsangrah-test.pune.cdac.in/vault/OpenCHAI/hpcsuite_registry/hostmachine_reg/x86_64/rocky9.6/ "HTTP/1.1 200 OK"
2026-07-24 14:58:54,634 [INFO] httpx: HTTP Request: HEAD https://hpcsangrah-test.pune.cdac.in/vault/OpenCHAI/hpcsuite_registry/hostmachine_reg/x86_64/rocky9.6/openchai_base_v1.25.0.tgz "HTTP/1.1 200 OK"
2026-07-24 14:58:54,636 [INFO] httpx: HTTP Request: HEAD https://hpcsangrah-test.pune.cdac.in/vault/OpenCHAI/hpcsuite_registry/hostmachine_reg/x86_64/rocky9.6/openchai_hpc_addon_v1.25.0.tgz "HTTP/1.1 200 OK"
2026-07-24 14:58:54,638 [INFO] httpx: HTTP Request: HEAD https://hpcsangrah-test.pune.cdac.in/vault/OpenCHAI/hpcsuite_registry/hostmachine_reg/x86_64/rocky9.6/openchai_mldl_addon_v1.25.0.tgz "HTTP/1.1 200 OK"
2026-07-24 14:58:54,641 [INFO] httpx: HTTP Request: HEAD https://hpcsangrah-test.pune.cdac.in/vault/OpenCHAI/hpcsuite_registry/hostmachine_reg/x86_64/rocky9.6/openchai_sm_v1.25.0.tgz "HTTP/1.1 200 OK"
2026-07-24 14:58:54,642 [INFO] httpx: HTTP Request: HEAD https://hpcsangrah-test.pune.cdac.in/vault/OpenCHAI/hpcsuite_registry/hostmachine_reg/x86_64/rocky9.6/openchai_ha_full_v1.25.0.tgz "HTTP/1.1 200 OK"
2026-07-24 15:00:11,646 [INFO] routes.chai_release: Listing versions for arch=x86_64 os_dist=rocky9.6 verify_ssl=None
2026-07-24 15:00:11,646 [INFO] services.chai_release_service: Fetching versions from: https://hpcsangrah-test.pune.cdac.in/vault/OpenCHAI/hpcsuite_registry/hostmachine_reg/x86_64/rocky9.6/
2026-07-24 15:00:11,658 [INFO] routes.chai_release: Listing versions for arch=x86_64 os_dist=rocky9.6 verify_ssl=None
2026-07-24 15:00:11,658 [INFO] services.chai_release_service: Fetching versions from: https://hpcsangrah-test.pune.cdac.in/vault/OpenCHAI/hpcsuite_registry/hostmachine_reg/x86_64/rocky9.6/
2026-07-24 15:00:11,686 [INFO] httpx: HTTP Request: GET https://hpcsangrah-test.pune.cdac.in/vault/OpenCHAI/hpcsuite_registry/hostmachine_reg/ "HTTP/1.1 200 OK"
2026-07-24 15:00:11,687 [INFO] httpx: HTTP Request: GET https://hpcsangrah-test.pune.cdac.in/vault/OpenCHAI/hpcsuite_registry/hostmachine_reg/x86_64/ "HTTP/1.1 200 OK"
2026-07-24 15:00:11,689 [INFO] httpx: HTTP Request: GET https://hpcsangrah-test.pune.cdac.in/vault/OpenCHAI/hpcsuite_registry/hostmachine_reg/x86_64/rocky9.6/ "HTTP/1.1 200 OK"
2026-07-24 15:00:11,690 [INFO] httpx: HTTP Request: GET https://hpcsangrah-test.pune.cdac.in/vault/OpenCHAI/hpcsuite_registry/hostmachine_reg/x86_64/rocky9.6/ "HTTP/1.1 200 OK"
2026-07-24 15:00:11,692 [INFO] httpx: HTTP Request: GET https://hpcsangrah-test.pune.cdac.in/vault/OpenCHAI/hpcsuite_registry/hostmachine_reg/ "HTTP/1.1 200 OK"
2026-07-24 15:00:11,694 [INFO] httpx: HTTP Request: GET https://hpcsangrah-test.pune.cdac.in/vault/OpenCHAI/hpcsuite_registry/hostmachine_reg/x86_64/ "HTTP/1.1 200 OK"
2026-07-24 15:00:11,725 [INFO] httpx: HTTP Request: HEAD https://hpcsangrah-test.pune.cdac.in/vault/OpenCHAI/hpcsuite_registry/hostmachine_reg/x86_64/rocky9.6/openchai_ha_full_v1.25.0.tgz "HTTP/1.1 200 OK"
2026-07-24 15:00:11,725 [INFO] httpx: HTTP Request: HEAD https://hpcsangrah-test.pune.cdac.in/vault/OpenCHAI/hpcsuite_registry/hostmachine_reg/x86_64/rocky9.6/openchai_base_v1.25.0.tgz "HTTP/1.1 200 OK"
2026-07-24 15:00:11,728 [INFO] httpx: HTTP Request: HEAD https://hpcsangrah-test.pune.cdac.in/vault/OpenCHAI/hpcsuite_registry/hostmachine_reg/x86_64/rocky9.6/openchai_hpc_addon_v1.25.0.tgz "HTTP/1.1 200 OK"
2026-07-24 15:00:11,729 [INFO] httpx: HTTP Request: HEAD https://hpcsangrah-test.pune.cdac.in/vault/OpenCHAI/hpcsuite_registry/hostmachine_reg/x86_64/rocky9.6/openchai_mldl_addon_v1.25.0.tgz "HTTP/1.1 200 OK"
2026-07-24 15:00:11,730 [INFO] httpx: HTTP Request: HEAD https://hpcsangrah-test.pune.cdac.in/vault/OpenCHAI/hpcsuite_registry/hostmachine_reg/x86_64/rocky9.6/openchai_base_v1.25.0.tgz "HTTP/1.1 200 OK"
2026-07-24 15:00:11,731 [INFO] httpx: HTTP Request: HEAD https://hpcsangrah-test.pune.cdac.in/vault/OpenCHAI/hpcsuite_registry/hostmachine_reg/x86_64/rocky9.6/openchai_sm_v1.25.0.tgz "HTTP/1.1 200 OK"
2026-07-24 15:00:11,732 [INFO] httpx: HTTP Request: HEAD https://hpcsangrah-test.pune.cdac.in/vault/OpenCHAI/hpcsuite_registry/hostmachine_reg/x86_64/rocky9.6/openchai_ha_full_v1.25.0.tgz "HTTP/1.1 200 OK"
2026-07-24 15:00:11,733 [INFO] httpx: HTTP Request: HEAD https://hpcsangrah-test.pune.cdac.in/vault/OpenCHAI/hpcsuite_registry/hostmachine_reg/x86_64/rocky9.6/openchai_hpc_addon_v1.25.0.tgz "HTTP/1.1 200 OK"
2026-07-24 15:00:11,734 [INFO] httpx: HTTP Request: HEAD https://hpcsangrah-test.pune.cdac.in/vault/OpenCHAI/hpcsuite_registry/hostmachine_reg/x86_64/rocky9.6/openchai_mldl_addon_v1.25.0.tgz "HTTP/1.1 200 OK"
2026-07-24 15:00:11,734 [INFO] httpx: HTTP Request: HEAD https://hpcsangrah-test.pune.cdac.in/vault/OpenCHAI/hpcsuite_registry/hostmachine_reg/x86_64/rocky9.6/openchai_sm_v1.25.0.tgz "HTTP/1.1 200 OK"
2026-07-24 15:00:16,065 [INFO] httpx: HTTP Request: GET https://hpcsangrah-test.pune.cdac.in/vault/OpenCHAI/hpcsuite_registry/hostmachine_reg/x86_64/ "HTTP/1.1 200 OK"
2026-07-24 15:00:18,007 [INFO] routes.chai_release: Listing versions for arch=x86_64 os_dist=rocky9.6 verify_ssl=None
2026-07-24 15:00:18,007 [INFO] services.chai_release_service: Fetching versions from: https://hpcsangrah-test.pune.cdac.in/vault/OpenCHAI/hpcsuite_registry/hostmachine_reg/x86_64/rocky9.6/
2026-07-24 15:00:18,029 [INFO] httpx: HTTP Request: GET https://hpcsangrah-test.pune.cdac.in/vault/OpenCHAI/hpcsuite_registry/hostmachine_reg/x86_64/rocky9.6/ "HTTP/1.1 200 OK"
2026-07-24 15:00:18,068 [INFO] httpx: HTTP Request: HEAD https://hpcsangrah-test.pune.cdac.in/vault/OpenCHAI/hpcsuite_registry/hostmachine_reg/x86_64/rocky9.6/openchai_mldl_addon_v1.25.0.tgz "HTTP/1.1 200 OK"
2026-07-24 15:00:18,070 [INFO] httpx: HTTP Request: HEAD https://hpcsangrah-test.pune.cdac.in/vault/OpenCHAI/hpcsuite_registry/hostmachine_reg/x86_64/rocky9.6/openchai_hpc_addon_v1.25.0.tgz "HTTP/1.1 200 OK"
2026-07-24 15:00:18,072 [INFO] httpx: HTTP Request: HEAD https://hpcsangrah-test.pune.cdac.in/vault/OpenCHAI/hpcsuite_registry/hostmachine_reg/x86_64/rocky9.6/openchai_base_v1.25.0.tgz "HTTP/1.1 200 OK"
2026-07-24 15:00:18,076 [INFO] httpx: HTTP Request: HEAD https://hpcsangrah-test.pune.cdac.in/vault/OpenCHAI/hpcsuite_registry/hostmachine_reg/x86_64/rocky9.6/openchai_ha_full_v1.25.0.tgz "HTTP/1.1 200 OK"
2026-07-24 15:00:18,077 [INFO] httpx: HTTP Request: HEAD https://hpcsangrah-test.pune.cdac.in/vault/OpenCHAI/hpcsuite_registry/hostmachine_reg/x86_64/rocky9.6/openchai_sm_v1.25.0.tgz "HTTP/1.1 200 OK"
2026-07-24 15:01:23,378 [INFO] openchai_gui: OpenCHAI GUI backend stopped (uptime 7777.7s)
2026-07-24 15:20:46,726 [INFO] services.state_manager: No existing state file — starting fresh.
2026-07-24 15:20:46,943 [INFO] openchai_gui: ============================================================
2026-07-24 15:20:46,943 [INFO] openchai_gui:   OpenCHAI GUI Backend starting
2026-07-24 15:20:46,943 [INFO] openchai_gui:   Python   : 3.9.25
2026-07-24 15:20:46,943 [INFO] openchai_gui:   Root     : /OpenCHAI_Project_Registry/OpenCHAI/OpenCHAI
2026-07-24 15:20:46,943 [INFO] openchai_gui:   Ansible  : /OpenCHAI_Project_Registry/OpenCHAI/OpenCHAI/automation/ansible
2026-07-24 15:20:46,943 [INFO] openchai_gui:   Routers  : 15 loaded
2026-07-24 15:20:46,943 [INFO] openchai_gui: ============================================================
2026-07-24 15:20:46,944 [INFO] openchai_gui.config: ───────────────────────────────────────────────────────
2026-07-24 15:20:46,944 [INFO] openchai_gui.config:   OpenCHAI GUI — Path Validation
2026-07-24 15:20:46,944 [INFO] openchai_gui.config: ───────────────────────────────────────────────────────
2026-07-24 15:20:46,944 [INFO] openchai_gui.config:   ✅  OPENCHAI_ROOT          /OpenCHAI_Project_Registry/OpenCHAI/OpenCHAI
2026-07-24 15:20:46,944 [INFO] openchai_gui.config:   ✅  ANSIBLE_DIR            /OpenCHAI_Project_Registry/OpenCHAI/OpenCHAI/automation/ansible
2026-07-24 15:20:46,944 [INFO] openchai_gui.config:   ✅  PLAYBOOK_LIBRARY       /OpenCHAI_Project_Registry/OpenCHAI/OpenCHAI/automation/ansible/playbook_library
2026-07-24 15:20:46,944 [WARNING] openchai_gui.config:   ⚠️   INVENTORY_PATH         /OpenCHAI_Project_Registry/OpenCHAI/OpenCHAI/automation/ansible/inventory/hosts.ini  (will be created when needed)
2026-07-24 15:20:46,944 [INFO] openchai_gui.config:   ✅  GROUP_VARS_DIR         /OpenCHAI_Project_Registry/OpenCHAI/OpenCHAI/automation/ansible/group_vars
2026-07-24 15:20:46,944 [INFO] openchai_gui.config:   ✅  ANSIBLE_CFG            /OpenCHAI_Project_Registry/OpenCHAI/OpenCHAI/automation/ansible/ansible.cfg
2026-07-24 15:20:46,944 [WARNING] openchai_gui.config:   ⚠️   SSH_KEY                /root/.ssh/id_rsa  (will be created when needed)
2026-07-24 15:20:46,944 [INFO] openchai_gui.config:   ✅  HOST_VARS_DIR          /OpenCHAI_Project_Registry/OpenCHAI/OpenCHAI/automation/ansible/inventory/host_vars
2026-07-24 15:20:46,944 [INFO] openchai_gui.config:   ✅  VAULT_PASSWORD_FILE    /OpenCHAI_Project_Registry/OpenCHAI/OpenCHAI/automation/ansible/.vault_pass
2026-07-24 15:20:46,944 [INFO] openchai_gui.config: ───────────────────────────────────────────────────────
2026-07-24 15:20:46,944 [WARNING] services.vault_service: ansible.cfg's vault_password_file does not match /OpenCHAI_Project_Registry/OpenCHAI/OpenCHAI/automation/ansible/.vault_pass (the path this GUI uses to encrypt node passwords). Playbook runs may fail to decrypt host_vars credentials written by the GUI until these are aligned.
2026-07-24 15:20:46,946 [INFO] services.inventory_cli_bridge: Inventory bridge OK — using /OpenCHAI_Project_Registry/OpenCHAI/OpenCHAI/automation/ansible/inventory.py (inventory_file=/OpenCHAI_Project_Registry/OpenCHAI/OpenCHAI/automation/ansible/inventory/inventory_def.txt)
2026-07-24 15:21:02,277 [INFO] routes.auth: Login OK: user='root' role='admin' groups=['root', 'openchai-admins'] ip=127.0.0.1
2026-07-24 15:22:11,147 [WARNING] inventory: Vault password file /OpenCHAI_Project_Registry/OpenCHAI/OpenCHAI/automation/ansible/.vault_pass has loose permissions (644). Recommended: chmod 600.
2026-07-24 15:22:15,404 [WARNING] services.inventory_cli_bridge: Could not read vault for password_set status: ansible-vault failed: ERROR! Decryption failed (no vault secrets were found that could decrypt) on /OpenCHAI_Project_Registry/OpenCHAI/OpenCHAI/automation/ansible/inventory/group_vars/all/vault.yml for /OpenCHAI_Project_Registry/OpenCHAI/OpenCHAI/automation/ansible/inventory/group_vars/all/vault.yml
2026-07-24 15:22:45,480 [WARNING] services.inventory_cli_bridge: Could not read vault for password_set status: ansible-vault timed out after 30 seconds
2026-07-24 15:22:48,754 [WARNING] services.inventory_cli_bridge: Could not decrypt vault password for 'headnode': ansible-vault failed: ERROR! Decryption failed (no vault secrets were found that could decrypt) on /OpenCHAI_Project_Registry/OpenCHAI/OpenCHAI/automation/ansible/inventory/group_vars/all/vault.yml for /OpenCHAI_Project_Registry/OpenCHAI/OpenCHAI/automation/ansible/inventory/group_vars/all/vault.yml
2026-07-24 15:23:10,308 [INFO] services.chai_release_service: Registry auth store updated (type=basic)
2026-07-24 15:23:10,342 [INFO] httpx: HTTP Request: GET https://hpcsangrah-test.pune.cdac.in/vault/OpenCHAI/hpcsuite_registry/hostmachine_reg/ "HTTP/1.1 200 OK"
2026-07-24 15:23:10,344 [INFO] routes.chai_release: Registry auth VALIDATED via /auth endpoint (type=basic)
2026-07-24 15:23:10,634 [INFO] httpx: HTTP Request: GET https://hpcsangrah-test.pune.cdac.in/vault/OpenCHAI/hpcsuite_registry/hostmachine_reg/ "HTTP/1.1 200 OK"
2026-07-24 15:23:19,338 [INFO] httpx: HTTP Request: GET https://hpcsangrah-test.pune.cdac.in/vault/OpenCHAI/hpcsuite_registry/hostmachine_reg/x86_64/ "HTTP/1.1 200 OK"
2026-07-24 15:23:21,546 [INFO] routes.chai_release: Listing versions for arch=x86_64 os_dist=rocky9.6 verify_ssl=None
2026-07-24 15:23:21,547 [INFO] services.chai_release_service: Fetching versions from: https://hpcsangrah-test.pune.cdac.in/vault/OpenCHAI/hpcsuite_registry/hostmachine_reg/x86_64/rocky9.6/
2026-07-24 15:23:21,568 [INFO] httpx: HTTP Request: GET https://hpcsangrah-test.pune.cdac.in/vault/OpenCHAI/hpcsuite_registry/hostmachine_reg/x86_64/rocky9.6/ "HTTP/1.1 200 OK"
2026-07-24 15:23:21,597 [INFO] httpx: HTTP Request: HEAD https://hpcsangrah-test.pune.cdac.in/vault/OpenCHAI/hpcsuite_registry/hostmachine_reg/x86_64/rocky9.6/openchai_base_v1.25.0.tgz "HTTP/1.1 200 OK"
2026-07-24 15:23:21,600 [INFO] httpx: HTTP Request: HEAD https://hpcsangrah-test.pune.cdac.in/vault/OpenCHAI/hpcsuite_registry/hostmachine_reg/x86_64/rocky9.6/openchai_ha_full_v1.25.0.tgz "HTTP/1.1 200 OK"
2026-07-24 15:23:21,603 [INFO] httpx: HTTP Request: HEAD https://hpcsangrah-test.pune.cdac.in/vault/OpenCHAI/hpcsuite_registry/hostmachine_reg/x86_64/rocky9.6/openchai_sm_v1.25.0.tgz "HTTP/1.1 200 OK"
2026-07-24 15:23:21,608 [INFO] httpx: HTTP Request: HEAD https://hpcsangrah-test.pune.cdac.in/vault/OpenCHAI/hpcsuite_registry/hostmachine_reg/x86_64/rocky9.6/openchai_hpc_addon_v1.25.0.tgz "HTTP/1.1 200 OK"
2026-07-24 15:23:21,609 [INFO] httpx: HTTP Request: HEAD https://hpcsangrah-test.pune.cdac.in/vault/OpenCHAI/hpcsuite_registry/hostmachine_reg/x86_64/rocky9.6/openchai_mldl_addon_v1.25.0.tgz "HTTP/1.1 200 OK"
2026-07-24 15:24:10,428 [INFO] routes.chai_release: Listing releases for arch=x86_64 os_dist=rocky9.6 version=openchai_hpc_addon_v1.25.0
2026-07-24 15:24:10,429 [INFO] services.chai_release_service: Fetching releases from: https://hpcsangrah-test.pune.cdac.in/vault/OpenCHAI/hpcsuite_registry/hostmachine_reg/x86_64/rocky9.6/openchai_hpc_addon_v1.25.0/
2026-07-24 15:24:10,450 [INFO] httpx: HTTP Request: GET https://hpcsangrah-test.pune.cdac.in/vault/OpenCHAI/hpcsuite_registry/hostmachine_reg/x86_64/rocky9.6/openchai_hpc_addon_v1.25.0/ "HTTP/1.1 404 Not Found"
2026-07-24 15:24:10,452 [WARNING] services.chai_release_service: HTTP 404 fetching https://hpcsangrah-test.pune.cdac.in/vault/OpenCHAI/hpcsuite_registry/hostmachine_reg/x86_64/rocky9.6/openchai_hpc_addon_v1.25.0/ (path not found)
2026-07-24 15:28:46,612 [INFO] openchai_gui: OpenCHAI GUI backend stopped (uptime 479.7s)
2026-07-24 15:37:29,178 [INFO] services.state_manager: No existing state file — starting fresh.
2026-07-24 15:37:29,388 [INFO] openchai_gui: ============================================================
2026-07-24 15:37:29,388 [INFO] openchai_gui:   OpenCHAI GUI Backend starting
2026-07-24 15:37:29,388 [INFO] openchai_gui:   Python   : 3.9.25
2026-07-24 15:37:29,388 [INFO] openchai_gui:   Root     : /opt/OpenCHAI_Registry/july/OpenCHAI
2026-07-24 15:37:29,388 [INFO] openchai_gui:   Ansible  : /opt/OpenCHAI_Registry/july/OpenCHAI/automation/ansible
2026-07-24 15:37:29,388 [INFO] openchai_gui:   Routers  : 15 loaded
2026-07-24 15:37:29,388 [INFO] openchai_gui: ============================================================
2026-07-24 15:37:29,388 [INFO] openchai_gui.config: ───────────────────────────────────────────────────────
2026-07-24 15:37:29,388 [INFO] openchai_gui.config:   OpenCHAI GUI — Path Validation
2026-07-24 15:37:29,388 [INFO] openchai_gui.config: ───────────────────────────────────────────────────────
2026-07-24 15:37:29,388 [INFO] openchai_gui.config:   ✅  OPENCHAI_ROOT          /opt/OpenCHAI_Registry/july/OpenCHAI
2026-07-24 15:37:29,388 [INFO] openchai_gui.config:   ✅  ANSIBLE_DIR            /opt/OpenCHAI_Registry/july/OpenCHAI/automation/ansible
2026-07-24 15:37:29,388 [INFO] openchai_gui.config:   ✅  PLAYBOOK_LIBRARY       /opt/OpenCHAI_Registry/july/OpenCHAI/automation/ansible/playbook_library
2026-07-24 15:37:29,388 [WARNING] openchai_gui.config:   ⚠️   INVENTORY_PATH         /opt/OpenCHAI_Registry/july/OpenCHAI/automation/ansible/inventory/hosts.ini  (will be created when needed)
2026-07-24 15:37:29,388 [INFO] openchai_gui.config:   ✅  GROUP_VARS_DIR         /opt/OpenCHAI_Registry/july/OpenCHAI/automation/ansible/group_vars
2026-07-24 15:37:29,388 [INFO] openchai_gui.config:   ✅  ANSIBLE_CFG            /opt/OpenCHAI_Registry/july/OpenCHAI/automation/ansible/ansible.cfg
2026-07-24 15:37:29,388 [INFO] openchai_gui.config:   ✅  SSH_KEY                /root/.ssh/id_rsa
2026-07-24 15:37:29,388 [INFO] openchai_gui.config:   ✅  HOST_VARS_DIR          /opt/OpenCHAI_Registry/july/OpenCHAI/automation/ansible/inventory/host_vars
2026-07-24 15:37:29,388 [INFO] openchai_gui.config:   ✅  VAULT_PASSWORD_FILE    /opt/OpenCHAI_Registry/july/OpenCHAI/automation/ansible/.vault_pass
2026-07-24 15:37:29,388 [INFO] openchai_gui.config: ───────────────────────────────────────────────────────
2026-07-24 15:37:29,389 [INFO] services.vault_service: Vault readiness OK — ansible.cfg vault_password_file matches /opt/OpenCHAI_Registry/july/OpenCHAI/automation/ansible/.vault_pass
2026-07-24 15:37:29,391 [INFO] services.inventory_cli_bridge: Inventory bridge OK — using /opt/OpenCHAI_Registry/july/OpenCHAI/automation/ansible/inventory.py (inventory_file=/opt/OpenCHAI_Registry/july/OpenCHAI/automation/ansible/inventory/inventory_def.txt)
2026-07-24 15:37:46,033 [INFO] routes.auth: Login OK: user='root' role='admin' groups=['root', 'openchai-admins'] ip=127.0.0.1
2026-07-24 15:38:09,359 [INFO] httpx: HTTP Request: GET https://hpcsangrah-test.pune.cdac.in/vault/OpenCHAI/hpcsuite_registry/hostmachine_reg/ "HTTP/1.1 401 Unauthorized"
2026-07-24 15:38:09,360 [WARNING] services.chai_release_service: HTTP 401 fetching https://hpcsangrah-test.pune.cdac.in/vault/OpenCHAI/hpcsuite_registry/hostmachine_reg/ (bad credentials)
2026-07-24 15:38:09,398 [INFO] httpx: HTTP Request: GET https://hpcsangrah-test.pune.cdac.in/vault/OpenCHAI/hpcsuite_registry/hostmachine_reg/ "HTTP/1.1 401 Unauthorized"
2026-07-24 15:38:09,399 [WARNING] services.chai_release_service: HTTP 401 fetching https://hpcsangrah-test.pune.cdac.in/vault/OpenCHAI/hpcsuite_registry/hostmachine_reg/ (bad credentials)
2026-07-24 15:38:28,923 [INFO] services.chai_release_service: Registry auth store updated (type=basic)
2026-07-24 15:38:28,948 [INFO] httpx: HTTP Request: GET https://hpcsangrah-test.pune.cdac.in/vault/OpenCHAI/hpcsuite_registry/hostmachine_reg/ "HTTP/1.1 200 OK"
2026-07-24 15:38:28,950 [INFO] routes.chai_release: Registry auth VALIDATED via /auth endpoint (type=basic)
2026-07-24 15:38:29,019 [INFO] httpx: HTTP Request: GET https://hpcsangrah-test.pune.cdac.in/vault/OpenCHAI/hpcsuite_registry/hostmachine_reg/ "HTTP/1.1 200 OK"
2026-07-24 15:38:31,801 [INFO] httpx: HTTP Request: GET https://hpcsangrah-test.pune.cdac.in/vault/OpenCHAI/hpcsuite_registry/hostmachine_reg/x86_64/ "HTTP/1.1 200 OK"
2026-07-24 15:38:33,785 [INFO] routes.chai_release: Listing versions for arch=x86_64 os_dist=rocky9.6 verify_ssl=None
2026-07-24 15:38:33,785 [INFO] services.chai_release_service: Fetching versions from: https://hpcsangrah-test.pune.cdac.in/vault/OpenCHAI/hpcsuite_registry/hostmachine_reg/x86_64/rocky9.6/
2026-07-24 15:38:33,806 [INFO] httpx: HTTP Request: GET https://hpcsangrah-test.pune.cdac.in/vault/OpenCHAI/hpcsuite_registry/hostmachine_reg/x86_64/rocky9.6/ "HTTP/1.1 200 OK"
2026-07-24 15:38:33,837 [INFO] httpx: HTTP Request: HEAD https://hpcsangrah-test.pune.cdac.in/vault/OpenCHAI/hpcsuite_registry/hostmachine_reg/x86_64/rocky9.6/openchai_mldl_addon_v1.25.0.tgz "HTTP/1.1 200 OK"
2026-07-24 15:38:33,840 [INFO] httpx: HTTP Request: HEAD https://hpcsangrah-test.pune.cdac.in/vault/OpenCHAI/hpcsuite_registry/hostmachine_reg/x86_64/rocky9.6/openchai_sm_v1.25.0.tgz "HTTP/1.1 200 OK"
2026-07-24 15:38:33,841 [INFO] httpx: HTTP Request: HEAD https://hpcsangrah-test.pune.cdac.in/vault/OpenCHAI/hpcsuite_registry/hostmachine_reg/x86_64/rocky9.6/openchai_base_v1.25.0.tgz "HTTP/1.1 200 OK"
2026-07-24 15:38:37,429 [INFO] routes.chai_release: Listing releases for arch=x86_64 os_dist=rocky9.6 version=openchai_ha_full_v1.25.0
2026-07-24 15:38:37,430 [INFO] services.chai_release_service: Fetching releases from: https://hpcsangrah-test.pune.cdac.in/vault/OpenCHAI/hpcsuite_registry/hostmachine_reg/x86_64/rocky9.6/openchai_ha_full_v1.25.0/
2026-07-24 15:38:37,449 [INFO] httpx: HTTP Request: GET https://hpcsangrah-test.pune.cdac.in/vault/OpenCHAI/hpcsuite_registry/hostmachine_reg/x86_64/rocky9.6/openchai_ha_full_v1.25.0/ "HTTP/1.1 404 Not Found"
2026-07-24 15:38:37,450 [WARNING] services.chai_release_service: HTTP 404 fetching https://hpcsangrah-test.pune.cdac.in/vault/OpenCHAI/hpcsuite_registry/hostmachine_reg/x86_64/rocky9.6/openchai_ha_full_v1.25.0/ (path not found)
2026-07-24 15:39:32,089 [WARNING] inventory: Vault password file /opt/OpenCHAI_Registry/july/OpenCHAI/automation/ansible/.vault_pass has loose permissions (644). Recommended: chmod 600.
2026-07-24 15:39:35,033 [INFO] paramiko.transport: Connected (version 2.0, client OpenSSH_8.7)
2026-07-24 15:39:35,131 [INFO] paramiko.transport: Authentication (password) successful!
2026-07-24 15:39:36,850 [INFO] paramiko.transport: Connected (version 2.0, client OpenSSH_8.7)
2026-07-24 15:39:36,970 [INFO] paramiko.transport: Authentication (password) successful!
2026-07-24 15:39:38,299 [INFO] paramiko.transport: Connected (version 2.0, client OpenSSH_8.7)
2026-07-24 15:39:38,416 [INFO] paramiko.transport: Authentication (password) successful!
2026-07-24 15:39:39,355 [INFO] paramiko.transport: Connected (version 2.0, client OpenSSH_8.7)
2026-07-24 15:39:39,458 [INFO] paramiko.transport: Authentication (password) successful!
2026-07-24 15:40:26,123 [INFO] routes.cluster_setup: Resolved inventory: /opt/OpenCHAI_Registry/july/OpenCHAI/automation/ansible/inventory/inventory_def.txt
2026-07-24 15:40:26,123 [INFO] services.ansible_runner: Normalized extra-vars: {'fw_service_name': 'firewalld', 'fw_service_state': 'stopped', 'fw_service_enabled': False, 'fw_install_if_missing': True, 'selinux_mode': 'disabled', 'selinux_install_if_missing': True, 'nfs_server_service': 'nfs-server', 'nfs_server_state': 'started', 'nfs_server_enabled': True, 'nfs_server_install_if_missing': True, 'nfs_exports': [{'clients': '*', 'options': 'ro,sync,no_root_squash', 'path': '{{ rpm_stack_path }}'}, {'clients': '*', 'options': 'rw,sync,no_root_squash', 'path': '{{ configuration_dir_path }}'}, {'clients': '*', 'options': 'rw,sync,no_root_squash', 'path': '{{ bin_dir_path }}'}]}
2026-07-24 15:40:26,123 [WARNING] services.ansible_runner: inventory_path provided but ignored. Using ansible.cfg default inventory.
2026-07-24 15:40:26,124 [INFO] services.ansible_runner: Job 1856acc7-b6c3-4d6c-b0b4-633f5dbbaf45 | cwd=/opt/OpenCHAI_Registry/july/OpenCHAI/automation/ansible | cmd=ansible-playbook /opt/OpenCHAI_Registry/july/OpenCHAI/cluster_setup/ha_server_setup/headnode/phase1.0_firewall.yml --user root --private-key /root/.ssh/id_rsa --extra-vars '{"fw_service_name": "firewalld", "fw_service_state": "stopped", "fw_service_enabled": false, "fw_install_if_missing": true, "selinux_mode": "disabled", "selinux_install_if_missing": true, "nfs_server_service": "nfs-server", "nfs_server_state": "started", "nfs_server_enabled": true, "nfs_server_install_if_missing": true, "nfs_exports": [{"clients": "*", "options": "ro,sync,no_root_squash", "path": "{{ rpm_stack_path }}"}, {"clients": "*", "options": "rw,sync,no_root_squash", "path": "{{ configuration_dir_path }}"}, {"clients": "*", "options": "rw,sync,no_root_squash", "path": "{{ bin_dir_path }}"}]}' --limit headnode
2026-07-24 15:40:26,196 [INFO] routes.logs: WS client connected for job 1856acc7-b6c3-4d6c-b0b4-633f5dbbaf45
2026-07-24 15:40:33,787 [INFO] services.ansible_runner: Job 1856acc7-b6c3-4d6c-b0b4-633f5dbbaf45 finished rc=0 status=success
2026-07-24 15:40:33,787 [INFO] routes.logs: WS session for job 1856acc7-b6c3-4d6c-b0b4-633f5dbbaf45 closed
2026-07-24 15:40:35,290 [INFO] routes.cluster_setup: Resolved inventory: /opt/OpenCHAI_Registry/july/OpenCHAI/automation/ansible/inventory/inventory_def.txt
2026-07-24 15:40:35,291 [INFO] services.ansible_runner: Normalized extra-vars: {'fw_service_name': 'firewalld', 'fw_service_state': 'stopped', 'fw_service_enabled': False, 'fw_install_if_missing': True, 'selinux_mode': 'disabled', 'selinux_install_if_missing': True, 'nfs_server_service': 'nfs-server', 'nfs_server_state': 'started', 'nfs_server_enabled': True, 'nfs_server_install_if_missing': True, 'nfs_exports': [{'clients': '*', 'options': 'ro,sync,no_root_squash', 'path': '{{ rpm_stack_path }}'}, {'clients': '*', 'options': 'rw,sync,no_root_squash', 'path': '{{ configuration_dir_path }}'}, {'clients': '*', 'options': 'rw,sync,no_root_squash', 'path': '{{ bin_dir_path }}'}]}
2026-07-24 15:40:35,291 [WARNING] services.ansible_runner: inventory_path provided but ignored. Using ansible.cfg default inventory.
2026-07-24 15:40:35,292 [INFO] services.ansible_runner: Job 149fb139-097f-46fa-9484-4ca81fda7246 | cwd=/opt/OpenCHAI_Registry/july/OpenCHAI/automation/ansible | cmd=ansible-playbook /opt/OpenCHAI_Registry/july/OpenCHAI/cluster_setup/ha_server_setup/headnode/phase1.1_selinux.yml --user root --private-key /root/.ssh/id_rsa --extra-vars '{"fw_service_name": "firewalld", "fw_service_state": "stopped", "fw_service_enabled": false, "fw_install_if_missing": true, "selinux_mode": "disabled", "selinux_install_if_missing": true, "nfs_server_service": "nfs-server", "nfs_server_state": "started", "nfs_server_enabled": true, "nfs_server_install_if_missing": true, "nfs_exports": [{"clients": "*", "options": "ro,sync,no_root_squash", "path": "{{ rpm_stack_path }}"}, {"clients": "*", "options": "rw,sync,no_root_squash", "path": "{{ configuration_dir_path }}"}, {"clients": "*", "options": "rw,sync,no_root_squash", "path": "{{ bin_dir_path }}"}]}' --limit headnode
2026-07-24 15:40:35,359 [INFO] routes.logs: WS client connected for job 1856acc7-b6c3-4d6c-b0b4-633f5dbbaf45
2026-07-24 15:40:35,429 [INFO] routes.logs: WS client connected for job 149fb139-097f-46fa-9484-4ca81fda7246
2026-07-24 15:40:42,374 [INFO] services.ansible_runner: Job 149fb139-097f-46fa-9484-4ca81fda7246 finished rc=0 status=success
2026-07-24 15:40:42,375 [INFO] routes.logs: WS session for job 149fb139-097f-46fa-9484-4ca81fda7246 closed
2026-07-24 15:40:43,284 [INFO] routes.cluster_setup: Resolved inventory: /opt/OpenCHAI_Registry/july/OpenCHAI/automation/ansible/inventory/inventory_def.txt
2026-07-24 15:40:43,285 [INFO] services.ansible_runner: Normalized extra-vars: {'fw_service_name': 'firewalld', 'fw_service_state': 'stopped', 'fw_service_enabled': False, 'fw_install_if_missing': True, 'selinux_mode': 'disabled', 'selinux_install_if_missing': True, 'nfs_server_service': 'nfs-server', 'nfs_server_state': 'started', 'nfs_server_enabled': True, 'nfs_server_install_if_missing': True, 'nfs_exports': [{'clients': '*', 'options': 'ro,sync,no_root_squash', 'path': '{{ rpm_stack_path }}'}, {'clients': '*', 'options': 'rw,sync,no_root_squash', 'path': '{{ configuration_dir_path }}'}, {'clients': '*', 'options': 'rw,sync,no_root_squash', 'path': '{{ bin_dir_path }}'}]}
2026-07-24 15:40:43,285 [WARNING] services.ansible_runner: inventory_path provided but ignored. Using ansible.cfg default inventory.
2026-07-24 15:40:43,286 [INFO] services.ansible_runner: Job 644b67bd-b6dd-4afd-8e81-853bd60db83f | cwd=/opt/OpenCHAI_Registry/july/OpenCHAI/automation/ansible | cmd=ansible-playbook /opt/OpenCHAI_Registry/july/OpenCHAI/cluster_setup/ha_server_setup/headnode/phase1.3_hosts.yml --user root --private-key /root/.ssh/id_rsa --extra-vars '{"fw_service_name": "firewalld", "fw_service_state": "stopped", "fw_service_enabled": false, "fw_install_if_missing": true, "selinux_mode": "disabled", "selinux_install_if_missing": true, "nfs_server_service": "nfs-server", "nfs_server_state": "started", "nfs_server_enabled": true, "nfs_server_install_if_missing": true, "nfs_exports": [{"clients": "*", "options": "ro,sync,no_root_squash", "path": "{{ rpm_stack_path }}"}, {"clients": "*", "options": "rw,sync,no_root_squash", "path": "{{ configuration_dir_path }}"}, {"clients": "*", "options": "rw,sync,no_root_squash", "path": "{{ bin_dir_path }}"}]}' --limit headnode
2026-07-24 15:40:43,574 [INFO] routes.logs: WS client connected for job 1856acc7-b6c3-4d6c-b0b4-633f5dbbaf45
2026-07-24 15:40:43,624 [INFO] routes.logs: WS client connected for job 149fb139-097f-46fa-9484-4ca81fda7246
2026-07-24 15:40:43,645 [INFO] routes.logs: WS client connected for job 644b67bd-b6dd-4afd-8e81-853bd60db83f
2026-07-24 15:40:49,831 [INFO] services.ansible_runner: Job 644b67bd-b6dd-4afd-8e81-853bd60db83f finished rc=0 status=success
2026-07-24 15:40:49,832 [INFO] routes.logs: WS session for job 644b67bd-b6dd-4afd-8e81-853bd60db83f closed
2026-07-24 15:40:51,271 [INFO] routes.cluster_setup: Resolved inventory: /opt/OpenCHAI_Registry/july/OpenCHAI/automation/ansible/inventory/inventory_def.txt
2026-07-24 15:40:51,271 [INFO] services.ansible_runner: Normalized extra-vars: {'fw_service_name': 'firewalld', 'fw_service_state': 'stopped', 'fw_service_enabled': False, 'fw_install_if_missing': True, 'selinux_mode': 'disabled', 'selinux_install_if_missing': True, 'nfs_server_service': 'nfs-server', 'nfs_server_state': 'started', 'nfs_server_enabled': True, 'nfs_server_install_if_missing': True, 'nfs_exports': [{'clients': '*', 'options': 'ro,sync,no_root_squash', 'path': '{{ rpm_stack_path }}'}, {'clients': '*', 'options': 'rw,sync,no_root_squash', 'path': '{{ configuration_dir_path }}'}, {'clients': '*', 'options': 'rw,sync,no_root_squash', 'path': '{{ bin_dir_path }}'}]}
2026-07-24 15:40:51,271 [WARNING] services.ansible_runner: inventory_path provided but ignored. Using ansible.cfg default inventory.
2026-07-24 15:40:51,272 [INFO] services.ansible_runner: Job 2cbd175a-ccbb-4f49-bf62-0f7616ad376e | cwd=/opt/OpenCHAI_Registry/july/OpenCHAI/automation/ansible | cmd=ansible-playbook /opt/OpenCHAI_Registry/july/OpenCHAI/cluster_setup/ha_server_setup/headnode/phase1.4_nat_server_setup.yml --user root --private-key /root/.ssh/id_rsa --extra-vars '{"fw_service_name": "firewalld", "fw_service_state": "stopped", "fw_service_enabled": false, "fw_install_if_missing": true, "selinux_mode": "disabled", "selinux_install_if_missing": true, "nfs_server_service": "nfs-server", "nfs_server_state": "started", "nfs_server_enabled": true, "nfs_server_install_if_missing": true, "nfs_exports": [{"clients": "*", "options": "ro,sync,no_root_squash", "path": "{{ rpm_stack_path }}"}, {"clients": "*", "options": "rw,sync,no_root_squash", "path": "{{ configuration_dir_path }}"}, {"clients": "*", "options": "rw,sync,no_root_squash", "path": "{{ bin_dir_path }}"}]}' --limit headnode
2026-07-24 15:40:51,335 [INFO] routes.logs: WS client connected for job 1856acc7-b6c3-4d6c-b0b4-633f5dbbaf45
2026-07-24 15:40:51,406 [INFO] routes.logs: WS client connected for job 149fb139-097f-46fa-9484-4ca81fda7246
2026-07-24 15:40:51,472 [INFO] routes.logs: WS client connected for job 644b67bd-b6dd-4afd-8e81-853bd60db83f
2026-07-24 15:40:51,514 [INFO] routes.logs: WS client connected for job 2cbd175a-ccbb-4f49-bf62-0f7616ad376e
2026-07-24 15:40:59,071 [INFO] services.ansible_runner: Job 2cbd175a-ccbb-4f49-bf62-0f7616ad376e finished rc=0 status=success
2026-07-24 15:40:59,072 [INFO] routes.logs: WS session for job 2cbd175a-ccbb-4f49-bf62-0f7616ad376e closed
2026-07-24 15:40:59,265 [INFO] routes.cluster_setup: Resolved inventory: /opt/OpenCHAI_Registry/july/OpenCHAI/automation/ansible/inventory/inventory_def.txt
2026-07-24 15:40:59,265 [INFO] services.ansible_runner: Normalized extra-vars: {'fw_service_name': 'firewalld', 'fw_service_state': 'stopped', 'fw_service_enabled': False, 'fw_install_if_missing': True, 'selinux_mode': 'disabled', 'selinux_install_if_missing': True, 'nfs_server_service': 'nfs-server', 'nfs_server_state': 'started', 'nfs_server_enabled': True, 'nfs_server_install_if_missing': True, 'nfs_exports': [{'clients': '*', 'options': 'ro,sync,no_root_squash', 'path': '{{ rpm_stack_path }}'}, {'clients': '*', 'options': 'rw,sync,no_root_squash', 'path': '{{ configuration_dir_path }}'}, {'clients': '*', 'options': 'rw,sync,no_root_squash', 'path': '{{ bin_dir_path }}'}]}
2026-07-24 15:40:59,265 [WARNING] services.ansible_runner: inventory_path provided but ignored. Using ansible.cfg default inventory.
2026-07-24 15:40:59,266 [INFO] services.ansible_runner: Job 51c8bc54-a31f-49da-8918-b1b5385f1c28 | cwd=/opt/OpenCHAI_Registry/july/OpenCHAI/automation/ansible | cmd=ansible-playbook /opt/OpenCHAI_Registry/july/OpenCHAI/cluster_setup/ha_server_setup/headnode/phase1.6_mandatory_nfs_server.yml --user root --private-key /root/.ssh/id_rsa --extra-vars '{"fw_service_name": "firewalld", "fw_service_state": "stopped", "fw_service_enabled": false, "fw_install_if_missing": true, "selinux_mode": "disabled", "selinux_install_if_missing": true, "nfs_server_service": "nfs-server", "nfs_server_state": "started", "nfs_server_enabled": true, "nfs_server_install_if_missing": true, "nfs_exports": [{"clients": "*", "options": "ro,sync,no_root_squash", "path": "{{ rpm_stack_path }}"}, {"clients": "*", "options": "rw,sync,no_root_squash", "path": "{{ configuration_dir_path }}"}, {"clients": "*", "options": "rw,sync,no_root_squash", "path": "{{ bin_dir_path }}"}]}' --limit headnode
2026-07-24 15:40:59,318 [INFO] routes.logs: WS client connected for job 1856acc7-b6c3-4d6c-b0b4-633f5dbbaf45
2026-07-24 15:40:59,363 [INFO] routes.logs: WS client connected for job 149fb139-097f-46fa-9484-4ca81fda7246
2026-07-24 15:40:59,413 [INFO] routes.logs: WS client connected for job 644b67bd-b6dd-4afd-8e81-853bd60db83f
2026-07-24 15:40:59,457 [INFO] routes.logs: WS client connected for job 2cbd175a-ccbb-4f49-bf62-0f7616ad376e
2026-07-24 15:40:59,506 [INFO] routes.logs: WS client connected for job 51c8bc54-a31f-49da-8918-b1b5385f1c28
2026-07-24 15:41:10,525 [INFO] services.ansible_runner: Job 51c8bc54-a31f-49da-8918-b1b5385f1c28 finished rc=0 status=success
2026-07-24 15:41:10,527 [INFO] routes.logs: WS session for job 51c8bc54-a31f-49da-8918-b1b5385f1c28 closed
2026-07-24 15:43:25,066 [INFO] routes.cluster_setup: Resolved inventory: /opt/OpenCHAI_Registry/july/OpenCHAI/automation/ansible/inventory/inventory_def.txt
2026-07-24 15:43:25,069 [INFO] services.ansible_runner: Normalized extra-vars: {'primary_nameserver': '{{ headnode_ip }}', 'fallback_dns': {'nameservers': ['10.208.192.11', '10.208.192.12'], 'search_domains': ['pune.cdac.in']}, 'fw_service_name': 'firewalld', 'fw_service_state': 'stopped', 'fw_service_enabled': False, 'fw_install_if_missing': True, 'selinux_mode': 'disabled', 'selinux_install_if_missing': True, 'hpc_container_pv_dir': '/hpc_container_pv', 'hpctool_stack_dir': '/hpctool_stack', 'hpc_cluster_suite_dir': '/root/hpc_cluster_suite', 'nfs_rpm_dir': '{{ rpm_stack_path }}/nfs_rpms/', 'required_packages': ['nfs-utils', 'libnfsidmap', 'rpcbind'], 'nfs_client_packages': ['nfs-utils'], 'nfs_client_service': 'nfs-client.target', 'nfs_client_state': 'started', 'nfs_client_enabled': True, 'nfs_client_install_if_missing': True, 'nfs_mounts': [{'dest': '{{ rpm_stack_path }}', 'fstype': 'nfs', 'opts': 'ro,_netdev', 'src': '{{ headnode_ip }}:{{ rpm_stack_path }}'}, {'dest': '{{ configuration_dir_path }}', 'fstype': 'nfs', 'opts': 'rw,hard,intr,_netdev', 'src': '{{ headnode_ip }}:{{ configuration_dir_path }}'}, {'dest': '{{ bin_dir_path }}', 'fstype': 'nfs', 'opts': 'rw,hard,intr,_netdev', 'src': '{{ headnode_ip }}:{{ bin_dir_path }}'}], 'mounted_state': 'ephemeral', 'sshd_packages': ['openssh-server', 'openssh-clients'], 'sshd_service_name': 'sshd', 'sshd_service_state': 'started', 'sshd_service_enabled': True, 'ssh_hardening_enable': True, 'sshd_hardening_block': 'PermitRootLogin yes\nPasswordAuthentication yes\nPermitEmptyPasswords no\nChallengeResponseAuthentication no\nUseDNS no\nX11Forwarding yes\nAllowTcpForwarding no\nPrintMotd no\nBanner none\nVersionAddendum none\nCiphers chacha20-poly1305@openssh.com,aes256-gcm@openssh.com,aes256-ctr\nMACs hmac-sha2-512,hmac-sha2-256\nKexAlgorithms curve25519-sha256,curve25519-sha256@libssh.org'}
2026-07-24 15:43:25,070 [WARNING] services.ansible_runner: inventory_path provided but ignored. Using ansible.cfg default inventory.
2026-07-24 15:43:25,071 [INFO] services.ansible_runner: Job 540a8b70-2d04-44c1-a160-63842df1989a | cwd=/opt/OpenCHAI_Registry/july/OpenCHAI/automation/ansible | cmd=ansible-playbook /opt/OpenCHAI_Registry/july/OpenCHAI/cluster_setup/ha_server_setup/hpc_master/phase0.0_internet_client.yml --user root --private-key /root/.ssh/id_rsa --extra-vars '{"primary_nameserver": "{{ headnode_ip }}", "fallback_dns": {"nameservers": ["10.208.192.11", "10.208.192.12"], "search_domains": ["pune.cdac.in"]}, "fw_service_name": "firewalld", "fw_service_state": "stopped", "fw_service_enabled": false, "fw_install_if_missing": true, "selinux_mode": "disabled", "selinux_install_if_missing": true, "hpc_container_pv_dir": "/hpc_container_pv", "hpctool_stack_dir": "/hpctool_stack", "hpc_cluster_suite_dir": "/root/hpc_cluster_suite", "nfs_rpm_dir": "{{ rpm_stack_path }}/nfs_rpms/", "required_packages": ["nfs-utils", "libnfsidmap", "rpcbind"], "nfs_client_packages": ["nfs-utils"], "nfs_client_service": "nfs-client.target", "nfs_client_state": "started", "nfs_client_enabled": true, "nfs_client_install_if_missing": true, "nfs_mounts": [{"dest": "{{ rpm_stack_path }}", "fstype": "nfs", "opts": "ro,_netdev", "src": "{{ headnode_ip }}:{{ rpm_stack_path }}"}, {"dest": "{{ configuration_dir_path }}", "fstype": "nfs", "opts": "rw,hard,intr,_netdev", "src": "{{ headnode_ip }}:{{ configuration_dir_path }}"}, {"dest": "{{ bin_dir_path }}", "fstype": "nfs", "opts": "rw,hard,intr,_netdev", "src": "{{ headnode_ip }}:{{ bin_dir_path }}"}], "mounted_state": "ephemeral", "sshd_packages": ["openssh-server", "openssh-clients"], "sshd_service_name": "sshd", "sshd_service_state": "started", "sshd_service_enabled": true, "ssh_hardening_enable": true, "sshd_hardening_block": "PermitRootLogin yes\nPasswordAuthentication yes\nPermitEmptyPasswords no\nChallengeResponseAuthentication no\nUseDNS no\nX11Forwarding yes\nAllowTcpForwarding no\nPrintMotd no\nBanner none\nVersionAddendum none\nCiphers chacha20-poly1305@openssh.com,aes256-gcm@openssh.com,aes256-ctr\nMACs hmac-sha2-512,hmac-sha2-256\nKexAlgorithms curve25519-sha256,curve25519-sha256@libssh.org"}' --limit hpc-master01,hpc-master02
2026-07-24 15:43:25,123 [INFO] routes.logs: WS client connected for job 540a8b70-2d04-44c1-a160-63842df1989a
2026-07-24 15:43:25,145 [INFO] routes.logs: WS client connected for job 540a8b70-2d04-44c1-a160-63842df1989a
2026-07-24 15:43:25,401 [INFO] routes.logs: WS client disconnected from job 540a8b70-2d04-44c1-a160-63842df1989a
2026-07-24 15:43:25,402 [INFO] routes.logs: WS session for job 540a8b70-2d04-44c1-a160-63842df1989a closed
2026-07-24 15:43:48,305 [INFO] services.ansible_runner: Job 540a8b70-2d04-44c1-a160-63842df1989a finished rc=0 status=success
2026-07-24 15:43:48,306 [INFO] routes.logs: WS session for job 540a8b70-2d04-44c1-a160-63842df1989a closed
2026-07-24 15:43:50,525 [INFO] routes.cluster_setup: Resolved inventory: /opt/OpenCHAI_Registry/july/OpenCHAI/automation/ansible/inventory/inventory_def.txt
2026-07-24 15:43:50,528 [INFO] services.ansible_runner: Normalized extra-vars: {'primary_nameserver': '{{ headnode_ip }}', 'fallback_dns': {'nameservers': ['10.208.192.11', '10.208.192.12'], 'search_domains': ['pune.cdac.in']}, 'fw_service_name': 'firewalld', 'fw_service_state': 'stopped', 'fw_service_enabled': False, 'fw_install_if_missing': True, 'selinux_mode': 'disabled', 'selinux_install_if_missing': True, 'hpc_container_pv_dir': '/hpc_container_pv', 'hpctool_stack_dir': '/hpctool_stack', 'hpc_cluster_suite_dir': '/root/hpc_cluster_suite', 'nfs_rpm_dir': '{{ rpm_stack_path }}/nfs_rpms/', 'required_packages': ['nfs-utils', 'libnfsidmap', 'rpcbind'], 'nfs_client_packages': ['nfs-utils'], 'nfs_client_service': 'nfs-client.target', 'nfs_client_state': 'started', 'nfs_client_enabled': True, 'nfs_client_install_if_missing': True, 'nfs_mounts': [{'dest': '{{ rpm_stack_path }}', 'fstype': 'nfs', 'opts': 'ro,_netdev', 'src': '{{ headnode_ip }}:{{ rpm_stack_path }}'}, {'dest': '{{ configuration_dir_path }}', 'fstype': 'nfs', 'opts': 'rw,hard,intr,_netdev', 'src': '{{ headnode_ip }}:{{ configuration_dir_path }}'}, {'dest': '{{ bin_dir_path }}', 'fstype': 'nfs', 'opts': 'rw,hard,intr,_netdev', 'src': '{{ headnode_ip }}:{{ bin_dir_path }}'}], 'mounted_state': 'ephemeral', 'sshd_packages': ['openssh-server', 'openssh-clients'], 'sshd_service_name': 'sshd', 'sshd_service_state': 'started', 'sshd_service_enabled': True, 'ssh_hardening_enable': True, 'sshd_hardening_block': 'PermitRootLogin yes\nPasswordAuthentication yes\nPermitEmptyPasswords no\nChallengeResponseAuthentication no\nUseDNS no\nX11Forwarding yes\nAllowTcpForwarding no\nPrintMotd no\nBanner none\nVersionAddendum none\nCiphers chacha20-poly1305@openssh.com,aes256-gcm@openssh.com,aes256-ctr\nMACs hmac-sha2-512,hmac-sha2-256\nKexAlgorithms curve25519-sha256,curve25519-sha256@libssh.org'}
2026-07-24 15:43:50,529 [WARNING] services.ansible_runner: inventory_path provided but ignored. Using ansible.cfg default inventory.
2026-07-24 15:43:50,529 [INFO] services.ansible_runner: Job 74d27ebf-0365-4941-9dc3-66eb05781c04 | cwd=/opt/OpenCHAI_Registry/july/OpenCHAI/automation/ansible | cmd=ansible-playbook /opt/OpenCHAI_Registry/july/OpenCHAI/cluster_setup/ha_server_setup/hpc_master/phase1.0_firewall.yml --user root --private-key /root/.ssh/id_rsa --extra-vars '{"primary_nameserver": "{{ headnode_ip }}", "fallback_dns": {"nameservers": ["10.208.192.11", "10.208.192.12"], "search_domains": ["pune.cdac.in"]}, "fw_service_name": "firewalld", "fw_service_state": "stopped", "fw_service_enabled": false, "fw_install_if_missing": true, "selinux_mode": "disabled", "selinux_install_if_missing": true, "hpc_container_pv_dir": "/hpc_container_pv", "hpctool_stack_dir": "/hpctool_stack", "hpc_cluster_suite_dir": "/root/hpc_cluster_suite", "nfs_rpm_dir": "{{ rpm_stack_path }}/nfs_rpms/", "required_packages": ["nfs-utils", "libnfsidmap", "rpcbind"], "nfs_client_packages": ["nfs-utils"], "nfs_client_service": "nfs-client.target", "nfs_client_state": "started", "nfs_client_enabled": true, "nfs_client_install_if_missing": true, "nfs_mounts": [{"dest": "{{ rpm_stack_path }}", "fstype": "nfs", "opts": "ro,_netdev", "src": "{{ headnode_ip }}:{{ rpm_stack_path }}"}, {"dest": "{{ configuration_dir_path }}", "fstype": "nfs", "opts": "rw,hard,intr,_netdev", "src": "{{ headnode_ip }}:{{ configuration_dir_path }}"}, {"dest": "{{ bin_dir_path }}", "fstype": "nfs", "opts": "rw,hard,intr,_netdev", "src": "{{ headnode_ip }}:{{ bin_dir_path }}"}], "mounted_state": "ephemeral", "sshd_packages": ["openssh-server", "openssh-clients"], "sshd_service_name": "sshd", "sshd_service_state": "started", "sshd_service_enabled": true, "ssh_hardening_enable": true, "sshd_hardening_block": "PermitRootLogin yes\nPasswordAuthentication yes\nPermitEmptyPasswords no\nChallengeResponseAuthentication no\nUseDNS no\nX11Forwarding yes\nAllowTcpForwarding no\nPrintMotd no\nBanner none\nVersionAddendum none\nCiphers chacha20-poly1305@openssh.com,aes256-gcm@openssh.com,aes256-ctr\nMACs hmac-sha2-512,hmac-sha2-256\nKexAlgorithms curve25519-sha256,curve25519-sha256@libssh.org"}' --limit hpc-master01,hpc-master02
2026-07-24 15:43:50,615 [INFO] routes.logs: WS client connected for job 540a8b70-2d04-44c1-a160-63842df1989a
2026-07-24 15:43:50,679 [INFO] routes.logs: WS client connected for job 74d27ebf-0365-4941-9dc3-66eb05781c04
2026-07-24 15:43:56,559 [INFO] services.ansible_runner: Job 74d27ebf-0365-4941-9dc3-66eb05781c04 finished rc=0 status=success
2026-07-24 15:43:56,559 [INFO] routes.logs: WS session for job 74d27ebf-0365-4941-9dc3-66eb05781c04 closed
2026-07-24 15:43:58,319 [INFO] routes.cluster_setup: Resolved inventory: /opt/OpenCHAI_Registry/july/OpenCHAI/automation/ansible/inventory/inventory_def.txt
2026-07-24 15:43:58,323 [INFO] services.ansible_runner: Normalized extra-vars: {'primary_nameserver': '{{ headnode_ip }}', 'fallback_dns': {'nameservers': ['10.208.192.11', '10.208.192.12'], 'search_domains': ['pune.cdac.in']}, 'fw_service_name': 'firewalld', 'fw_service_state': 'stopped', 'fw_service_enabled': False, 'fw_install_if_missing': True, 'selinux_mode': 'disabled', 'selinux_install_if_missing': True, 'hpc_container_pv_dir': '/hpc_container_pv', 'hpctool_stack_dir': '/hpctool_stack', 'hpc_cluster_suite_dir': '/root/hpc_cluster_suite', 'nfs_rpm_dir': '{{ rpm_stack_path }}/nfs_rpms/', 'required_packages': ['nfs-utils', 'libnfsidmap', 'rpcbind'], 'nfs_client_packages': ['nfs-utils'], 'nfs_client_service': 'nfs-client.target', 'nfs_client_state': 'started', 'nfs_client_enabled': True, 'nfs_client_install_if_missing': True, 'nfs_mounts': [{'dest': '{{ rpm_stack_path }}', 'fstype': 'nfs', 'opts': 'ro,_netdev', 'src': '{{ headnode_ip }}:{{ rpm_stack_path }}'}, {'dest': '{{ configuration_dir_path }}', 'fstype': 'nfs', 'opts': 'rw,hard,intr,_netdev', 'src': '{{ headnode_ip }}:{{ configuration_dir_path }}'}, {'dest': '{{ bin_dir_path }}', 'fstype': 'nfs', 'opts': 'rw,hard,intr,_netdev', 'src': '{{ headnode_ip }}:{{ bin_dir_path }}'}], 'mounted_state': 'ephemeral', 'sshd_packages': ['openssh-server', 'openssh-clients'], 'sshd_service_name': 'sshd', 'sshd_service_state': 'started', 'sshd_service_enabled': True, 'ssh_hardening_enable': True, 'sshd_hardening_block': 'PermitRootLogin yes\nPasswordAuthentication yes\nPermitEmptyPasswords no\nChallengeResponseAuthentication no\nUseDNS no\nX11Forwarding yes\nAllowTcpForwarding no\nPrintMotd no\nBanner none\nVersionAddendum none\nCiphers chacha20-poly1305@openssh.com,aes256-gcm@openssh.com,aes256-ctr\nMACs hmac-sha2-512,hmac-sha2-256\nKexAlgorithms curve25519-sha256,curve25519-sha256@libssh.org'}
2026-07-24 15:43:58,323 [WARNING] services.ansible_runner: inventory_path provided but ignored. Using ansible.cfg default inventory.
2026-07-24 15:43:58,324 [INFO] services.ansible_runner: Job 0c93043d-91d6-472c-8546-e70a1e0dcb4f | cwd=/opt/OpenCHAI_Registry/july/OpenCHAI/automation/ansible | cmd=ansible-playbook /opt/OpenCHAI_Registry/july/OpenCHAI/cluster_setup/ha_server_setup/hpc_master/phase1.1_selinux.yml --user root --private-key /root/.ssh/id_rsa --extra-vars '{"primary_nameserver": "{{ headnode_ip }}", "fallback_dns": {"nameservers": ["10.208.192.11", "10.208.192.12"], "search_domains": ["pune.cdac.in"]}, "fw_service_name": "firewalld", "fw_service_state": "stopped", "fw_service_enabled": false, "fw_install_if_missing": true, "selinux_mode": "disabled", "selinux_install_if_missing": true, "hpc_container_pv_dir": "/hpc_container_pv", "hpctool_stack_dir": "/hpctool_stack", "hpc_cluster_suite_dir": "/root/hpc_cluster_suite", "nfs_rpm_dir": "{{ rpm_stack_path }}/nfs_rpms/", "required_packages": ["nfs-utils", "libnfsidmap", "rpcbind"], "nfs_client_packages": ["nfs-utils"], "nfs_client_service": "nfs-client.target", "nfs_client_state": "started", "nfs_client_enabled": true, "nfs_client_install_if_missing": true, "nfs_mounts": [{"dest": "{{ rpm_stack_path }}", "fstype": "nfs", "opts": "ro,_netdev", "src": "{{ headnode_ip }}:{{ rpm_stack_path }}"}, {"dest": "{{ configuration_dir_path }}", "fstype": "nfs", "opts": "rw,hard,intr,_netdev", "src": "{{ headnode_ip }}:{{ configuration_dir_path }}"}, {"dest": "{{ bin_dir_path }}", "fstype": "nfs", "opts": "rw,hard,intr,_netdev", "src": "{{ headnode_ip }}:{{ bin_dir_path }}"}], "mounted_state": "ephemeral", "sshd_packages": ["openssh-server", "openssh-clients"], "sshd_service_name": "sshd", "sshd_service_state": "started", "sshd_service_enabled": true, "ssh_hardening_enable": true, "sshd_hardening_block": "PermitRootLogin yes\nPasswordAuthentication yes\nPermitEmptyPasswords no\nChallengeResponseAuthentication no\nUseDNS no\nX11Forwarding yes\nAllowTcpForwarding no\nPrintMotd no\nBanner none\nVersionAddendum none\nCiphers chacha20-poly1305@openssh.com,aes256-gcm@openssh.com,aes256-ctr\nMACs hmac-sha2-512,hmac-sha2-256\nKexAlgorithms curve25519-sha256,curve25519-sha256@libssh.org"}' --limit hpc-master01,hpc-master02
2026-07-24 15:43:58,376 [INFO] routes.logs: WS client connected for job 540a8b70-2d04-44c1-a160-63842df1989a
2026-07-24 15:43:58,422 [INFO] routes.logs: WS client connected for job 74d27ebf-0365-4941-9dc3-66eb05781c04
2026-07-24 15:43:58,469 [INFO] routes.logs: WS client connected for job 0c93043d-91d6-472c-8546-e70a1e0dcb4f
2026-07-24 15:44:04,193 [INFO] services.ansible_runner: Job 0c93043d-91d6-472c-8546-e70a1e0dcb4f finished rc=0 status=success
2026-07-24 15:44:04,194 [INFO] routes.logs: WS session for job 0c93043d-91d6-472c-8546-e70a1e0dcb4f closed
2026-07-24 15:44:04,290 [INFO] routes.cluster_setup: Resolved inventory: /opt/OpenCHAI_Registry/july/OpenCHAI/automation/ansible/inventory/inventory_def.txt
2026-07-24 15:44:04,293 [INFO] services.ansible_runner: Normalized extra-vars: {'primary_nameserver': '{{ headnode_ip }}', 'fallback_dns': {'nameservers': ['10.208.192.11', '10.208.192.12'], 'search_domains': ['pune.cdac.in']}, 'fw_service_name': 'firewalld', 'fw_service_state': 'stopped', 'fw_service_enabled': False, 'fw_install_if_missing': True, 'selinux_mode': 'disabled', 'selinux_install_if_missing': True, 'hpc_container_pv_dir': '/hpc_container_pv', 'hpctool_stack_dir': '/hpctool_stack', 'hpc_cluster_suite_dir': '/root/hpc_cluster_suite', 'nfs_rpm_dir': '{{ rpm_stack_path }}/nfs_rpms/', 'required_packages': ['nfs-utils', 'libnfsidmap', 'rpcbind'], 'nfs_client_packages': ['nfs-utils'], 'nfs_client_service': 'nfs-client.target', 'nfs_client_state': 'started', 'nfs_client_enabled': True, 'nfs_client_install_if_missing': True, 'nfs_mounts': [{'dest': '{{ rpm_stack_path }}', 'fstype': 'nfs', 'opts': 'ro,_netdev', 'src': '{{ headnode_ip }}:{{ rpm_stack_path }}'}, {'dest': '{{ configuration_dir_path }}', 'fstype': 'nfs', 'opts': 'rw,hard,intr,_netdev', 'src': '{{ headnode_ip }}:{{ configuration_dir_path }}'}, {'dest': '{{ bin_dir_path }}', 'fstype': 'nfs', 'opts': 'rw,hard,intr,_netdev', 'src': '{{ headnode_ip }}:{{ bin_dir_path }}'}], 'mounted_state': 'ephemeral', 'sshd_packages': ['openssh-server', 'openssh-clients'], 'sshd_service_name': 'sshd', 'sshd_service_state': 'started', 'sshd_service_enabled': True, 'ssh_hardening_enable': True, 'sshd_hardening_block': 'PermitRootLogin yes\nPasswordAuthentication yes\nPermitEmptyPasswords no\nChallengeResponseAuthentication no\nUseDNS no\nX11Forwarding yes\nAllowTcpForwarding no\nPrintMotd no\nBanner none\nVersionAddendum none\nCiphers chacha20-poly1305@openssh.com,aes256-gcm@openssh.com,aes256-ctr\nMACs hmac-sha2-512,hmac-sha2-256\nKexAlgorithms curve25519-sha256,curve25519-sha256@libssh.org'}
2026-07-24 15:44:04,294 [WARNING] services.ansible_runner: inventory_path provided but ignored. Using ansible.cfg default inventory.
2026-07-24 15:44:04,294 [INFO] services.ansible_runner: Job 98c01445-7940-4a1e-9b10-f1641ca430de | cwd=/opt/OpenCHAI_Registry/july/OpenCHAI/automation/ansible | cmd=ansible-playbook /opt/OpenCHAI_Registry/july/OpenCHAI/cluster_setup/ha_server_setup/hpc_master/phase1.3_hosts.yml --user root --private-key /root/.ssh/id_rsa --extra-vars '{"primary_nameserver": "{{ headnode_ip }}", "fallback_dns": {"nameservers": ["10.208.192.11", "10.208.192.12"], "search_domains": ["pune.cdac.in"]}, "fw_service_name": "firewalld", "fw_service_state": "stopped", "fw_service_enabled": false, "fw_install_if_missing": true, "selinux_mode": "disabled", "selinux_install_if_missing": true, "hpc_container_pv_dir": "/hpc_container_pv", "hpctool_stack_dir": "/hpctool_stack", "hpc_cluster_suite_dir": "/root/hpc_cluster_suite", "nfs_rpm_dir": "{{ rpm_stack_path }}/nfs_rpms/", "required_packages": ["nfs-utils", "libnfsidmap", "rpcbind"], "nfs_client_packages": ["nfs-utils"], "nfs_client_service": "nfs-client.target", "nfs_client_state": "started", "nfs_client_enabled": true, "nfs_client_install_if_missing": true, "nfs_mounts": [{"dest": "{{ rpm_stack_path }}", "fstype": "nfs", "opts": "ro,_netdev", "src": "{{ headnode_ip }}:{{ rpm_stack_path }}"}, {"dest": "{{ configuration_dir_path }}", "fstype": "nfs", "opts": "rw,hard,intr,_netdev", "src": "{{ headnode_ip }}:{{ configuration_dir_path }}"}, {"dest": "{{ bin_dir_path }}", "fstype": "nfs", "opts": "rw,hard,intr,_netdev", "src": "{{ headnode_ip }}:{{ bin_dir_path }}"}], "mounted_state": "ephemeral", "sshd_packages": ["openssh-server", "openssh-clients"], "sshd_service_name": "sshd", "sshd_service_state": "started", "sshd_service_enabled": true, "ssh_hardening_enable": true, "sshd_hardening_block": "PermitRootLogin yes\nPasswordAuthentication yes\nPermitEmptyPasswords no\nChallengeResponseAuthentication no\nUseDNS no\nX11Forwarding yes\nAllowTcpForwarding no\nPrintMotd no\nBanner none\nVersionAddendum none\nCiphers chacha20-poly1305@openssh.com,aes256-gcm@openssh.com,aes256-ctr\nMACs hmac-sha2-512,hmac-sha2-256\nKexAlgorithms curve25519-sha256,curve25519-sha256@libssh.org"}' --limit hpc-master01,hpc-master02
2026-07-24 15:44:04,351 [INFO] routes.logs: WS client connected for job 540a8b70-2d04-44c1-a160-63842df1989a
2026-07-24 15:44:04,403 [INFO] routes.logs: WS client connected for job 74d27ebf-0365-4941-9dc3-66eb05781c04
2026-07-24 15:44:04,484 [INFO] routes.logs: WS client connected for job 0c93043d-91d6-472c-8546-e70a1e0dcb4f
2026-07-24 15:44:04,534 [INFO] routes.logs: WS client connected for job 98c01445-7940-4a1e-9b10-f1641ca430de
2026-07-24 15:44:09,377 [INFO] services.ansible_runner: Job 98c01445-7940-4a1e-9b10-f1641ca430de finished rc=0 status=success
2026-07-24 15:44:09,378 [INFO] routes.logs: WS session for job 98c01445-7940-4a1e-9b10-f1641ca430de closed
2026-07-24 15:44:10,315 [INFO] routes.cluster_setup: Resolved inventory: /opt/OpenCHAI_Registry/july/OpenCHAI/automation/ansible/inventory/inventory_def.txt
2026-07-24 15:44:10,318 [INFO] services.ansible_runner: Normalized extra-vars: {'primary_nameserver': '{{ headnode_ip }}', 'fallback_dns': {'nameservers': ['10.208.192.11', '10.208.192.12'], 'search_domains': ['pune.cdac.in']}, 'fw_service_name': 'firewalld', 'fw_service_state': 'stopped', 'fw_service_enabled': False, 'fw_install_if_missing': True, 'selinux_mode': 'disabled', 'selinux_install_if_missing': True, 'hpc_container_pv_dir': '/hpc_container_pv', 'hpctool_stack_dir': '/hpctool_stack', 'hpc_cluster_suite_dir': '/root/hpc_cluster_suite', 'nfs_rpm_dir': '{{ rpm_stack_path }}/nfs_rpms/', 'required_packages': ['nfs-utils', 'libnfsidmap', 'rpcbind'], 'nfs_client_packages': ['nfs-utils'], 'nfs_client_service': 'nfs-client.target', 'nfs_client_state': 'started', 'nfs_client_enabled': True, 'nfs_client_install_if_missing': True, 'nfs_mounts': [{'dest': '{{ rpm_stack_path }}', 'fstype': 'nfs', 'opts': 'ro,_netdev', 'src': '{{ headnode_ip }}:{{ rpm_stack_path }}'}, {'dest': '{{ configuration_dir_path }}', 'fstype': 'nfs', 'opts': 'rw,hard,intr,_netdev', 'src': '{{ headnode_ip }}:{{ configuration_dir_path }}'}, {'dest': '{{ bin_dir_path }}', 'fstype': 'nfs', 'opts': 'rw,hard,intr,_netdev', 'src': '{{ headnode_ip }}:{{ bin_dir_path }}'}], 'mounted_state': 'ephemeral', 'sshd_packages': ['openssh-server', 'openssh-clients'], 'sshd_service_name': 'sshd', 'sshd_service_state': 'started', 'sshd_service_enabled': True, 'ssh_hardening_enable': True, 'sshd_hardening_block': 'PermitRootLogin yes\nPasswordAuthentication yes\nPermitEmptyPasswords no\nChallengeResponseAuthentication no\nUseDNS no\nX11Forwarding yes\nAllowTcpForwarding no\nPrintMotd no\nBanner none\nVersionAddendum none\nCiphers chacha20-poly1305@openssh.com,aes256-gcm@openssh.com,aes256-ctr\nMACs hmac-sha2-512,hmac-sha2-256\nKexAlgorithms curve25519-sha256,curve25519-sha256@libssh.org'}
2026-07-24 15:44:10,319 [WARNING] services.ansible_runner: inventory_path provided but ignored. Using ansible.cfg default inventory.
2026-07-24 15:44:10,319 [INFO] services.ansible_runner: Job b44bd987-b063-4ed1-b563-3b76fc5cf18a | cwd=/opt/OpenCHAI_Registry/july/OpenCHAI/automation/ansible | cmd=ansible-playbook /opt/OpenCHAI_Registry/july/OpenCHAI/cluster_setup/ha_server_setup/hpc_master/phase1.4_std_directory_setup.yml --user root --private-key /root/.ssh/id_rsa --extra-vars '{"primary_nameserver": "{{ headnode_ip }}", "fallback_dns": {"nameservers": ["10.208.192.11", "10.208.192.12"], "search_domains": ["pune.cdac.in"]}, "fw_service_name": "firewalld", "fw_service_state": "stopped", "fw_service_enabled": false, "fw_install_if_missing": true, "selinux_mode": "disabled", "selinux_install_if_missing": true, "hpc_container_pv_dir": "/hpc_container_pv", "hpctool_stack_dir": "/hpctool_stack", "hpc_cluster_suite_dir": "/root/hpc_cluster_suite", "nfs_rpm_dir": "{{ rpm_stack_path }}/nfs_rpms/", "required_packages": ["nfs-utils", "libnfsidmap", "rpcbind"], "nfs_client_packages": ["nfs-utils"], "nfs_client_service": "nfs-client.target", "nfs_client_state": "started", "nfs_client_enabled": true, "nfs_client_install_if_missing": true, "nfs_mounts": [{"dest": "{{ rpm_stack_path }}", "fstype": "nfs", "opts": "ro,_netdev", "src": "{{ headnode_ip }}:{{ rpm_stack_path }}"}, {"dest": "{{ configuration_dir_path }}", "fstype": "nfs", "opts": "rw,hard,intr,_netdev", "src": "{{ headnode_ip }}:{{ configuration_dir_path }}"}, {"dest": "{{ bin_dir_path }}", "fstype": "nfs", "opts": "rw,hard,intr,_netdev", "src": "{{ headnode_ip }}:{{ bin_dir_path }}"}], "mounted_state": "ephemeral", "sshd_packages": ["openssh-server", "openssh-clients"], "sshd_service_name": "sshd", "sshd_service_state": "started", "sshd_service_enabled": true, "ssh_hardening_enable": true, "sshd_hardening_block": "PermitRootLogin yes\nPasswordAuthentication yes\nPermitEmptyPasswords no\nChallengeResponseAuthentication no\nUseDNS no\nX11Forwarding yes\nAllowTcpForwarding no\nPrintMotd no\nBanner none\nVersionAddendum none\nCiphers chacha20-poly1305@openssh.com,aes256-gcm@openssh.com,aes256-ctr\nMACs hmac-sha2-512,hmac-sha2-256\nKexAlgorithms curve25519-sha256,curve25519-sha256@libssh.org"}' --limit hpc-master01,hpc-master02
2026-07-24 15:44:10,378 [INFO] routes.logs: WS client connected for job 540a8b70-2d04-44c1-a160-63842df1989a
2026-07-24 15:44:10,434 [INFO] routes.logs: WS client connected for job 74d27ebf-0365-4941-9dc3-66eb05781c04
2026-07-24 15:44:10,479 [INFO] routes.logs: WS client connected for job 0c93043d-91d6-472c-8546-e70a1e0dcb4f
2026-07-24 15:44:10,546 [INFO] routes.logs: WS client connected for job 98c01445-7940-4a1e-9b10-f1641ca430de
2026-07-24 15:44:10,573 [INFO] routes.logs: WS client connected for job b44bd987-b063-4ed1-b563-3b76fc5cf18a
2026-07-24 15:44:14,651 [INFO] services.ansible_runner: Job b44bd987-b063-4ed1-b563-3b76fc5cf18a finished rc=0 status=success
2026-07-24 15:44:14,652 [INFO] routes.logs: WS session for job b44bd987-b063-4ed1-b563-3b76fc5cf18a closed
2026-07-24 15:44:16,295 [INFO] routes.cluster_setup: Resolved inventory: /opt/OpenCHAI_Registry/july/OpenCHAI/automation/ansible/inventory/inventory_def.txt
2026-07-24 15:44:16,299 [INFO] services.ansible_runner: Normalized extra-vars: {'primary_nameserver': '{{ headnode_ip }}', 'fallback_dns': {'nameservers': ['10.208.192.11', '10.208.192.12'], 'search_domains': ['pune.cdac.in']}, 'fw_service_name': 'firewalld', 'fw_service_state': 'stopped', 'fw_service_enabled': False, 'fw_install_if_missing': True, 'selinux_mode': 'disabled', 'selinux_install_if_missing': True, 'hpc_container_pv_dir': '/hpc_container_pv', 'hpctool_stack_dir': '/hpctool_stack', 'hpc_cluster_suite_dir': '/root/hpc_cluster_suite', 'nfs_rpm_dir': '{{ rpm_stack_path }}/nfs_rpms/', 'required_packages': ['nfs-utils', 'libnfsidmap', 'rpcbind'], 'nfs_client_packages': ['nfs-utils'], 'nfs_client_service': 'nfs-client.target', 'nfs_client_state': 'started', 'nfs_client_enabled': True, 'nfs_client_install_if_missing': True, 'nfs_mounts': [{'dest': '{{ rpm_stack_path }}', 'fstype': 'nfs', 'opts': 'ro,_netdev', 'src': '{{ headnode_ip }}:{{ rpm_stack_path }}'}, {'dest': '{{ configuration_dir_path }}', 'fstype': 'nfs', 'opts': 'rw,hard,intr,_netdev', 'src': '{{ headnode_ip }}:{{ configuration_dir_path }}'}, {'dest': '{{ bin_dir_path }}', 'fstype': 'nfs', 'opts': 'rw,hard,intr,_netdev', 'src': '{{ headnode_ip }}:{{ bin_dir_path }}'}], 'mounted_state': 'ephemeral', 'sshd_packages': ['openssh-server', 'openssh-clients'], 'sshd_service_name': 'sshd', 'sshd_service_state': 'started', 'sshd_service_enabled': True, 'ssh_hardening_enable': True, 'sshd_hardening_block': 'PermitRootLogin yes\nPasswordAuthentication yes\nPermitEmptyPasswords no\nChallengeResponseAuthentication no\nUseDNS no\nX11Forwarding yes\nAllowTcpForwarding no\nPrintMotd no\nBanner none\nVersionAddendum none\nCiphers chacha20-poly1305@openssh.com,aes256-gcm@openssh.com,aes256-ctr\nMACs hmac-sha2-512,hmac-sha2-256\nKexAlgorithms curve25519-sha256,curve25519-sha256@libssh.org'}
2026-07-24 15:44:16,299 [WARNING] services.ansible_runner: inventory_path provided but ignored. Using ansible.cfg default inventory.
2026-07-24 15:44:16,300 [INFO] services.ansible_runner: Job 4ad16f6f-f066-4d8d-a357-d57f2b64610c | cwd=/opt/OpenCHAI_Registry/july/OpenCHAI/automation/ansible | cmd=ansible-playbook /opt/OpenCHAI_Registry/july/OpenCHAI/cluster_setup/ha_server_setup/hpc_master/phase1.5_nfs_client.yml --user root --private-key /root/.ssh/id_rsa --extra-vars '{"primary_nameserver": "{{ headnode_ip }}", "fallback_dns": {"nameservers": ["10.208.192.11", "10.208.192.12"], "search_domains": ["pune.cdac.in"]}, "fw_service_name": "firewalld", "fw_service_state": "stopped", "fw_service_enabled": false, "fw_install_if_missing": true, "selinux_mode": "disabled", "selinux_install_if_missing": true, "hpc_container_pv_dir": "/hpc_container_pv", "hpctool_stack_dir": "/hpctool_stack", "hpc_cluster_suite_dir": "/root/hpc_cluster_suite", "nfs_rpm_dir": "{{ rpm_stack_path }}/nfs_rpms/", "required_packages": ["nfs-utils", "libnfsidmap", "rpcbind"], "nfs_client_packages": ["nfs-utils"], "nfs_client_service": "nfs-client.target", "nfs_client_state": "started", "nfs_client_enabled": true, "nfs_client_install_if_missing": true, "nfs_mounts": [{"dest": "{{ rpm_stack_path }}", "fstype": "nfs", "opts": "ro,_netdev", "src": "{{ headnode_ip }}:{{ rpm_stack_path }}"}, {"dest": "{{ configuration_dir_path }}", "fstype": "nfs", "opts": "rw,hard,intr,_netdev", "src": "{{ headnode_ip }}:{{ configuration_dir_path }}"}, {"dest": "{{ bin_dir_path }}", "fstype": "nfs", "opts": "rw,hard,intr,_netdev", "src": "{{ headnode_ip }}:{{ bin_dir_path }}"}], "mounted_state": "ephemeral", "sshd_packages": ["openssh-server", "openssh-clients"], "sshd_service_name": "sshd", "sshd_service_state": "started", "sshd_service_enabled": true, "ssh_hardening_enable": true, "sshd_hardening_block": "PermitRootLogin yes\nPasswordAuthentication yes\nPermitEmptyPasswords no\nChallengeResponseAuthentication no\nUseDNS no\nX11Forwarding yes\nAllowTcpForwarding no\nPrintMotd no\nBanner none\nVersionAddendum none\nCiphers chacha20-poly1305@openssh.com,aes256-gcm@openssh.com,aes256-ctr\nMACs hmac-sha2-512,hmac-sha2-256\nKexAlgorithms curve25519-sha256,curve25519-sha256@libssh.org"}' --limit hpc-master01,hpc-master02
2026-07-24 15:44:16,373 [INFO] routes.logs: WS client connected for job 540a8b70-2d04-44c1-a160-63842df1989a
2026-07-24 15:44:16,431 [INFO] routes.logs: WS client connected for job 74d27ebf-0365-4941-9dc3-66eb05781c04
2026-07-24 15:44:16,487 [INFO] routes.logs: WS client connected for job 0c93043d-91d6-472c-8546-e70a1e0dcb4f
2026-07-24 15:44:16,526 [INFO] routes.logs: WS client connected for job 98c01445-7940-4a1e-9b10-f1641ca430de
2026-07-24 15:44:16,566 [INFO] routes.logs: WS client connected for job b44bd987-b063-4ed1-b563-3b76fc5cf18a
2026-07-24 15:44:16,602 [INFO] routes.logs: WS client connected for job 4ad16f6f-f066-4d8d-a357-d57f2b64610c
2026-07-24 15:44:33,717 [INFO] services.ansible_runner: Job 4ad16f6f-f066-4d8d-a357-d57f2b64610c finished rc=0 status=success
2026-07-24 15:44:33,718 [INFO] routes.logs: WS session for job 4ad16f6f-f066-4d8d-a357-d57f2b64610c closed
2026-07-24 15:44:34,602 [INFO] routes.cluster_setup: Resolved inventory: /opt/OpenCHAI_Registry/july/OpenCHAI/automation/ansible/inventory/inventory_def.txt
2026-07-24 15:44:34,605 [INFO] services.ansible_runner: Normalized extra-vars: {'primary_nameserver': '{{ headnode_ip }}', 'fallback_dns': {'nameservers': ['10.208.192.11', '10.208.192.12'], 'search_domains': ['pune.cdac.in']}, 'fw_service_name': 'firewalld', 'fw_service_state': 'stopped', 'fw_service_enabled': False, 'fw_install_if_missing': True, 'selinux_mode': 'disabled', 'selinux_install_if_missing': True, 'hpc_container_pv_dir': '/hpc_container_pv', 'hpctool_stack_dir': '/hpctool_stack', 'hpc_cluster_suite_dir': '/root/hpc_cluster_suite', 'nfs_rpm_dir': '{{ rpm_stack_path }}/nfs_rpms/', 'required_packages': ['nfs-utils', 'libnfsidmap', 'rpcbind'], 'nfs_client_packages': ['nfs-utils'], 'nfs_client_service': 'nfs-client.target', 'nfs_client_state': 'started', 'nfs_client_enabled': True, 'nfs_client_install_if_missing': True, 'nfs_mounts': [{'dest': '{{ rpm_stack_path }}', 'fstype': 'nfs', 'opts': 'ro,_netdev', 'src': '{{ headnode_ip }}:{{ rpm_stack_path }}'}, {'dest': '{{ configuration_dir_path }}', 'fstype': 'nfs', 'opts': 'rw,hard,intr,_netdev', 'src': '{{ headnode_ip }}:{{ configuration_dir_path }}'}, {'dest': '{{ bin_dir_path }}', 'fstype': 'nfs', 'opts': 'rw,hard,intr,_netdev', 'src': '{{ headnode_ip }}:{{ bin_dir_path }}'}], 'mounted_state': 'ephemeral', 'sshd_packages': ['openssh-server', 'openssh-clients'], 'sshd_service_name': 'sshd', 'sshd_service_state': 'started', 'sshd_service_enabled': True, 'ssh_hardening_enable': True, 'sshd_hardening_block': 'PermitRootLogin yes\nPasswordAuthentication yes\nPermitEmptyPasswords no\nChallengeResponseAuthentication no\nUseDNS no\nX11Forwarding yes\nAllowTcpForwarding no\nPrintMotd no\nBanner none\nVersionAddendum none\nCiphers chacha20-poly1305@openssh.com,aes256-gcm@openssh.com,aes256-ctr\nMACs hmac-sha2-512,hmac-sha2-256\nKexAlgorithms curve25519-sha256,curve25519-sha256@libssh.org'}
2026-07-24 15:44:34,605 [WARNING] services.ansible_runner: inventory_path provided but ignored. Using ansible.cfg default inventory.
2026-07-24 15:44:34,606 [INFO] services.ansible_runner: Job b1de31dc-db24-4eac-a0cb-bcec3b35a112 | cwd=/opt/OpenCHAI_Registry/july/OpenCHAI/automation/ansible | cmd=ansible-playbook /opt/OpenCHAI_Registry/july/OpenCHAI/cluster_setup/ha_server_setup/hpc_master/phase1.6_secure_sshd.yml --user root --private-key /root/.ssh/id_rsa --extra-vars '{"primary_nameserver": "{{ headnode_ip }}", "fallback_dns": {"nameservers": ["10.208.192.11", "10.208.192.12"], "search_domains": ["pune.cdac.in"]}, "fw_service_name": "firewalld", "fw_service_state": "stopped", "fw_service_enabled": false, "fw_install_if_missing": true, "selinux_mode": "disabled", "selinux_install_if_missing": true, "hpc_container_pv_dir": "/hpc_container_pv", "hpctool_stack_dir": "/hpctool_stack", "hpc_cluster_suite_dir": "/root/hpc_cluster_suite", "nfs_rpm_dir": "{{ rpm_stack_path }}/nfs_rpms/", "required_packages": ["nfs-utils", "libnfsidmap", "rpcbind"], "nfs_client_packages": ["nfs-utils"], "nfs_client_service": "nfs-client.target", "nfs_client_state": "started", "nfs_client_enabled": true, "nfs_client_install_if_missing": true, "nfs_mounts": [{"dest": "{{ rpm_stack_path }}", "fstype": "nfs", "opts": "ro,_netdev", "src": "{{ headnode_ip }}:{{ rpm_stack_path }}"}, {"dest": "{{ configuration_dir_path }}", "fstype": "nfs", "opts": "rw,hard,intr,_netdev", "src": "{{ headnode_ip }}:{{ configuration_dir_path }}"}, {"dest": "{{ bin_dir_path }}", "fstype": "nfs", "opts": "rw,hard,intr,_netdev", "src": "{{ headnode_ip }}:{{ bin_dir_path }}"}], "mounted_state": "ephemeral", "sshd_packages": ["openssh-server", "openssh-clients"], "sshd_service_name": "sshd", "sshd_service_state": "started", "sshd_service_enabled": true, "ssh_hardening_enable": true, "sshd_hardening_block": "PermitRootLogin yes\nPasswordAuthentication yes\nPermitEmptyPasswords no\nChallengeResponseAuthentication no\nUseDNS no\nX11Forwarding yes\nAllowTcpForwarding no\nPrintMotd no\nBanner none\nVersionAddendum none\nCiphers chacha20-poly1305@openssh.com,aes256-gcm@openssh.com,aes256-ctr\nMACs hmac-sha2-512,hmac-sha2-256\nKexAlgorithms curve25519-sha256,curve25519-sha256@libssh.org"}' --limit hpc-master01,hpc-master02
2026-07-24 15:44:34,701 [INFO] routes.logs: WS client connected for job 540a8b70-2d04-44c1-a160-63842df1989a
2026-07-24 15:44:34,750 [INFO] routes.logs: WS client connected for job 74d27ebf-0365-4941-9dc3-66eb05781c04
2026-07-24 15:44:34,795 [INFO] routes.logs: WS client connected for job 0c93043d-91d6-472c-8546-e70a1e0dcb4f
2026-07-24 15:44:34,858 [INFO] routes.logs: WS client connected for job 98c01445-7940-4a1e-9b10-f1641ca430de
2026-07-24 15:44:34,889 [INFO] routes.logs: WS client connected for job b44bd987-b063-4ed1-b563-3b76fc5cf18a
2026-07-24 15:44:34,937 [INFO] routes.logs: WS client connected for job 4ad16f6f-f066-4d8d-a357-d57f2b64610c
2026-07-24 15:44:34,989 [INFO] routes.logs: WS client connected for job b1de31dc-db24-4eac-a0cb-bcec3b35a112
2026-07-24 15:44:43,637 [INFO] services.ansible_runner: Job b1de31dc-db24-4eac-a0cb-bcec3b35a112 finished rc=0 status=success
2026-07-24 15:44:43,638 [INFO] routes.logs: WS session for job b1de31dc-db24-4eac-a0cb-bcec3b35a112 closed
2026-07-24 15:44:44,511 [INFO] routes.cluster_setup: Resolved inventory: /opt/OpenCHAI_Registry/july/OpenCHAI/automation/ansible/inventory/inventory_def.txt
2026-07-24 15:44:44,514 [INFO] services.ansible_runner: Normalized extra-vars: {'primary_nameserver': '{{ headnode_ip }}', 'fallback_dns': {'nameservers': ['10.208.192.11', '10.208.192.12'], 'search_domains': ['pune.cdac.in']}, 'fw_service_name': 'firewalld', 'fw_service_state': 'stopped', 'fw_service_enabled': False, 'fw_install_if_missing': True, 'selinux_mode': 'disabled', 'selinux_install_if_missing': True, 'hpc_container_pv_dir': '/hpc_container_pv', 'hpctool_stack_dir': '/hpctool_stack', 'hpc_cluster_suite_dir': '/root/hpc_cluster_suite', 'nfs_rpm_dir': '{{ rpm_stack_path }}/nfs_rpms/', 'required_packages': ['nfs-utils', 'libnfsidmap', 'rpcbind'], 'nfs_client_packages': ['nfs-utils'], 'nfs_client_service': 'nfs-client.target', 'nfs_client_state': 'started', 'nfs_client_enabled': True, 'nfs_client_install_if_missing': True, 'nfs_mounts': [{'dest': '{{ rpm_stack_path }}', 'fstype': 'nfs', 'opts': 'ro,_netdev', 'src': '{{ headnode_ip }}:{{ rpm_stack_path }}'}, {'dest': '{{ configuration_dir_path }}', 'fstype': 'nfs', 'opts': 'rw,hard,intr,_netdev', 'src': '{{ headnode_ip }}:{{ configuration_dir_path }}'}, {'dest': '{{ bin_dir_path }}', 'fstype': 'nfs', 'opts': 'rw,hard,intr,_netdev', 'src': '{{ headnode_ip }}:{{ bin_dir_path }}'}], 'mounted_state': 'ephemeral', 'sshd_packages': ['openssh-server', 'openssh-clients'], 'sshd_service_name': 'sshd', 'sshd_service_state': 'started', 'sshd_service_enabled': True, 'ssh_hardening_enable': True, 'sshd_hardening_block': 'PermitRootLogin yes\nPasswordAuthentication yes\nPermitEmptyPasswords no\nChallengeResponseAuthentication no\nUseDNS no\nX11Forwarding yes\nAllowTcpForwarding no\nPrintMotd no\nBanner none\nVersionAddendum none\nCiphers chacha20-poly1305@openssh.com,aes256-gcm@openssh.com,aes256-ctr\nMACs hmac-sha2-512,hmac-sha2-256\nKexAlgorithms curve25519-sha256,curve25519-sha256@libssh.org'}
2026-07-24 15:44:44,514 [WARNING] services.ansible_runner: inventory_path provided but ignored. Using ansible.cfg default inventory.
2026-07-24 15:44:44,515 [INFO] services.ansible_runner: Job 9735a679-b0b0-49b6-9ac3-8b07fa547fe2 | cwd=/opt/OpenCHAI_Registry/july/OpenCHAI/automation/ansible | cmd=ansible-playbook /opt/OpenCHAI_Registry/july/OpenCHAI/cluster_setup/ha_server_setup/hpc_master/phase1.7_chrony_server.yml --user root --private-key /root/.ssh/id_rsa --extra-vars '{"primary_nameserver": "{{ headnode_ip }}", "fallback_dns": {"nameservers": ["10.208.192.11", "10.208.192.12"], "search_domains": ["pune.cdac.in"]}, "fw_service_name": "firewalld", "fw_service_state": "stopped", "fw_service_enabled": false, "fw_install_if_missing": true, "selinux_mode": "disabled", "selinux_install_if_missing": true, "hpc_container_pv_dir": "/hpc_container_pv", "hpctool_stack_dir": "/hpctool_stack", "hpc_cluster_suite_dir": "/root/hpc_cluster_suite", "nfs_rpm_dir": "{{ rpm_stack_path }}/nfs_rpms/", "required_packages": ["nfs-utils", "libnfsidmap", "rpcbind"], "nfs_client_packages": ["nfs-utils"], "nfs_client_service": "nfs-client.target", "nfs_client_state": "started", "nfs_client_enabled": true, "nfs_client_install_if_missing": true, "nfs_mounts": [{"dest": "{{ rpm_stack_path }}", "fstype": "nfs", "opts": "ro,_netdev", "src": "{{ headnode_ip }}:{{ rpm_stack_path }}"}, {"dest": "{{ configuration_dir_path }}", "fstype": "nfs", "opts": "rw,hard,intr,_netdev", "src": "{{ headnode_ip }}:{{ configuration_dir_path }}"}, {"dest": "{{ bin_dir_path }}", "fstype": "nfs", "opts": "rw,hard,intr,_netdev", "src": "{{ headnode_ip }}:{{ bin_dir_path }}"}], "mounted_state": "ephemeral", "sshd_packages": ["openssh-server", "openssh-clients"], "sshd_service_name": "sshd", "sshd_service_state": "started", "sshd_service_enabled": true, "ssh_hardening_enable": true, "sshd_hardening_block": "PermitRootLogin yes\nPasswordAuthentication yes\nPermitEmptyPasswords no\nChallengeResponseAuthentication no\nUseDNS no\nX11Forwarding yes\nAllowTcpForwarding no\nPrintMotd no\nBanner none\nVersionAddendum none\nCiphers chacha20-poly1305@openssh.com,aes256-gcm@openssh.com,aes256-ctr\nMACs hmac-sha2-512,hmac-sha2-256\nKexAlgorithms curve25519-sha256,curve25519-sha256@libssh.org"}' --limit hpc-master01,hpc-master02
2026-07-24 15:44:44,901 [INFO] routes.logs: WS client connected for job 540a8b70-2d04-44c1-a160-63842df1989a
2026-07-24 15:44:44,975 [INFO] routes.logs: WS client connected for job 74d27ebf-0365-4941-9dc3-66eb05781c04
2026-07-24 15:44:44,986 [INFO] routes.logs: WS client connected for job 0c93043d-91d6-472c-8546-e70a1e0dcb4f
2026-07-24 15:44:45,093 [INFO] routes.logs: WS client connected for job b44bd987-b063-4ed1-b563-3b76fc5cf18a
2026-07-24 15:44:45,095 [INFO] routes.logs: WS client connected for job 98c01445-7940-4a1e-9b10-f1641ca430de
2026-07-24 15:44:45,491 [INFO] routes.logs: WS client connected for job b1de31dc-db24-4eac-a0cb-bcec3b35a112
2026-07-24 15:44:45,493 [INFO] routes.logs: WS client connected for job 4ad16f6f-f066-4d8d-a357-d57f2b64610c
2026-07-24 15:44:45,712 [INFO] routes.logs: WS client connected for job 9735a679-b0b0-49b6-9ac3-8b07fa547fe2
2026-07-24 15:45:38,705 [INFO] services.ansible_runner: Job 9735a679-b0b0-49b6-9ac3-8b07fa547fe2 finished rc=0 status=success
2026-07-24 15:45:38,706 [INFO] routes.logs: WS session for job 9735a679-b0b0-49b6-9ac3-8b07fa547fe2 closed
2026-07-24 15:46:53,137 [INFO] routes.logs: WS client connected for job 540a8b70-2d04-44c1-a160-63842df1989a
2026-07-24 15:46:53,150 [INFO] routes.logs: WS client connected for job 540a8b70-2d04-44c1-a160-63842df1989a
2026-07-24 15:46:53,199 [INFO] routes.logs: WS client connected for job 74d27ebf-0365-4941-9dc3-66eb05781c04
2026-07-24 15:46:53,263 [INFO] routes.logs: WS client connected for job 98c01445-7940-4a1e-9b10-f1641ca430de
2026-07-24 15:46:53,341 [INFO] routes.logs: WS client connected for job 0c93043d-91d6-472c-8546-e70a1e0dcb4f
2026-07-24 15:46:53,400 [INFO] routes.logs: WS client connected for job b44bd987-b063-4ed1-b563-3b76fc5cf18a
2026-07-24 15:46:53,757 [INFO] routes.logs: WS client connected for job 4ad16f6f-f066-4d8d-a357-d57f2b64610c
2026-07-24 15:46:53,991 [INFO] routes.logs: WS client connected for job b1de31dc-db24-4eac-a0cb-bcec3b35a112
2026-07-24 15:46:55,028 [INFO] routes.logs: WS client connected for job 9735a679-b0b0-49b6-9ac3-8b07fa547fe2
2026-07-24 15:46:55,237 [INFO] routes.cluster_setup: Resolved inventory: /opt/OpenCHAI_Registry/july/OpenCHAI/automation/ansible/inventory/inventory_def.txt
2026-07-24 15:46:55,242 [INFO] services.ansible_runner: Normalized extra-vars: {'primary_nameserver': '{{ headnode_ip }}', 'fallback_dns': {'nameservers': ['10.208.192.11', '10.208.192.12'], 'search_domains': ['pune.cdac.in']}, 'fw_service_name': 'firewalld', 'fw_service_state': 'stopped', 'fw_service_enabled': False, 'fw_install_if_missing': True, 'selinux_mode': 'disabled', 'selinux_install_if_missing': True, 'hpc_container_pv_dir': '/hpc_container_pv', 'hpctool_stack_dir': '/hpctool_stack', 'hpc_cluster_suite_dir': '/root/hpc_cluster_suite', 'nfs_rpm_dir': '{{ rpm_stack_path }}/nfs_rpms/', 'required_packages': ['nfs-utils', 'libnfsidmap', 'rpcbind'], 'nfs_client_packages': ['nfs-utils'], 'nfs_client_service': 'nfs-client.target', 'nfs_client_state': 'started', 'nfs_client_enabled': True, 'nfs_client_install_if_missing': True, 'nfs_mounts': [{'dest': '{{ rpm_stack_path }}', 'fstype': 'nfs', 'opts': 'ro,_netdev', 'src': '{{ headnode_ip }}:{{ rpm_stack_path }}'}, {'dest': '{{ configuration_dir_path }}', 'fstype': 'nfs', 'opts': 'rw,hard,intr,_netdev', 'src': '{{ headnode_ip }}:{{ configuration_dir_path }}'}, {'dest': '{{ bin_dir_path }}', 'fstype': 'nfs', 'opts': 'rw,hard,intr,_netdev', 'src': '{{ headnode_ip }}:{{ bin_dir_path }}'}], 'mounted_state': 'ephemeral', 'sshd_packages': 'openssh-server, openssh-clients', 'sshd_service_name': 'sshd', 'sshd_service_state': 'started', 'sshd_service_enabled': True, 'ssh_hardening_enable': True, 'sshd_hardening_block': 'PermitRootLogin yes\nPasswordAuthentication yes\nPermitEmptyPasswords no\nChallengeResponseAuthentication no\nUseDNS no\nX11Forwarding yes\nAllowTcpForwarding no\nPrintMotd no\nBanner none\nVersionAddendum none\nCiphers chacha20-poly1305@openssh.com,aes256-gcm@openssh.com,aes256-ctr\nMACs hmac-sha2-512,hmac-sha2-256\nKexAlgorithms curve25519-sha256,curve25519-sha256@libssh.org'}
2026-07-24 15:46:55,242 [WARNING] services.ansible_runner: inventory_path provided but ignored. Using ansible.cfg default inventory.
2026-07-24 15:46:55,243 [INFO] services.ansible_runner: Job 666db9b6-f5a8-433c-a7e9-ec5a25493640 | cwd=/opt/OpenCHAI_Registry/july/OpenCHAI/automation/ansible | cmd=ansible-playbook /opt/OpenCHAI_Registry/july/OpenCHAI/cluster_setup/ha_server_setup/hpc_master/phase1.5_nfs_client.yml --user root --private-key /root/.ssh/id_rsa --extra-vars '{"primary_nameserver": "{{ headnode_ip }}", "fallback_dns": {"nameservers": ["10.208.192.11", "10.208.192.12"], "search_domains": ["pune.cdac.in"]}, "fw_service_name": "firewalld", "fw_service_state": "stopped", "fw_service_enabled": false, "fw_install_if_missing": true, "selinux_mode": "disabled", "selinux_install_if_missing": true, "hpc_container_pv_dir": "/hpc_container_pv", "hpctool_stack_dir": "/hpctool_stack", "hpc_cluster_suite_dir": "/root/hpc_cluster_suite", "nfs_rpm_dir": "{{ rpm_stack_path }}/nfs_rpms/", "required_packages": ["nfs-utils", "libnfsidmap", "rpcbind"], "nfs_client_packages": ["nfs-utils"], "nfs_client_service": "nfs-client.target", "nfs_client_state": "started", "nfs_client_enabled": true, "nfs_client_install_if_missing": true, "nfs_mounts": [{"dest": "{{ rpm_stack_path }}", "fstype": "nfs", "opts": "ro,_netdev", "src": "{{ headnode_ip }}:{{ rpm_stack_path }}"}, {"dest": "{{ configuration_dir_path }}", "fstype": "nfs", "opts": "rw,hard,intr,_netdev", "src": "{{ headnode_ip }}:{{ configuration_dir_path }}"}, {"dest": "{{ bin_dir_path }}", "fstype": "nfs", "opts": "rw,hard,intr,_netdev", "src": "{{ headnode_ip }}:{{ bin_dir_path }}"}], "mounted_state": "ephemeral", "sshd_packages": "openssh-server, openssh-clients", "sshd_service_name": "sshd", "sshd_service_state": "started", "sshd_service_enabled": true, "ssh_hardening_enable": true, "sshd_hardening_block": "PermitRootLogin yes\nPasswordAuthentication yes\nPermitEmptyPasswords no\nChallengeResponseAuthentication no\nUseDNS no\nX11Forwarding yes\nAllowTcpForwarding no\nPrintMotd no\nBanner none\nVersionAddendum none\nCiphers chacha20-poly1305@openssh.com,aes256-gcm@openssh.com,aes256-ctr\nMACs hmac-sha2-512,hmac-sha2-256\nKexAlgorithms curve25519-sha256,curve25519-sha256@libssh.org"}' --limit hpc-master01,hpc-master02
2026-07-24 15:46:55,279 [INFO] routes.logs: WS client connected for job 666db9b6-f5a8-433c-a7e9-ec5a25493640
2026-07-24 15:46:55,300 [INFO] routes.logs: WS client connected for job 666db9b6-f5a8-433c-a7e9-ec5a25493640
2026-07-24 15:46:55,571 [INFO] routes.logs: WS client disconnected from job 666db9b6-f5a8-433c-a7e9-ec5a25493640
2026-07-24 15:46:55,571 [INFO] routes.logs: WS session for job 666db9b6-f5a8-433c-a7e9-ec5a25493640 closed
2026-07-24 15:47:13,403 [INFO] services.ansible_runner: Job 666db9b6-f5a8-433c-a7e9-ec5a25493640 finished rc=0 status=success
2026-07-24 15:47:13,404 [INFO] routes.logs: WS session for job 666db9b6-f5a8-433c-a7e9-ec5a25493640 closed
2026-07-24 15:48:37,062 [INFO] routes.chai_release: Listing versions for arch=x86_64 os_dist=rocky9.6 verify_ssl=None
2026-07-24 15:48:37,062 [INFO] services.chai_release_service: Fetching versions from: https://hpcsangrah-test.pune.cdac.in/vault/OpenCHAI/hpcsuite_registry/hostmachine_reg/x86_64/rocky9.6/
2026-07-24 15:48:37,065 [INFO] routes.chai_release: Listing releases for arch=x86_64 os_dist=rocky9.6 version=openchai_ha_full_v1.25.0
2026-07-24 15:48:37,066 [INFO] services.chai_release_service: Fetching releases from: https://hpcsangrah-test.pune.cdac.in/vault/OpenCHAI/hpcsuite_registry/hostmachine_reg/x86_64/rocky9.6/openchai_ha_full_v1.25.0/
2026-07-24 15:48:37,091 [INFO] httpx: HTTP Request: GET https://hpcsangrah-test.pune.cdac.in/vault/OpenCHAI/hpcsuite_registry/hostmachine_reg/x86_64/rocky9.6/openchai_ha_full_v1.25.0/ "HTTP/1.1 404 Not Found"
2026-07-24 15:48:37,093 [INFO] httpx: HTTP Request: GET https://hpcsangrah-test.pune.cdac.in/vault/OpenCHAI/hpcsuite_registry/hostmachine_reg/x86_64/ "HTTP/1.1 200 OK"
2026-07-24 15:48:37,095 [INFO] httpx: HTTP Request: GET https://hpcsangrah-test.pune.cdac.in/vault/OpenCHAI/hpcsuite_registry/hostmachine_reg/x86_64/rocky9.6/ "HTTP/1.1 200 OK"
2026-07-24 15:48:37,096 [INFO] httpx: HTTP Request: GET https://hpcsangrah-test.pune.cdac.in/vault/OpenCHAI/hpcsuite_registry/hostmachine_reg/ "HTTP/1.1 200 OK"
2026-07-24 15:48:37,097 [WARNING] services.chai_release_service: HTTP 404 fetching https://hpcsangrah-test.pune.cdac.in/vault/OpenCHAI/hpcsuite_registry/hostmachine_reg/x86_64/rocky9.6/openchai_ha_full_v1.25.0/ (path not found)
2026-07-24 15:48:37,125 [INFO] httpx: HTTP Request: HEAD https://hpcsangrah-test.pune.cdac.in/vault/OpenCHAI/hpcsuite_registry/hostmachine_reg/x86_64/rocky9.6/openchai_base_v1.25.0.tgz "HTTP/1.1 200 OK"
2026-07-24 15:48:37,127 [INFO] httpx: HTTP Request: HEAD https://hpcsangrah-test.pune.cdac.in/vault/OpenCHAI/hpcsuite_registry/hostmachine_reg/x86_64/rocky9.6/openchai_mldl_addon_v1.25.0.tgz "HTTP/1.1 200 OK"
2026-07-24 15:48:37,129 [INFO] httpx: HTTP Request: HEAD https://hpcsangrah-test.pune.cdac.in/vault/OpenCHAI/hpcsuite_registry/hostmachine_reg/x86_64/rocky9.6/openchai_sm_v1.25.0.tgz "HTTP/1.1 200 OK"
2026-07-24 15:48:37,189 [INFO] routes.chai_release: Listing releases for arch=x86_64 os_dist=rocky9.6 version=openchai_ha_full_v1.25.0
2026-07-24 15:48:37,190 [INFO] services.chai_release_service: Fetching releases from: https://hpcsangrah-test.pune.cdac.in/vault/OpenCHAI/hpcsuite_registry/hostmachine_reg/x86_64/rocky9.6/openchai_ha_full_v1.25.0/
2026-07-24 15:48:37,210 [INFO] httpx: HTTP Request: GET https://hpcsangrah-test.pune.cdac.in/vault/OpenCHAI/hpcsuite_registry/hostmachine_reg/x86_64/rocky9.6/openchai_ha_full_v1.25.0/ "HTTP/1.1 404 Not Found"
2026-07-24 15:48:37,212 [INFO] httpx: HTTP Request: GET https://hpcsangrah-test.pune.cdac.in/vault/OpenCHAI/hpcsuite_registry/hostmachine_reg/ "HTTP/1.1 200 OK"
2026-07-24 15:48:37,213 [WARNING] services.chai_release_service: HTTP 404 fetching https://hpcsangrah-test.pune.cdac.in/vault/OpenCHAI/hpcsuite_registry/hostmachine_reg/x86_64/rocky9.6/openchai_ha_full_v1.25.0/ (path not found)
2026-07-24 15:48:37,215 [INFO] httpx: HTTP Request: GET https://hpcsangrah-test.pune.cdac.in/vault/OpenCHAI/hpcsuite_registry/hostmachine_reg/x86_64/ "HTTP/1.1 200 OK"
2026-07-24 15:48:37,220 [INFO] routes.chai_release: Listing versions for arch=x86_64 os_dist=rocky9.6 verify_ssl=None
2026-07-24 15:48:37,220 [INFO] services.chai_release_service: Fetching versions from: https://hpcsangrah-test.pune.cdac.in/vault/OpenCHAI/hpcsuite_registry/hostmachine_reg/x86_64/rocky9.6/
2026-07-24 15:48:37,249 [INFO] httpx: HTTP Request: GET https://hpcsangrah-test.pune.cdac.in/vault/OpenCHAI/hpcsuite_registry/hostmachine_reg/x86_64/rocky9.6/ "HTTP/1.1 200 OK"
2026-07-24 15:48:37,297 [INFO] httpx: HTTP Request: HEAD https://hpcsangrah-test.pune.cdac.in/vault/OpenCHAI/hpcsuite_registry/hostmachine_reg/x86_64/rocky9.6/openchai_base_v1.25.0.tgz "HTTP/1.1 200 OK"
2026-07-24 15:48:37,297 [INFO] httpx: HTTP Request: HEAD https://hpcsangrah-test.pune.cdac.in/vault/OpenCHAI/hpcsuite_registry/hostmachine_reg/x86_64/rocky9.6/openchai_mldl_addon_v1.25.0.tgz "HTTP/1.1 200 OK"
2026-07-24 15:48:37,298 [INFO] httpx: HTTP Request: HEAD https://hpcsangrah-test.pune.cdac.in/vault/OpenCHAI/hpcsuite_registry/hostmachine_reg/x86_64/rocky9.6/openchai_sm_v1.25.0.tgz "HTTP/1.1 200 OK"
2026-07-24 15:49:30,999 [INFO] services.chai_release_service: Registry auth store updated (type=basic)
2026-07-24 15:49:31,019 [INFO] httpx: HTTP Request: GET https://hpcsangrah-test.pune.cdac.in/vault/OpenCHAI/hpcsuite_registry/hostmachine_reg/ "HTTP/1.1 401 Unauthorized"
2026-07-24 15:49:31,020 [WARNING] routes.chai_release: Registry auth REJECTED (type=basic, status=401): Registry rejected the credentials (401 Unauthorized). Check the username and password.
2026-07-24 15:49:31,021 [INFO] services.chai_release_service: Registry auth store updated (type=none)
2026-07-24 15:50:50,064 [WARNING] routes.auth: Failed login for user 'root' from 127.0.0.1 (attempt 1)
2026-07-24 15:50:53,972 [INFO] routes.auth: Login OK: user='root' role='admin' groups=['root', 'openchai-admins'] ip=127.0.0.1
2026-07-24 15:51:01,619 [INFO] routes.auth: Login OK: user='root' role='admin' groups=['root', 'openchai-admins'] ip=127.0.0.1
2026-07-24 15:51:33,472 [INFO] services.chai_release_service: Registry auth store updated (type=basic)
2026-07-24 15:51:33,498 [INFO] httpx: HTTP Request: GET https://hpcsangrah-test.pune.cdac.in/vault/OpenCHAI/hpcsuite_registry/hostmachine_reg/ "HTTP/1.1 200 OK"
2026-07-24 15:51:33,500 [INFO] routes.chai_release: Registry auth VALIDATED via /auth endpoint (type=basic)
2026-07-24 15:51:33,696 [INFO] httpx: HTTP Request: GET https://hpcsangrah-test.pune.cdac.in/vault/OpenCHAI/hpcsuite_registry/hostmachine_reg/ "HTTP/1.1 200 OK"
2026-07-24 15:53:13,421 [INFO] httpx: HTTP Request: GET https://hpcsangrah-test.pune.cdac.in/vault/OpenCHAI/hpcsuite_registry/hostmachine_reg/aarch64/ "HTTP/1.1 200 OK"
2026-07-24 15:53:13,423 [WARNING] routes.chai_release: Empty distributions for arch=aarch64 verify_ssl=None — check registry URL, credentials, and CHAI_VERIFY_SSL setting.
2026-07-24 15:53:15,388 [INFO] httpx: HTTP Request: GET https://hpcsangrah-test.pune.cdac.in/vault/OpenCHAI/hpcsuite_registry/hostmachine_reg/x86_64/ "HTTP/1.1 200 OK"
2026-07-24 15:53:17,369 [INFO] routes.chai_release: Listing versions for arch=x86_64 os_dist=rocky9.6 verify_ssl=None
2026-07-24 15:53:17,370 [INFO] services.chai_release_service: Fetching versions from: https://hpcsangrah-test.pune.cdac.in/vault/OpenCHAI/hpcsuite_registry/hostmachine_reg/x86_64/rocky9.6/
2026-07-24 15:53:17,389 [INFO] httpx: HTTP Request: GET https://hpcsangrah-test.pune.cdac.in/vault/OpenCHAI/hpcsuite_registry/hostmachine_reg/x86_64/rocky9.6/ "HTTP/1.1 200 OK"
2026-07-24 15:53:17,420 [INFO] httpx: HTTP Request: HEAD https://hpcsangrah-test.pune.cdac.in/vault/OpenCHAI/hpcsuite_registry/hostmachine_reg/x86_64/rocky9.6/openchai_mldl_addon_v1.25.0.tgz "HTTP/1.1 200 OK"
2026-07-24 15:53:17,421 [INFO] httpx: HTTP Request: HEAD https://hpcsangrah-test.pune.cdac.in/vault/OpenCHAI/hpcsuite_registry/hostmachine_reg/x86_64/rocky9.6/openchai_base_v1.25.0.tgz "HTTP/1.1 200 OK"
2026-07-24 15:53:17,424 [INFO] httpx: HTTP Request: HEAD https://hpcsangrah-test.pune.cdac.in/vault/OpenCHAI/hpcsuite_registry/hostmachine_reg/x86_64/rocky9.6/openchai_sm_v1.25.0.tgz "HTTP/1.1 200 OK"
2026-07-24 15:58:45,358 [INFO] routes.chai_release: Listing versions for arch=x86_64 os_dist=rocky9.6 verify_ssl=None
2026-07-24 15:58:45,358 [INFO] services.chai_release_service: Fetching versions from: https://hpcsangrah-test.pune.cdac.in/vault/OpenCHAI/hpcsuite_registry/hostmachine_reg/x86_64/rocky9.6/
2026-07-24 15:58:45,380 [INFO] httpx: HTTP Request: GET https://hpcsangrah-test.pune.cdac.in/vault/OpenCHAI/hpcsuite_registry/hostmachine_reg/x86_64/rocky9.6/ "HTTP/1.1 200 OK"
2026-07-24 15:58:45,414 [INFO] httpx: HTTP Request: HEAD https://hpcsangrah-test.pune.cdac.in/vault/OpenCHAI/hpcsuite_registry/hostmachine_reg/x86_64/rocky9.6/openchai_base_v1.25.0.tgz "HTTP/1.1 200 OK"
2026-07-24 15:58:45,416 [INFO] httpx: HTTP Request: HEAD https://hpcsangrah-test.pune.cdac.in/vault/OpenCHAI/hpcsuite_registry/hostmachine_reg/x86_64/rocky9.6/openchai_mldl_addon_v1.25.0.tgz "HTTP/1.1 200 OK"
2026-07-24 15:58:45,418 [INFO] httpx: HTTP Request: HEAD https://hpcsangrah-test.pune.cdac.in/vault/OpenCHAI/hpcsuite_registry/hostmachine_reg/x86_64/rocky9.6/openchai_sm_v1.25.0.tgz "HTTP/1.1 200 OK"
2026-07-24 15:59:20,117 [INFO] routes.chai_release: Listing versions for arch=x86_64 os_dist=rocky9.6 verify_ssl=None
2026-07-24 15:59:20,117 [INFO] services.chai_release_service: Fetching versions from: https://hpcsangrah-test.pune.cdac.in/vault/OpenCHAI/hpcsuite_registry/hostmachine_reg/x86_64/rocky9.6/
2026-07-24 15:59:20,138 [INFO] httpx: HTTP Request: GET https://hpcsangrah-test.pune.cdac.in/vault/OpenCHAI/hpcsuite_registry/hostmachine_reg/x86_64/rocky9.6/ "HTTP/1.1 200 OK"
2026-07-24 15:59:20,169 [INFO] httpx: HTTP Request: HEAD https://hpcsangrah-test.pune.cdac.in/vault/OpenCHAI/hpcsuite_registry/hostmachine_reg/x86_64/rocky9.6/openchai_mldl_addon_v1.25.0.tgz "HTTP/1.1 200 OK"
2026-07-24 15:59:20,171 [INFO] httpx: HTTP Request: HEAD https://hpcsangrah-test.pune.cdac.in/vault/OpenCHAI/hpcsuite_registry/hostmachine_reg/x86_64/rocky9.6/openchai_sm_v1.25.0.tgz "HTTP/1.1 200 OK"
2026-07-24 15:59:20,173 [INFO] httpx: HTTP Request: HEAD https://hpcsangrah-test.pune.cdac.in/vault/OpenCHAI/hpcsuite_registry/hostmachine_reg/x86_64/rocky9.6/openchai_base_v1.25.0.tgz "HTTP/1.1 200 OK"
2026-07-24 15:59:31,405 [INFO] httpx: HTTP Request: GET https://hpcsangrah-test.pune.cdac.in/vault/OpenCHAI/hpcsuite_registry/container_img_reg/rocky9.6/nagios_reg/ "HTTP/1.1 200 OK"
2026-07-24 15:59:33,419 [INFO] httpx: HTTP Request: GET https://hpcsangrah-test.pune.cdac.in/vault/OpenCHAI/hpcsuite_registry/container_img_reg/rocky9.6/nagios_reg/4.4.14/ "HTTP/1.1 200 OK"
2026-07-24 15:59:37,096 [INFO] services.chai_release_service: [job:7c7d26e8-d809-40e6-b1a5-5fb7883b7d18] ⬇  Downloading: cdac_nagios_rocky9.6_4.4.14 (nagios_reg)
2026-07-24 15:59:37,124 [INFO] routes.logs: WS client connected for job 7c7d26e8-d809-40e6-b1a5-5fb7883b7d18
2026-07-24 15:59:37,193 [INFO] httpx: HTTP Request: GET https://hpcsangrah-test.pune.cdac.in/vault/OpenCHAI/hpcsuite_registry/container_img_reg/rocky9.6/nagios_reg/4.4.14/cdac_nagios_rocky9.6_4.4.14 "HTTP/1.1 200 OK"
2026-07-24 15:59:37,807 [INFO] services.chai_release_service: [job:7c7d26e8-d809-40e6-b1a5-5fb7883b7d18]    9% (33 MB)
2026-07-24 15:59:38,164 [INFO] services.chai_release_service: [job:7c7d26e8-d809-40e6-b1a5-5fb7883b7d18]    19% (70 MB)
2026-07-24 15:59:38,503 [INFO] services.chai_release_service: [job:7c7d26e8-d809-40e6-b1a5-5fb7883b7d18]    29% (107 MB)
2026-07-24 15:59:38,880 [INFO] services.chai_release_service: [job:7c7d26e8-d809-40e6-b1a5-5fb7883b7d18]    39% (144 MB)
2026-07-24 15:59:39,231 [INFO] services.chai_release_service: [job:7c7d26e8-d809-40e6-b1a5-5fb7883b7d18]    49% (181 MB)
2026-07-24 15:59:39,571 [INFO] services.chai_release_service: [job:7c7d26e8-d809-40e6-b1a5-5fb7883b7d18]    59% (218 MB)
2026-07-24 15:59:39,914 [INFO] services.chai_release_service: [job:7c7d26e8-d809-40e6-b1a5-5fb7883b7d18]    69% (255 MB)
2026-07-24 15:59:40,264 [INFO] services.chai_release_service: [job:7c7d26e8-d809-40e6-b1a5-5fb7883b7d18]    79% (292 MB)
2026-07-24 15:59:40,628 [INFO] services.chai_release_service: [job:7c7d26e8-d809-40e6-b1a5-5fb7883b7d18]    89% (329 MB)
2026-07-24 15:59:40,968 [INFO] services.chai_release_service: [job:7c7d26e8-d809-40e6-b1a5-5fb7883b7d18]    99% (366 MB)
2026-07-24 15:59:41,001 [INFO] services.chai_release_service: [job:7c7d26e8-d809-40e6-b1a5-5fb7883b7d18] ✅ Downloaded: cdac_nagios_rocky9.6_4.4.14
2026-07-24 15:59:41,001 [INFO] services.chai_release_service: [job:7c7d26e8-d809-40e6-b1a5-5fb7883b7d18] 
==================================================
  Container downloads complete
  ✅ 1 downloaded  ⏭ 0 skipped  ❌ 0 failed
==================================================
2026-07-24 16:00:03,021 [INFO] httpx: HTTP Request: GET https://hpcsangrah-test.pune.cdac.in/vault/OpenCHAI/hpcsuite_registry/container_img_reg/rocky9.6/ldap_reg/ "HTTP/1.1 200 OK"
2026-07-24 16:00:04,624 [INFO] httpx: HTTP Request: GET https://hpcsangrah-test.pune.cdac.in/vault/OpenCHAI/hpcsuite_registry/container_img_reg/rocky9.6/ldap_reg/2.6.8/ "HTTP/1.1 200 OK"
2026-07-24 16:00:07,424 [INFO] httpx: HTTP Request: GET https://hpcsangrah-test.pune.cdac.in/vault/OpenCHAI/hpcsuite_registry/container_img_reg/rocky9.6/ganglia_reg/ "HTTP/1.1 200 OK"
2026-07-24 16:00:08,753 [INFO] httpx: HTTP Request: GET https://hpcsangrah-test.pune.cdac.in/vault/OpenCHAI/hpcsuite_registry/container_img_reg/rocky9.6/ganglia_reg/3.7/ "HTTP/1.1 200 OK"
2026-07-24 16:00:20,407 [INFO] routes.cluster_setup: Resolved inventory: /opt/OpenCHAI_Registry/july/OpenCHAI/automation/ansible/inventory/inventory_def.txt
2026-07-24 16:00:20,407 [INFO] services.ansible_runner: Normalized extra-vars: {'drbd_use_local_rpms': True, 'pcs_manage_services': True, 'allow_package_removal': False, 'pcs_reinstall_packages': False, 'drbd_resource_name': 'rudra_drbd', 'drbd_force_md_create': True, 'drbd_nodes': [{'device': '/dev/drbd0', 'ip': '192.168.10.1', 'name': 'master01'}, {'device': '/dev/drbd0', 'ip': '192.168.10.2', 'name': 'master02'}], 'vip_interface': 'ens1f2', 'vip_ip': '172.10.3.240', 'vip_prefix': 22, 'vip_resource_name': 'vip_xCAT', 'drbd_clone_name': 'drbdfs-clone', 'drbd_fs_resource_name': 'xcatfs', 'drbd_device': '/dev/drbd0', 'drbd_mount_dir': '/drbd', 'drbd_fstype': 'ext4', 'primary_master_node_hostname': 'master01', 'secondary_master_node_hostname': 'master02', 'pcs_cluster_name': 'drbd_xCAT', 'mounted_state': 'ephemeral'}
2026-07-24 16:00:20,407 [WARNING] services.ansible_runner: inventory_path provided but ignored. Using ansible.cfg default inventory.
2026-07-24 16:00:20,408 [INFO] services.ansible_runner: Job 2366a8ed-0d08-43d7-8c51-7133fdd2c6c6 | cwd=/opt/OpenCHAI_Registry/july/OpenCHAI/automation/ansible | cmd=ansible-playbook /opt/OpenCHAI_Registry/july/OpenCHAI/cluster_setup/ha_server_setup/hpc_master/phase2.1_pcs_drbd.yml --user root --private-key /root/.ssh/id_rsa --extra-vars '{"drbd_use_local_rpms": true, "pcs_manage_services": true, "allow_package_removal": false, "pcs_reinstall_packages": false, "drbd_resource_name": "rudra_drbd", "drbd_force_md_create": true, "drbd_nodes": [{"device": "/dev/drbd0", "ip": "192.168.10.1", "name": "master01"}, {"device": "/dev/drbd0", "ip": "192.168.10.2", "name": "master02"}], "vip_interface": "ens1f2", "vip_ip": "172.10.3.240", "vip_prefix": 22, "vip_resource_name": "vip_xCAT", "drbd_clone_name": "drbdfs-clone", "drbd_fs_resource_name": "xcatfs", "drbd_device": "/dev/drbd0", "drbd_mount_dir": "/drbd", "drbd_fstype": "ext4", "primary_master_node_hostname": "master01", "secondary_master_node_hostname": "master02", "pcs_cluster_name": "drbd_xCAT", "mounted_state": "ephemeral"}' --limit hpc-master01,hpc-master02
2026-07-24 16:00:20,445 [INFO] routes.logs: WS client connected for job 2366a8ed-0d08-43d7-8c51-7133fdd2c6c6
2026-07-24 16:00:20,463 [INFO] routes.logs: WS client connected for job 2366a8ed-0d08-43d7-8c51-7133fdd2c6c6
2026-07-24 16:00:20,742 [INFO] routes.logs: WS client disconnected from job 2366a8ed-0d08-43d7-8c51-7133fdd2c6c6
2026-07-24 16:00:20,742 [INFO] routes.logs: WS session for job 2366a8ed-0d08-43d7-8c51-7133fdd2c6c6 closed
2026-07-24 16:00:21,777 [INFO] services.chai_release_service: [job:6ee0bfe7-fa84-439f-9b2a-4d4d4660016f] ⬇  Downloading: cdac_ganglia_rocky9.6_3.7 (ganglia_reg)
2026-07-24 16:00:21,806 [INFO] routes.logs: WS client connected for job 6ee0bfe7-fa84-439f-9b2a-4d4d4660016f
2026-07-24 16:00:21,894 [INFO] httpx: HTTP Request: GET https://hpcsangrah-test.pune.cdac.in/vault/OpenCHAI/hpcsuite_registry/container_img_reg/rocky9.6/ganglia_reg/3.7/cdac_ganglia_rocky9.6_3.7 "HTTP/1.1 200 OK"
2026-07-24 16:00:22,235 [INFO] services.chai_release_service: [job:6ee0bfe7-fa84-439f-9b2a-4d4d4660016f]    9% (25 MB)
2026-07-24 16:00:22,585 [INFO] services.chai_release_service: [job:6ee0bfe7-fa84-439f-9b2a-4d4d4660016f]    19% (53 MB)
2026-07-24 16:00:22,854 [INFO] services.chai_release_service: [job:6ee0bfe7-fa84-439f-9b2a-4d4d4660016f]    29% (81 MB)
2026-07-24 16:00:23,115 [INFO] services.chai_release_service: [job:6ee0bfe7-fa84-439f-9b2a-4d4d4660016f]    39% (110 MB)
2026-07-24 16:00:23,386 [INFO] services.chai_release_service: [job:6ee0bfe7-fa84-439f-9b2a-4d4d4660016f]    49% (138 MB)
2026-07-24 16:00:23,653 [INFO] services.chai_release_service: [job:6ee0bfe7-fa84-439f-9b2a-4d4d4660016f]    59% (166 MB)
2026-07-24 16:00:23,919 [INFO] services.chai_release_service: [job:6ee0bfe7-fa84-439f-9b2a-4d4d4660016f]    69% (194 MB)
2026-07-24 16:00:24,179 [INFO] services.chai_release_service: [job:6ee0bfe7-fa84-439f-9b2a-4d4d4660016f]    79% (222 MB)
2026-07-24 16:00:24,440 [INFO] services.chai_release_service: [job:6ee0bfe7-fa84-439f-9b2a-4d4d4660016f]    89% (250 MB)
2026-07-24 16:00:24,716 [INFO] services.chai_release_service: [job:6ee0bfe7-fa84-439f-9b2a-4d4d4660016f]    99% (278 MB)
2026-07-24 16:00:24,742 [INFO] services.chai_release_service: [job:6ee0bfe7-fa84-439f-9b2a-4d4d4660016f] ✅ Downloaded: cdac_ganglia_rocky9.6_3.7
2026-07-24 16:00:24,742 [INFO] services.chai_release_service: [job:6ee0bfe7-fa84-439f-9b2a-4d4d4660016f] 
==================================================
  Container downloads complete
  ✅ 1 downloaded  ⏭ 0 skipped  ❌ 0 failed
==================================================
2026-07-24 16:00:58,328 [INFO] routes.auth: Login OK: user='root' role='admin' groups=['root', 'openchai-admins'] ip=127.0.0.1
2026-07-24 16:01:04,277 [INFO] services.chai_release_service: Registry auth store updated (type=basic)
2026-07-24 16:01:04,300 [INFO] httpx: HTTP Request: GET https://hpcsangrah-test.pune.cdac.in/vault/OpenCHAI/hpcsuite_registry/hostmachine_reg/ "HTTP/1.1 401 Unauthorized"
2026-07-24 16:01:04,301 [WARNING] routes.chai_release: Registry auth REJECTED (type=basic, status=401): Registry rejected the credentials (401 Unauthorized). Check the username and password.
2026-07-24 16:01:04,301 [INFO] services.chai_release_service: Registry auth store updated (type=none)
2026-07-24 16:01:10,117 [INFO] routes.chai_release: Listing versions for arch=x86_64 os_dist=rocky9.6 verify_ssl=None
2026-07-24 16:01:10,118 [INFO] services.chai_release_service: Fetching versions from: https://hpcsangrah-test.pune.cdac.in/vault/OpenCHAI/hpcsuite_registry/hostmachine_reg/x86_64/rocky9.6/
2026-07-24 16:01:10,137 [INFO] httpx: HTTP Request: GET https://hpcsangrah-test.pune.cdac.in/vault/OpenCHAI/hpcsuite_registry/hostmachine_reg/x86_64/rocky9.6/ "HTTP/1.1 401 Unauthorized"
2026-07-24 16:01:10,138 [WARNING] services.chai_release_service: HTTP 401 fetching https://hpcsangrah-test.pune.cdac.in/vault/OpenCHAI/hpcsuite_registry/hostmachine_reg/x86_64/rocky9.6/ (bad credentials)
2026-07-24 16:01:15,648 [INFO] httpx: HTTP Request: GET https://hpcsangrah-test.pune.cdac.in/vault/OpenCHAI/hpcsuite_registry/container_img_reg/rocky9.6/ganglia_reg/ "HTTP/1.1 401 Unauthorized"
2026-07-24 16:01:15,649 [WARNING] services.chai_release_service: HTTP 401 fetching https://hpcsangrah-test.pune.cdac.in/vault/OpenCHAI/hpcsuite_registry/container_img_reg/rocky9.6/ganglia_reg/ (bad credentials)
2026-07-24 16:01:22,392 [INFO] httpx: HTTP Request: GET https://hpcsangrah-test.pune.cdac.in/vault/OpenCHAI/hpcsuite_registry/container_img_reg/rocky9.6/chakshu-front_reg/ "HTTP/1.1 401 Unauthorized"
2026-07-24 16:01:22,394 [WARNING] services.chai_release_service: HTTP 401 fetching https://hpcsangrah-test.pune.cdac.in/vault/OpenCHAI/hpcsuite_registry/container_img_reg/rocky9.6/chakshu-front_reg/ (bad credentials)
2026-07-24 16:06:23,698 [INFO] services.ansible_runner: Job 2366a8ed-0d08-43d7-8c51-7133fdd2c6c6 finished rc=2 status=failed
2026-07-24 16:06:23,699 [INFO] routes.logs: WS session for job 2366a8ed-0d08-43d7-8c51-7133fdd2c6c6 closed
2026-07-24 16:19:49,348 [INFO] routes.chai_release: Listing versions for arch=x86_64 os_dist=rocky9.6 verify_ssl=None
2026-07-24 16:19:49,349 [INFO] services.chai_release_service: Fetching versions from: https://hpcsangrah-test.pune.cdac.in/vault/OpenCHAI/hpcsuite_registry/hostmachine_reg/x86_64/rocky9.6/
2026-07-24 16:19:49,382 [INFO] httpx: HTTP Request: GET https://hpcsangrah-test.pune.cdac.in/vault/OpenCHAI/hpcsuite_registry/hostmachine_reg/x86_64/rocky9.6/ "HTTP/1.1 401 Unauthorized"
2026-07-24 16:19:49,384 [WARNING] services.chai_release_service: HTTP 401 fetching https://hpcsangrah-test.pune.cdac.in/vault/OpenCHAI/hpcsuite_registry/hostmachine_reg/x86_64/rocky9.6/ (bad credentials)
2026-07-24 16:19:49,442 [INFO] routes.chai_release: Listing versions for arch=x86_64 os_dist=rocky9.6 verify_ssl=None
2026-07-24 16:19:49,442 [INFO] services.chai_release_service: Fetching versions from: https://hpcsangrah-test.pune.cdac.in/vault/OpenCHAI/hpcsuite_registry/hostmachine_reg/x86_64/rocky9.6/
2026-07-24 16:19:49,460 [INFO] httpx: HTTP Request: GET https://hpcsangrah-test.pune.cdac.in/vault/OpenCHAI/hpcsuite_registry/hostmachine_reg/x86_64/rocky9.6/ "HTTP/1.1 401 Unauthorized"
2026-07-24 16:19:49,461 [WARNING] services.chai_release_service: HTTP 401 fetching https://hpcsangrah-test.pune.cdac.in/vault/OpenCHAI/hpcsuite_registry/hostmachine_reg/x86_64/rocky9.6/ (bad credentials)
2026-07-24 16:20:52,900 [INFO] services.chai_release_service: Registry auth store updated (type=basic)
2026-07-24 16:20:52,921 [INFO] httpx: HTTP Request: GET https://hpcsangrah-test.pune.cdac.in/vault/OpenCHAI/hpcsuite_registry/hostmachine_reg/ "HTTP/1.1 200 OK"
2026-07-24 16:20:52,923 [INFO] routes.chai_release: Registry auth VALIDATED via /auth endpoint (type=basic)
2026-07-24 16:20:52,989 [INFO] httpx: HTTP Request: GET https://hpcsangrah-test.pune.cdac.in/vault/OpenCHAI/hpcsuite_registry/hostmachine_reg/ "HTTP/1.1 200 OK"
2026-07-24 16:20:58,626 [INFO] httpx: HTTP Request: GET https://hpcsangrah-test.pune.cdac.in/vault/OpenCHAI/hpcsuite_registry/hostmachine_reg/x86_64/ "HTTP/1.1 200 OK"
2026-07-24 16:21:00,993 [INFO] routes.chai_release: Listing versions for arch=x86_64 os_dist=rocky9.6 verify_ssl=None
2026-07-24 16:21:00,994 [INFO] services.chai_release_service: Fetching versions from: https://hpcsangrah-test.pune.cdac.in/vault/OpenCHAI/hpcsuite_registry/hostmachine_reg/x86_64/rocky9.6/
2026-07-24 16:21:01,015 [INFO] httpx: HTTP Request: GET https://hpcsangrah-test.pune.cdac.in/vault/OpenCHAI/hpcsuite_registry/hostmachine_reg/x86_64/rocky9.6/ "HTTP/1.1 200 OK"
2026-07-24 16:21:01,045 [INFO] httpx: HTTP Request: HEAD https://hpcsangrah-test.pune.cdac.in/vault/OpenCHAI/hpcsuite_registry/hostmachine_reg/x86_64/rocky9.6/openchai_base_v1.25.0.tgz "HTTP/1.1 200 OK"
2026-07-24 16:21:01,047 [INFO] httpx: HTTP Request: HEAD https://hpcsangrah-test.pune.cdac.in/vault/OpenCHAI/hpcsuite_registry/hostmachine_reg/x86_64/rocky9.6/openchai_mldl_addon_v1.25.0.tgz "HTTP/1.1 200 OK"
2026-07-24 16:21:01,048 [INFO] httpx: HTTP Request: HEAD https://hpcsangrah-test.pune.cdac.in/vault/OpenCHAI/hpcsuite_registry/hostmachine_reg/x86_64/rocky9.6/openchai_sm_v1.25.0.tgz "HTTP/1.1 200 OK"
2026-07-24 16:23:27,856 [INFO] routes.chai_release: Listing versions for arch=x86_64 os_dist=rocky9.6 verify_ssl=None
2026-07-24 16:23:27,856 [INFO] services.chai_release_service: Fetching versions from: https://hpcsangrah-test.pune.cdac.in/vault/OpenCHAI/hpcsuite_registry/hostmachine_reg/x86_64/rocky9.6/
2026-07-24 16:23:27,879 [INFO] httpx: HTTP Request: GET https://hpcsangrah-test.pune.cdac.in/vault/OpenCHAI/hpcsuite_registry/hostmachine_reg/x86_64/rocky9.6/ "HTTP/1.1 200 OK"
2026-07-24 16:23:27,881 [INFO] httpx: HTTP Request: GET https://hpcsangrah-test.pune.cdac.in/vault/OpenCHAI/hpcsuite_registry/hostmachine_reg/x86_64/ "HTTP/1.1 200 OK"
2026-07-24 16:23:27,911 [INFO] httpx: HTTP Request: HEAD https://hpcsangrah-test.pune.cdac.in/vault/OpenCHAI/hpcsuite_registry/hostmachine_reg/x86_64/rocky9.6/openchai_mldl_addon_v1.25.0.tgz "HTTP/1.1 200 OK"
2026-07-24 16:23:27,913 [INFO] httpx: HTTP Request: HEAD https://hpcsangrah-test.pune.cdac.in/vault/OpenCHAI/hpcsuite_registry/hostmachine_reg/x86_64/rocky9.6/openchai_sm_v1.25.0.tgz "HTTP/1.1 200 OK"
2026-07-24 16:23:27,914 [INFO] httpx: HTTP Request: HEAD https://hpcsangrah-test.pune.cdac.in/vault/OpenCHAI/hpcsuite_registry/hostmachine_reg/x86_64/rocky9.6/openchai_base_v1.25.0.tgz "HTTP/1.1 200 OK"
2026-07-24 16:23:31,509 [INFO] services.chai_release_service: Registry auth store updated (type=basic)
2026-07-24 16:23:31,527 [INFO] httpx: HTTP Request: GET https://hpcsangrah-test.pune.cdac.in/vault/OpenCHAI/hpcsuite_registry/hostmachine_reg/ "HTTP/1.1 401 Unauthorized"
2026-07-24 16:23:31,529 [WARNING] routes.chai_release: Registry auth REJECTED (type=basic, status=401): Registry rejected the credentials (401 Unauthorized). Check the username and password.
2026-07-24 16:23:31,529 [INFO] services.chai_release_service: Registry auth store updated (type=none)
2026-07-24 16:23:41,975 [INFO] routes.chai_release: Listing versions for arch=x86_64 os_dist=rocky9.6 verify_ssl=None
2026-07-24 16:23:41,975 [INFO] services.chai_release_service: Fetching versions from: https://hpcsangrah-test.pune.cdac.in/vault/OpenCHAI/hpcsuite_registry/hostmachine_reg/x86_64/rocky9.6/
2026-07-24 16:23:41,999 [INFO] httpx: HTTP Request: GET https://hpcsangrah-test.pune.cdac.in/vault/OpenCHAI/hpcsuite_registry/hostmachine_reg/x86_64/rocky9.6/ "HTTP/1.1 401 Unauthorized"
2026-07-24 16:23:42,001 [WARNING] services.chai_release_service: HTTP 401 fetching https://hpcsangrah-test.pune.cdac.in/vault/OpenCHAI/hpcsuite_registry/hostmachine_reg/x86_64/rocky9.6/ (bad credentials)
2026-07-24 16:23:42,035 [INFO] httpx: HTTP Request: GET https://hpcsangrah-test.pune.cdac.in/vault/OpenCHAI/hpcsuite_registry/hostmachine_reg/x86_64/ "HTTP/1.1 401 Unauthorized"
2026-07-24 16:23:42,035 [WARNING] services.chai_release_service: HTTP 401 fetching https://hpcsangrah-test.pune.cdac.in/vault/OpenCHAI/hpcsuite_registry/hostmachine_reg/x86_64/ (bad credentials)
2026-07-24 16:23:42,036 [WARNING] routes.chai_release: Empty distributions for arch=x86_64 verify_ssl=None — check registry URL, credentials, and CHAI_VERIFY_SSL setting.
2026-07-24 16:23:42,065 [INFO] routes.chai_release: Listing versions for arch=x86_64 os_dist=rocky9.6 verify_ssl=None
2026-07-24 16:23:42,065 [INFO] services.chai_release_service: Fetching versions from: https://hpcsangrah-test.pune.cdac.in/vault/OpenCHAI/hpcsuite_registry/hostmachine_reg/x86_64/rocky9.6/
2026-07-24 16:23:42,088 [INFO] httpx: HTTP Request: GET https://hpcsangrah-test.pune.cdac.in/vault/OpenCHAI/hpcsuite_registry/hostmachine_reg/x86_64/rocky9.6/ "HTTP/1.1 401 Unauthorized"
2026-07-24 16:23:42,090 [INFO] httpx: HTTP Request: GET https://hpcsangrah-test.pune.cdac.in/vault/OpenCHAI/hpcsuite_registry/hostmachine_reg/x86_64/ "HTTP/1.1 401 Unauthorized"
2026-07-24 16:23:42,091 [WARNING] services.chai_release_service: HTTP 401 fetching https://hpcsangrah-test.pune.cdac.in/vault/OpenCHAI/hpcsuite_registry/hostmachine_reg/x86_64/rocky9.6/ (bad credentials)
2026-07-24 16:23:42,122 [WARNING] services.chai_release_service: HTTP 401 fetching https://hpcsangrah-test.pune.cdac.in/vault/OpenCHAI/hpcsuite_registry/hostmachine_reg/x86_64/ (bad credentials)
2026-07-24 16:23:42,122 [WARNING] routes.chai_release: Empty distributions for arch=x86_64 verify_ssl=None — check registry URL, credentials, and CHAI_VERIFY_SSL setting.
2026-07-24 16:23:50,720 [INFO] routes.auth: Logout: user='root'
2026-07-24 16:24:03,429 [INFO] routes.auth: Login OK: user='root' role='admin' groups=['root', 'openchai-admins'] ip=127.0.0.1
2026-07-24 16:24:03,487 [INFO] routes.chai_release: Listing versions for arch=x86_64 os_dist=rocky9.6 verify_ssl=None
2026-07-24 16:24:03,487 [INFO] services.chai_release_service: Fetching versions from: https://hpcsangrah-test.pune.cdac.in/vault/OpenCHAI/hpcsuite_registry/hostmachine_reg/x86_64/rocky9.6/
2026-07-24 16:24:03,514 [INFO] httpx: HTTP Request: GET https://hpcsangrah-test.pune.cdac.in/vault/OpenCHAI/hpcsuite_registry/hostmachine_reg/x86_64/rocky9.6/ "HTTP/1.1 401 Unauthorized"
2026-07-24 16:24:03,516 [INFO] httpx: HTTP Request: GET https://hpcsangrah-test.pune.cdac.in/vault/OpenCHAI/hpcsuite_registry/hostmachine_reg/x86_64/ "HTTP/1.1 401 Unauthorized"
2026-07-24 16:24:03,517 [WARNING] services.chai_release_service: HTTP 401 fetching https://hpcsangrah-test.pune.cdac.in/vault/OpenCHAI/hpcsuite_registry/hostmachine_reg/x86_64/rocky9.6/ (bad credentials)
2026-07-24 16:24:03,543 [WARNING] services.chai_release_service: HTTP 401 fetching https://hpcsangrah-test.pune.cdac.in/vault/OpenCHAI/hpcsuite_registry/hostmachine_reg/x86_64/ (bad credentials)
2026-07-24 16:24:03,543 [WARNING] routes.chai_release: Empty distributions for arch=x86_64 verify_ssl=None — check registry URL, credentials, and CHAI_VERIFY_SSL setting.
2026-07-24 16:24:03,585 [INFO] routes.chai_release: Listing versions for arch=x86_64 os_dist=rocky9.6 verify_ssl=None
2026-07-24 16:24:03,585 [INFO] services.chai_release_service: Fetching versions from: https://hpcsangrah-test.pune.cdac.in/vault/OpenCHAI/hpcsuite_registry/hostmachine_reg/x86_64/rocky9.6/
2026-07-24 16:24:03,610 [INFO] httpx: HTTP Request: GET https://hpcsangrah-test.pune.cdac.in/vault/OpenCHAI/hpcsuite_registry/hostmachine_reg/x86_64/rocky9.6/ "HTTP/1.1 401 Unauthorized"
2026-07-24 16:24:03,612 [INFO] httpx: HTTP Request: GET https://hpcsangrah-test.pune.cdac.in/vault/OpenCHAI/hpcsuite_registry/hostmachine_reg/x86_64/ "HTTP/1.1 401 Unauthorized"
2026-07-24 16:24:03,614 [WARNING] services.chai_release_service: HTTP 401 fetching https://hpcsangrah-test.pune.cdac.in/vault/OpenCHAI/hpcsuite_registry/hostmachine_reg/x86_64/rocky9.6/ (bad credentials)
2026-07-24 16:24:03,647 [WARNING] services.chai_release_service: HTTP 401 fetching https://hpcsangrah-test.pune.cdac.in/vault/OpenCHAI/hpcsuite_registry/hostmachine_reg/x86_64/ (bad credentials)
2026-07-24 16:24:03,647 [WARNING] routes.chai_release: Empty distributions for arch=x86_64 verify_ssl=None — check registry URL, credentials, and CHAI_VERIFY_SSL setting.
2026-07-24 16:25:26,913 [INFO] httpx: HTTP Request: GET https://hpcsangrah-test.pune.cdac.in/vault/OpenCHAI/hpcsuite_registry/container_img_reg/rocky9.6/chakshu-front_reg/ "HTTP/1.1 401 Unauthorized"
2026-07-24 16:25:26,914 [WARNING] services.chai_release_service: HTTP 401 fetching https://hpcsangrah-test.pune.cdac.in/vault/OpenCHAI/hpcsuite_registry/container_img_reg/rocky9.6/chakshu-front_reg/ (bad credentials)
2026-07-24 16:25:31,333 [INFO] httpx: HTTP Request: GET https://hpcsangrah-test.pune.cdac.in/vault/OpenCHAI/hpcsuite_registry/container_img_reg/rocky9.6/ganglia_reg/ "HTTP/1.1 401 Unauthorized"
2026-07-24 16:25:31,335 [WARNING] services.chai_release_service: HTTP 401 fetching https://hpcsangrah-test.pune.cdac.in/vault/OpenCHAI/hpcsuite_registry/container_img_reg/rocky9.6/ganglia_reg/ (bad credentials)
2026-07-24 16:25:48,095 [INFO] routes.auth: Login OK: user='root' role='admin' groups=['root', 'openchai-admins'] ip=127.0.0.1
2026-07-24 16:26:53,155 [INFO] services.chai_release_service: Registry auth store updated (type=basic)
2026-07-24 16:26:53,179 [INFO] httpx: HTTP Request: GET https://hpcsangrah-test.pune.cdac.in/vault/OpenCHAI/hpcsuite_registry/hostmachine_reg/ "HTTP/1.1 200 OK"
2026-07-24 16:26:53,180 [INFO] routes.chai_release: Registry auth VALIDATED via /auth endpoint (type=basic)
2026-07-24 16:26:53,250 [INFO] httpx: HTTP Request: GET https://hpcsangrah-test.pune.cdac.in/vault/OpenCHAI/hpcsuite_registry/hostmachine_reg/ "HTTP/1.1 200 OK"
2026-07-24 16:27:07,314 [INFO] services.chai_release_service: Registry auth store updated (type=basic)
2026-07-24 16:27:07,333 [INFO] httpx: HTTP Request: GET https://hpcsangrah-test.pune.cdac.in/vault/OpenCHAI/hpcsuite_registry/hostmachine_reg/ "HTTP/1.1 401 Unauthorized"
2026-07-24 16:27:07,334 [WARNING] routes.chai_release: Registry auth REJECTED (type=basic, status=401): Registry rejected the credentials (401 Unauthorized). Check the username and password.
2026-07-24 16:27:07,334 [INFO] services.chai_release_service: Registry auth store updated (type=none)
2026-07-24 16:27:22,468 [INFO] routes.chai_release: Listing versions for arch=x86_64 os_dist=rocky9.6 verify_ssl=None
2026-07-24 16:27:22,469 [INFO] services.chai_release_service: Fetching versions from: https://hpcsangrah-test.pune.cdac.in/vault/OpenCHAI/hpcsuite_registry/hostmachine_reg/x86_64/rocky9.6/
2026-07-24 16:27:22,488 [INFO] httpx: HTTP Request: GET https://hpcsangrah-test.pune.cdac.in/vault/OpenCHAI/hpcsuite_registry/hostmachine_reg/x86_64/rocky9.6/ "HTTP/1.1 401 Unauthorized"
2026-07-24 16:27:22,489 [WARNING] services.chai_release_service: HTTP 401 fetching https://hpcsangrah-test.pune.cdac.in/vault/OpenCHAI/hpcsuite_registry/hostmachine_reg/x86_64/rocky9.6/ (bad credentials)
2026-07-24 16:27:33,603 [INFO] services.chai_release_service: [job:b33da834-7e3d-499a-8326-cfb18e476d66] ============================================================
2026-07-24 16:27:33,603 [INFO] services.chai_release_service: [job:b33da834-7e3d-499a-8326-cfb18e476d66]   OpenCHAI CHAI Release Setup
2026-07-24 16:27:33,603 [INFO] services.chai_release_service: [job:b33da834-7e3d-499a-8326-cfb18e476d66] ============================================================
2026-07-24 16:27:33,604 [INFO] services.chai_release_service: [job:b33da834-7e3d-499a-8326-cfb18e476d66] ✔  Registry already present: openchai_ha_full_v1.25.0
2026-07-24 16:27:33,604 [INFO] services.chai_release_service: [job:b33da834-7e3d-499a-8326-cfb18e476d66] ✅ Registry validated: /opt/OpenCHAI_Registry/july/OpenCHAI/hpcsuite_registry/hostmachine_reg/x86_64/rocky9.6/openchai_ha_full_v1.25.0
2026-07-24 16:27:33,604 [INFO] services.chai_release_service: [job:b33da834-7e3d-499a-8326-cfb18e476d66] 
── Updating configuration files ──
2026-07-24 16:27:33,608 [INFO] services.chai_release_service: [job:b33da834-7e3d-499a-8326-cfb18e476d66] ✅ Updated: /opt/OpenCHAI_Registry/july/OpenCHAI/automation/ansible/group_vars/all.yml
2026-07-24 16:27:33,608 [INFO] services.chai_release_service: [job:b33da834-7e3d-499a-8326-cfb18e476d66] ✅ Updated: /opt/OpenCHAI_Registry/july/OpenCHAI/automation/ansible/ansible.cfg
2026-07-24 16:27:33,610 [INFO] services.chai_release_service: [job:b33da834-7e3d-499a-8326-cfb18e476d66] ✅ Backup created: /etc/ansible/ansible.cfg.bak
2026-07-24 16:27:33,611 [INFO] services.chai_release_service: [job:b33da834-7e3d-499a-8326-cfb18e476d66] ✅ Copied /opt/OpenCHAI_Registry/july/OpenCHAI/automation/ansible/ansible.cfg -> /etc/ansible/ansible.cfg
2026-07-24 16:27:33,611 [INFO] services.chai_release_service: [job:b33da834-7e3d-499a-8326-cfb18e476d66] ✅ Updated: /opt/OpenCHAI_Registry/july/OpenCHAI/automation/ansible/inventory/inventory.sh
2026-07-24 16:27:33,612 [INFO] services.chai_release_service: [job:b33da834-7e3d-499a-8326-cfb18e476d66] ✅ Updated inventory.sh: /opt/OpenCHAI_Registry/july/OpenCHAI/automation/ansible/inventory/inventory.sh
2026-07-24 16:27:33,612 [INFO] services.chai_release_service: [job:b33da834-7e3d-499a-8326-cfb18e476d66] ✅ CHAI Release setup complete!
2026-07-24 16:27:33,667 [INFO] routes.logs: WS client connected for job b33da834-7e3d-499a-8326-cfb18e476d66
2026-07-24 16:27:41,636 [INFO] httpx: HTTP Request: GET https://hpcsangrah-test.pune.cdac.in/vault/OpenCHAI/hpcsuite_registry/container_img_reg/rocky9.6/ldap_reg/ "HTTP/1.1 401 Unauthorized"
2026-07-24 16:27:41,638 [WARNING] services.chai_release_service: HTTP 401 fetching https://hpcsangrah-test.pune.cdac.in/vault/OpenCHAI/hpcsuite_registry/container_img_reg/rocky9.6/ldap_reg/ (bad credentials)
2026-07-24 16:27:46,014 [INFO] httpx: HTTP Request: GET https://hpcsangrah-test.pune.cdac.in/vault/OpenCHAI/hpcsuite_registry/container_img_reg/rocky9.6/nagios_reg/ "HTTP/1.1 401 Unauthorized"
2026-07-24 16:27:46,016 [WARNING] services.chai_release_service: HTTP 401 fetching https://hpcsangrah-test.pune.cdac.in/vault/OpenCHAI/hpcsuite_registry/container_img_reg/rocky9.6/nagios_reg/ (bad credentials)
2026-07-24 16:28:50,899 [INFO] routes.chai_release: Listing versions for arch=x86_64 os_dist=rocky9.6 verify_ssl=None
2026-07-24 16:28:50,899 [INFO] services.chai_release_service: Fetching versions from: https://hpcsangrah-test.pune.cdac.in/vault/OpenCHAI/hpcsuite_registry/hostmachine_reg/x86_64/rocky9.6/
2026-07-24 16:28:50,910 [INFO] routes.chai_release: Listing releases for arch=x86_64 os_dist=rocky9.6 version=openchai_ha_full_v1.25.0
2026-07-24 16:28:50,910 [INFO] services.chai_release_service: Fetching releases from: https://hpcsangrah-test.pune.cdac.in/vault/OpenCHAI/hpcsuite_registry/hostmachine_reg/x86_64/rocky9.6/openchai_ha_full_v1.25.0/
2026-07-24 16:28:50,930 [INFO] httpx: HTTP Request: GET https://hpcsangrah-test.pune.cdac.in/vault/OpenCHAI/hpcsuite_registry/hostmachine_reg/x86_64/ "HTTP/1.1 401 Unauthorized"
2026-07-24 16:28:50,932 [WARNING] services.chai_release_service: HTTP 401 fetching https://hpcsangrah-test.pune.cdac.in/vault/OpenCHAI/hpcsuite_registry/hostmachine_reg/x86_64/ (bad credentials)
2026-07-24 16:28:50,932 [WARNING] routes.chai_release: Empty distributions for arch=x86_64 verify_ssl=None — check registry URL, credentials, and CHAI_VERIFY_SSL setting.
2026-07-24 16:28:50,935 [INFO] httpx: HTTP Request: GET https://hpcsangrah-test.pune.cdac.in/vault/OpenCHAI/hpcsuite_registry/hostmachine_reg/x86_64/rocky9.6/ "HTTP/1.1 401 Unauthorized"
2026-07-24 16:28:50,938 [WARNING] services.chai_release_service: HTTP 401 fetching https://hpcsangrah-test.pune.cdac.in/vault/OpenCHAI/hpcsuite_registry/hostmachine_reg/x86_64/rocky9.6/ (bad credentials)
2026-07-24 16:28:50,969 [INFO] httpx: HTTP Request: GET https://hpcsangrah-test.pune.cdac.in/vault/OpenCHAI/hpcsuite_registry/hostmachine_reg/x86_64/rocky9.6/openchai_ha_full_v1.25.0/ "HTTP/1.1 401 Unauthorized"
2026-07-24 16:28:50,969 [WARNING] services.chai_release_service: HTTP 401 fetching https://hpcsangrah-test.pune.cdac.in/vault/OpenCHAI/hpcsuite_registry/hostmachine_reg/x86_64/rocky9.6/openchai_ha_full_v1.25.0/ (bad credentials)
2026-07-24 16:28:55,575 [INFO] services.chai_release_service: Registry auth store updated (type=basic)
2026-07-24 16:28:55,594 [INFO] httpx: HTTP Request: GET https://hpcsangrah-test.pune.cdac.in/vault/OpenCHAI/hpcsuite_registry/hostmachine_reg/ "HTTP/1.1 401 Unauthorized"
2026-07-24 16:28:55,596 [WARNING] routes.chai_release: Registry auth REJECTED (type=basic, status=401): Registry rejected the credentials (401 Unauthorized). Check the username and password.
2026-07-24 16:28:55,596 [INFO] services.chai_release_service: Registry auth store updated (type=none)
2026-07-24 16:29:02,262 [INFO] routes.chai_release: Listing versions for arch=x86_64 os_dist=rocky9.6 verify_ssl=None
2026-07-24 16:29:02,262 [INFO] services.chai_release_service: Fetching versions from: https://hpcsangrah-test.pune.cdac.in/vault/OpenCHAI/hpcsuite_registry/hostmachine_reg/x86_64/rocky9.6/
2026-07-24 16:29:02,281 [INFO] httpx: HTTP Request: GET https://hpcsangrah-test.pune.cdac.in/vault/OpenCHAI/hpcsuite_registry/hostmachine_reg/x86_64/rocky9.6/ "HTTP/1.1 401 Unauthorized"
2026-07-24 16:29:02,282 [WARNING] services.chai_release_service: HTTP 401 fetching https://hpcsangrah-test.pune.cdac.in/vault/OpenCHAI/hpcsuite_registry/hostmachine_reg/x86_64/rocky9.6/ (bad credentials)
2026-07-24 16:29:10,738 [INFO] routes.chai_release: Listing versions for arch=x86_64 os_dist=rocky9.6 verify_ssl=None
2026-07-24 16:29:10,738 [INFO] services.chai_release_service: Fetching versions from: https://hpcsangrah-test.pune.cdac.in/vault/OpenCHAI/hpcsuite_registry/hostmachine_reg/x86_64/rocky9.6/
2026-07-24 16:29:10,757 [INFO] httpx: HTTP Request: GET https://hpcsangrah-test.pune.cdac.in/vault/OpenCHAI/hpcsuite_registry/hostmachine_reg/x86_64/rocky9.6/ "HTTP/1.1 401 Unauthorized"
2026-07-24 16:29:10,759 [WARNING] services.chai_release_service: HTTP 401 fetching https://hpcsangrah-test.pune.cdac.in/vault/OpenCHAI/hpcsuite_registry/hostmachine_reg/x86_64/rocky9.6/ (bad credentials)
2026-07-24 16:29:27,473 [INFO] services.chai_release_service: [job:f4fb191a-4a70-4302-959b-271d27ee95d8] ============================================================
2026-07-24 16:29:27,473 [INFO] services.chai_release_service: [job:f4fb191a-4a70-4302-959b-271d27ee95d8]   OpenCHAI CHAI Release Setup
2026-07-24 16:29:27,473 [INFO] services.chai_release_service: [job:f4fb191a-4a70-4302-959b-271d27ee95d8] ============================================================
2026-07-24 16:29:27,474 [INFO] services.chai_release_service: [job:f4fb191a-4a70-4302-959b-271d27ee95d8] ✔  Registry already present: openchai_ha_full_v1.25.0
2026-07-24 16:29:27,474 [INFO] services.chai_release_service: [job:f4fb191a-4a70-4302-959b-271d27ee95d8] ✅ Registry validated: /opt/OpenCHAI_Registry/july/OpenCHAI/hpcsuite_registry/hostmachine_reg/x86_64/rocky9.6/openchai_ha_full_v1.25.0
2026-07-24 16:29:27,474 [INFO] services.chai_release_service: [job:f4fb191a-4a70-4302-959b-271d27ee95d8] 
── Updating configuration files ──
2026-07-24 16:29:27,476 [INFO] services.chai_release_service: [job:f4fb191a-4a70-4302-959b-271d27ee95d8] ✅ Updated: /opt/OpenCHAI_Registry/july/OpenCHAI/automation/ansible/group_vars/all.yml
2026-07-24 16:29:27,477 [INFO] services.chai_release_service: [job:f4fb191a-4a70-4302-959b-271d27ee95d8] ✅ Updated: /opt/OpenCHAI_Registry/july/OpenCHAI/automation/ansible/ansible.cfg
2026-07-24 16:29:27,477 [INFO] services.chai_release_service: [job:f4fb191a-4a70-4302-959b-271d27ee95d8] ✅ Backup created: /etc/ansible/ansible.cfg.bak
2026-07-24 16:29:27,478 [INFO] services.chai_release_service: [job:f4fb191a-4a70-4302-959b-271d27ee95d8] ✅ Copied /opt/OpenCHAI_Registry/july/OpenCHAI/automation/ansible/ansible.cfg -> /etc/ansible/ansible.cfg
2026-07-24 16:29:27,478 [INFO] services.chai_release_service: [job:f4fb191a-4a70-4302-959b-271d27ee95d8] ✅ Updated: /opt/OpenCHAI_Registry/july/OpenCHAI/automation/ansible/inventory/inventory.sh
2026-07-24 16:29:27,479 [INFO] services.chai_release_service: [job:f4fb191a-4a70-4302-959b-271d27ee95d8] ✅ Updated inventory.sh: /opt/OpenCHAI_Registry/july/OpenCHAI/automation/ansible/inventory/inventory.sh
2026-07-24 16:29:27,479 [INFO] services.chai_release_service: [job:f4fb191a-4a70-4302-959b-271d27ee95d8] ✅ CHAI Release setup complete!
2026-07-24 16:29:27,523 [INFO] routes.logs: WS client connected for job f4fb191a-4a70-4302-959b-271d27ee95d8
2026-07-24 16:29:43,977 [INFO] httpx: HTTP Request: GET https://hpcsangrah-test.pune.cdac.in/vault/OpenCHAI/hpcsuite_registry/container_img_reg/rocky9.6/xCAT_reg/ "HTTP/1.1 401 Unauthorized"
2026-07-24 16:29:43,979 [WARNING] services.chai_release_service: HTTP 401 fetching https://hpcsangrah-test.pune.cdac.in/vault/OpenCHAI/hpcsuite_registry/container_img_reg/rocky9.6/xCAT_reg/ (bad credentials)
2026-07-24 16:30:00,651 [INFO] routes.chai_release: Listing versions for arch=x86_64 os_dist=rocky9.6 verify_ssl=None
2026-07-24 16:30:00,651 [INFO] services.chai_release_service: Fetching versions from: https://hpcsangrah-test.pune.cdac.in/vault/OpenCHAI/hpcsuite_registry/hostmachine_reg/x86_64/rocky9.6/
2026-07-24 16:30:00,655 [INFO] routes.chai_release: Listing releases for arch=x86_64 os_dist=rocky9.6 version=openchai_ha_full_v1.25.0
2026-07-24 16:30:00,656 [INFO] services.chai_release_service: Fetching releases from: https://hpcsangrah-test.pune.cdac.in/vault/OpenCHAI/hpcsuite_registry/hostmachine_reg/x86_64/rocky9.6/openchai_ha_full_v1.25.0/
2026-07-24 16:30:00,675 [INFO] httpx: HTTP Request: GET https://hpcsangrah-test.pune.cdac.in/vault/OpenCHAI/hpcsuite_registry/hostmachine_reg/x86_64/ "HTTP/1.1 401 Unauthorized"
2026-07-24 16:30:00,677 [INFO] httpx: HTTP Request: GET https://hpcsangrah-test.pune.cdac.in/vault/OpenCHAI/hpcsuite_registry/hostmachine_reg/x86_64/rocky9.6/ "HTTP/1.1 401 Unauthorized"
2026-07-24 16:30:00,678 [WARNING] services.chai_release_service: HTTP 401 fetching https://hpcsangrah-test.pune.cdac.in/vault/OpenCHAI/hpcsuite_registry/hostmachine_reg/x86_64/ (bad credentials)
2026-07-24 16:30:00,678 [WARNING] routes.chai_release: Empty distributions for arch=x86_64 verify_ssl=None — check registry URL, credentials, and CHAI_VERIFY_SSL setting.
2026-07-24 16:30:00,679 [INFO] httpx: HTTP Request: GET https://hpcsangrah-test.pune.cdac.in/vault/OpenCHAI/hpcsuite_registry/hostmachine_reg/x86_64/rocky9.6/openchai_ha_full_v1.25.0/ "HTTP/1.1 401 Unauthorized"
2026-07-24 16:30:00,680 [WARNING] services.chai_release_service: HTTP 401 fetching https://hpcsangrah-test.pune.cdac.in/vault/OpenCHAI/hpcsuite_registry/hostmachine_reg/x86_64/rocky9.6/ (bad credentials)
2026-07-24 16:30:00,710 [WARNING] services.chai_release_service: HTTP 401 fetching https://hpcsangrah-test.pune.cdac.in/vault/OpenCHAI/hpcsuite_registry/hostmachine_reg/x86_64/rocky9.6/openchai_ha_full_v1.25.0/ (bad credentials)
2026-07-24 16:30:17,881 [INFO] services.chai_release_service: Registry auth store updated (type=basic)
2026-07-24 16:30:17,904 [INFO] httpx: HTTP Request: GET https://hpcsangrah-test.pune.cdac.in/vault/OpenCHAI/hpcsuite_registry/hostmachine_reg/ "HTTP/1.1 200 OK"
2026-07-24 16:30:17,905 [INFO] routes.chai_release: Registry auth VALIDATED via /auth endpoint (type=basic)
2026-07-24 16:30:17,965 [INFO] httpx: HTTP Request: GET https://hpcsangrah-test.pune.cdac.in/vault/OpenCHAI/hpcsuite_registry/hostmachine_reg/ "HTTP/1.1 200 OK"
2026-07-24 16:30:24,023 [INFO] httpx: HTTP Request: GET https://hpcsangrah-test.pune.cdac.in/vault/OpenCHAI/hpcsuite_registry/hostmachine_reg/x86_64/ "HTTP/1.1 200 OK"
2026-07-24 16:30:26,595 [INFO] routes.chai_release: Listing versions for arch=x86_64 os_dist=rocky9.6 verify_ssl=None
2026-07-24 16:30:26,596 [INFO] services.chai_release_service: Fetching versions from: https://hpcsangrah-test.pune.cdac.in/vault/OpenCHAI/hpcsuite_registry/hostmachine_reg/x86_64/rocky9.6/
2026-07-24 16:30:26,621 [INFO] httpx: HTTP Request: GET https://hpcsangrah-test.pune.cdac.in/vault/OpenCHAI/hpcsuite_registry/hostmachine_reg/x86_64/rocky9.6/ "HTTP/1.1 200 OK"
2026-07-24 16:30:26,651 [INFO] httpx: HTTP Request: HEAD https://hpcsangrah-test.pune.cdac.in/vault/OpenCHAI/hpcsuite_registry/hostmachine_reg/x86_64/rocky9.6/openchai_mldl_addon_v1.25.0.tgz "HTTP/1.1 200 OK"
2026-07-24 16:30:26,654 [INFO] httpx: HTTP Request: HEAD https://hpcsangrah-test.pune.cdac.in/vault/OpenCHAI/hpcsuite_registry/hostmachine_reg/x86_64/rocky9.6/openchai_sm_v1.25.0.tgz "HTTP/1.1 200 OK"
2026-07-24 16:30:31,654 [INFO] httpx: HTTP Request: HEAD https://hpcsangrah-test.pune.cdac.in/vault/OpenCHAI/hpcsuite_registry/hostmachine_reg/x86_64/rocky9.6/openchai_base_v1.25.0.tgz "HTTP/1.1 200 OK"
2026-07-24 16:30:47,455 [INFO] routes.chai_release: Listing versions for arch=x86_64 os_dist=rocky9.6 verify_ssl=None
2026-07-24 16:30:47,455 [INFO] services.chai_release_service: Fetching versions from: https://hpcsangrah-test.pune.cdac.in/vault/OpenCHAI/hpcsuite_registry/hostmachine_reg/x86_64/rocky9.6/
2026-07-24 16:30:47,484 [INFO] httpx: HTTP Request: GET https://hpcsangrah-test.pune.cdac.in/vault/OpenCHAI/hpcsuite_registry/hostmachine_reg/x86_64/rocky9.6/ "HTTP/1.1 200 OK"
2026-07-24 16:30:47,485 [INFO] httpx: HTTP Request: GET https://hpcsangrah-test.pune.cdac.in/vault/OpenCHAI/hpcsuite_registry/hostmachine_reg/x86_64/ "HTTP/1.1 200 OK"
2026-07-24 16:30:47,487 [INFO] httpx: HTTP Request: GET https://hpcsangrah-test.pune.cdac.in/vault/OpenCHAI/hpcsuite_registry/hostmachine_reg/ "HTTP/1.1 200 OK"
2026-07-24 16:30:47,517 [INFO] httpx: HTTP Request: HEAD https://hpcsangrah-test.pune.cdac.in/vault/OpenCHAI/hpcsuite_registry/hostmachine_reg/x86_64/rocky9.6/openchai_base_v1.25.0.tgz "HTTP/1.1 200 OK"
2026-07-24 16:30:47,520 [INFO] httpx: HTTP Request: HEAD https://hpcsangrah-test.pune.cdac.in/vault/OpenCHAI/hpcsuite_registry/hostmachine_reg/x86_64/rocky9.6/openchai_sm_v1.25.0.tgz "HTTP/1.1 200 OK"
2026-07-24 16:30:47,548 [INFO] httpx: HTTP Request: GET https://hpcsangrah-test.pune.cdac.in/vault/OpenCHAI/hpcsuite_registry/hostmachine_reg/ "HTTP/1.1 200 OK"
2026-07-24 16:30:47,551 [INFO] httpx: HTTP Request: GET https://hpcsangrah-test.pune.cdac.in/vault/OpenCHAI/hpcsuite_registry/hostmachine_reg/x86_64/ "HTTP/1.1 200 OK"
2026-07-24 16:30:52,520 [INFO] httpx: HTTP Request: HEAD https://hpcsangrah-test.pune.cdac.in/vault/OpenCHAI/hpcsuite_registry/hostmachine_reg/x86_64/rocky9.6/openchai_mldl_addon_v1.25.0.tgz "HTTP/1.1 200 OK"
2026-07-24 16:30:52,577 [INFO] routes.chai_release: Listing versions for arch=x86_64 os_dist=rocky9.6 verify_ssl=None
2026-07-24 16:30:52,577 [INFO] services.chai_release_service: Fetching versions from: https://hpcsangrah-test.pune.cdac.in/vault/OpenCHAI/hpcsuite_registry/hostmachine_reg/x86_64/rocky9.6/
2026-07-24 16:30:52,598 [INFO] httpx: HTTP Request: GET https://hpcsangrah-test.pune.cdac.in/vault/OpenCHAI/hpcsuite_registry/hostmachine_reg/x86_64/rocky9.6/ "HTTP/1.1 200 OK"
2026-07-24 16:30:52,627 [INFO] httpx: HTTP Request: HEAD https://hpcsangrah-test.pune.cdac.in/vault/OpenCHAI/hpcsuite_registry/hostmachine_reg/x86_64/rocky9.6/openchai_base_v1.25.0.tgz "HTTP/1.1 200 OK"
2026-07-24 16:30:52,630 [INFO] httpx: HTTP Request: HEAD https://hpcsangrah-test.pune.cdac.in/vault/OpenCHAI/hpcsuite_registry/hostmachine_reg/x86_64/rocky9.6/openchai_mldl_addon_v1.25.0.tgz "HTTP/1.1 200 OK"
2026-07-24 16:30:52,631 [INFO] httpx: HTTP Request: HEAD https://hpcsangrah-test.pune.cdac.in/vault/OpenCHAI/hpcsuite_registry/hostmachine_reg/x86_64/rocky9.6/openchai_sm_v1.25.0.tgz "HTTP/1.1 200 OK"
2026-07-24 16:30:54,564 [INFO] httpx: HTTP Request: GET https://hpcsangrah-test.pune.cdac.in/vault/OpenCHAI/hpcsuite_registry/hostmachine_reg/x86_64/ "HTTP/1.1 200 OK"
2026-07-24 16:30:56,645 [INFO] routes.chai_release: Listing versions for arch=x86_64 os_dist=rocky9.6 verify_ssl=None
2026-07-24 16:30:56,646 [INFO] services.chai_release_service: Fetching versions from: https://hpcsangrah-test.pune.cdac.in/vault/OpenCHAI/hpcsuite_registry/hostmachine_reg/x86_64/rocky9.6/
2026-07-24 16:30:56,667 [INFO] httpx: HTTP Request: GET https://hpcsangrah-test.pune.cdac.in/vault/OpenCHAI/hpcsuite_registry/hostmachine_reg/x86_64/rocky9.6/ "HTTP/1.1 200 OK"
2026-07-24 16:30:56,699 [INFO] httpx: HTTP Request: HEAD https://hpcsangrah-test.pune.cdac.in/vault/OpenCHAI/hpcsuite_registry/hostmachine_reg/x86_64/rocky9.6/openchai_base_v1.25.0.tgz "HTTP/1.1 200 OK"
2026-07-24 16:30:56,700 [INFO] httpx: HTTP Request: HEAD https://hpcsangrah-test.pune.cdac.in/vault/OpenCHAI/hpcsuite_registry/hostmachine_reg/x86_64/rocky9.6/openchai_mldl_addon_v1.25.0.tgz "HTTP/1.1 200 OK"
2026-07-24 16:30:56,702 [INFO] httpx: HTTP Request: HEAD https://hpcsangrah-test.pune.cdac.in/vault/OpenCHAI/hpcsuite_registry/hostmachine_reg/x86_64/rocky9.6/openchai_sm_v1.25.0.tgz "HTTP/1.1 200 OK"
2026-07-24 16:31:02,428 [INFO] httpx: HTTP Request: GET https://hpcsangrah-test.pune.cdac.in/vault/OpenCHAI/hpcsuite_registry/container_img_reg/rocky9.6/xCAT_reg/ "HTTP/1.1 200 OK"
2026-07-24 16:31:05,651 [INFO] httpx: HTTP Request: GET https://hpcsangrah-test.pune.cdac.in/vault/OpenCHAI/hpcsuite_registry/container_img_reg/rocky9.6/xCAT_reg/2.17.0/ "HTTP/1.1 200 OK"
2026-07-24 16:31:08,969 [INFO] services.chai_release_service: [job:00ef50ca-e62e-4849-99ab-b2aa813e8609] ⏭  Already present, skipping: cdac_xcat_rocky9.6_2.17.0
2026-07-24 16:31:08,969 [INFO] services.chai_release_service: [job:00ef50ca-e62e-4849-99ab-b2aa813e8609] 
==================================================
  Container downloads complete
  ✅ 0 downloaded  ⏭ 1 skipped  ❌ 0 failed
==================================================
2026-07-24 16:31:09,009 [INFO] routes.logs: WS client connected for job 00ef50ca-e62e-4849-99ab-b2aa813e8609
2026-07-27 18:13:30,441 [INFO] services.state_manager: No existing state file — starting fresh.
2026-07-27 18:13:30,712 [INFO] openchai_gui: ============================================================
2026-07-27 18:13:30,712 [INFO] openchai_gui:   OpenCHAI GUI Backend starting
2026-07-27 18:13:30,712 [INFO] openchai_gui:   Python   : 3.9.25
2026-07-27 18:13:30,712 [INFO] openchai_gui:   Root     : /opt/OpenCHAI_Registry/july/OpenCHAI
2026-07-27 18:13:30,713 [INFO] openchai_gui:   Ansible  : /opt/OpenCHAI_Registry/july/OpenCHAI/automation/ansible
2026-07-27 18:13:30,713 [INFO] openchai_gui:   Routers  : 15 loaded
2026-07-27 18:13:30,713 [INFO] openchai_gui: ============================================================
2026-07-27 18:13:30,713 [INFO] openchai_gui.config: ───────────────────────────────────────────────────────
2026-07-27 18:13:30,713 [INFO] openchai_gui.config:   OpenCHAI GUI — Path Validation
2026-07-27 18:13:30,713 [INFO] openchai_gui.config: ───────────────────────────────────────────────────────
2026-07-27 18:13:30,713 [INFO] openchai_gui.config:   ✅  OPENCHAI_ROOT          /opt/OpenCHAI_Registry/july/OpenCHAI
2026-07-27 18:13:30,713 [INFO] openchai_gui.config:   ✅  ANSIBLE_DIR            /opt/OpenCHAI_Registry/july/OpenCHAI/automation/ansible
2026-07-27 18:13:30,713 [INFO] openchai_gui.config:   ✅  PLAYBOOK_LIBRARY       /opt/OpenCHAI_Registry/july/OpenCHAI/automation/ansible/playbook_library
2026-07-27 18:13:30,713 [WARNING] openchai_gui.config:   ⚠️   INVENTORY_PATH         /opt/OpenCHAI_Registry/july/OpenCHAI/automation/ansible/inventory/hosts.ini  (will be created when needed)
2026-07-27 18:13:30,713 [INFO] openchai_gui.config:   ✅  GROUP_VARS_DIR         /opt/OpenCHAI_Registry/july/OpenCHAI/automation/ansible/group_vars
2026-07-27 18:13:30,713 [INFO] openchai_gui.config:   ✅  ANSIBLE_CFG            /opt/OpenCHAI_Registry/july/OpenCHAI/automation/ansible/ansible.cfg
2026-07-27 18:13:30,713 [INFO] openchai_gui.config:   ✅  SSH_KEY                /root/.ssh/id_rsa
2026-07-27 18:13:30,713 [INFO] openchai_gui.config:   ✅  HOST_VARS_DIR          /opt/OpenCHAI_Registry/july/OpenCHAI/automation/ansible/inventory/host_vars
2026-07-27 18:13:30,713 [INFO] openchai_gui.config:   ✅  VAULT_PASSWORD_FILE    /opt/OpenCHAI_Registry/july/OpenCHAI/automation/ansible/.vault_pass
2026-07-27 18:13:30,713 [INFO] openchai_gui.config: ───────────────────────────────────────────────────────
2026-07-27 18:13:30,714 [INFO] services.vault_service: Vault readiness OK — ansible.cfg vault_password_file matches /opt/OpenCHAI_Registry/july/OpenCHAI/automation/ansible/.vault_pass
2026-07-27 18:13:30,716 [INFO] services.inventory_cli_bridge: Inventory bridge OK — using /opt/OpenCHAI_Registry/july/OpenCHAI/automation/ansible/inventory.py (inventory_file=/opt/OpenCHAI_Registry/july/OpenCHAI/automation/ansible/inventory/inventory_def.txt)
2026-07-27 18:14:32,644 [INFO] routes.auth: Login OK: user='root' role='admin' groups=['root', 'openchai-admins'] ip=127.0.0.1
2026-07-28 10:17:59,051 [INFO] services.state_manager: No existing state file — starting fresh.
2026-07-28 10:17:59,302 [INFO] openchai_gui: ============================================================
2026-07-28 10:17:59,302 [INFO] openchai_gui:   OpenCHAI GUI Backend starting
2026-07-28 10:17:59,303 [INFO] openchai_gui:   Python   : 3.9.25
2026-07-28 10:17:59,303 [INFO] openchai_gui:   Root     : /opt/OpenCHAI_Registry/july/OpenCHAI
2026-07-28 10:17:59,303 [INFO] openchai_gui:   Ansible  : /opt/OpenCHAI_Registry/july/OpenCHAI/automation/ansible
2026-07-28 10:17:59,303 [INFO] openchai_gui:   Routers  : 15 loaded
2026-07-28 10:17:59,303 [INFO] openchai_gui: ============================================================
2026-07-28 10:17:59,303 [INFO] openchai_gui.config: ───────────────────────────────────────────────────────
2026-07-28 10:17:59,303 [INFO] openchai_gui.config:   OpenCHAI GUI — Path Validation
2026-07-28 10:17:59,303 [INFO] openchai_gui.config: ───────────────────────────────────────────────────────
2026-07-28 10:17:59,303 [INFO] openchai_gui.config:   ✅  OPENCHAI_ROOT          /opt/OpenCHAI_Registry/july/OpenCHAI
2026-07-28 10:17:59,303 [INFO] openchai_gui.config:   ✅  ANSIBLE_DIR            /opt/OpenCHAI_Registry/july/OpenCHAI/automation/ansible
2026-07-28 10:17:59,303 [INFO] openchai_gui.config:   ✅  PLAYBOOK_LIBRARY       /opt/OpenCHAI_Registry/july/OpenCHAI/automation/ansible/playbook_library
2026-07-28 10:17:59,303 [WARNING] openchai_gui.config:   ⚠️   INVENTORY_PATH         /opt/OpenCHAI_Registry/july/OpenCHAI/automation/ansible/inventory/hosts.ini  (will be created when needed)
2026-07-28 10:17:59,303 [INFO] openchai_gui.config:   ✅  GROUP_VARS_DIR         /opt/OpenCHAI_Registry/july/OpenCHAI/automation/ansible/group_vars
2026-07-28 10:17:59,303 [INFO] openchai_gui.config:   ✅  ANSIBLE_CFG            /opt/OpenCHAI_Registry/july/OpenCHAI/automation/ansible/ansible.cfg
2026-07-28 10:17:59,303 [INFO] openchai_gui.config:   ✅  SSH_KEY                /root/.ssh/id_rsa
2026-07-28 10:17:59,303 [INFO] openchai_gui.config:   ✅  HOST_VARS_DIR          /opt/OpenCHAI_Registry/july/OpenCHAI/automation/ansible/inventory/host_vars
2026-07-28 10:17:59,303 [INFO] openchai_gui.config:   ✅  VAULT_PASSWORD_FILE    /opt/OpenCHAI_Registry/july/OpenCHAI/automation/ansible/.vault_pass
2026-07-28 10:17:59,303 [INFO] openchai_gui.config: ───────────────────────────────────────────────────────
2026-07-28 10:17:59,304 [INFO] services.vault_service: Vault readiness OK — ansible.cfg vault_password_file matches /opt/OpenCHAI_Registry/july/OpenCHAI/automation/ansible/.vault_pass
2026-07-28 10:17:59,306 [INFO] services.inventory_cli_bridge: Inventory bridge OK — using /opt/OpenCHAI_Registry/july/OpenCHAI/automation/ansible/inventory.py (inventory_file=/opt/OpenCHAI_Registry/july/OpenCHAI/automation/ansible/inventory/inventory_def.txt)
2026-07-28 10:18:08,612 [INFO] routes.auth: Login OK: user='root' role='admin' groups=['root', 'openchai-admins'] ip=127.0.0.1
2026-07-28 10:18:19,250 [INFO] openchai_gui: OpenCHAI GUI backend stopped (uptime 20.0s)
2026-07-28 10:19:47,047 [INFO] services.state_manager: No existing state file — starting fresh.
2026-07-28 10:19:47,266 [INFO] openchai_gui: ============================================================
2026-07-28 10:19:47,266 [INFO] openchai_gui:   OpenCHAI GUI Backend starting
2026-07-28 10:19:47,266 [INFO] openchai_gui:   Python   : 3.9.25
2026-07-28 10:19:47,266 [INFO] openchai_gui:   Root     : /opt/OpenCHAI_Registry/july/OpenCHAI
2026-07-28 10:19:47,266 [INFO] openchai_gui:   Ansible  : /opt/OpenCHAI_Registry/july/OpenCHAI/automation/ansible
2026-07-28 10:19:47,266 [INFO] openchai_gui:   Routers  : 15 loaded
2026-07-28 10:19:47,266 [INFO] openchai_gui: ============================================================
2026-07-28 10:19:47,267 [INFO] openchai_gui.config: ───────────────────────────────────────────────────────
2026-07-28 10:19:47,267 [INFO] openchai_gui.config:   OpenCHAI GUI — Path Validation
2026-07-28 10:19:47,267 [INFO] openchai_gui.config: ───────────────────────────────────────────────────────
2026-07-28 10:19:47,267 [INFO] openchai_gui.config:   ✅  OPENCHAI_ROOT          /opt/OpenCHAI_Registry/july/OpenCHAI
2026-07-28 10:19:47,267 [INFO] openchai_gui.config:   ✅  ANSIBLE_DIR            /opt/OpenCHAI_Registry/july/OpenCHAI/automation/ansible
2026-07-28 10:19:47,267 [INFO] openchai_gui.config:   ✅  PLAYBOOK_LIBRARY       /opt/OpenCHAI_Registry/july/OpenCHAI/automation/ansible/playbook_library
2026-07-28 10:19:47,267 [WARNING] openchai_gui.config:   ⚠️   INVENTORY_PATH         /opt/OpenCHAI_Registry/july/OpenCHAI/automation/ansible/inventory/hosts.ini  (will be created when needed)
2026-07-28 10:19:47,267 [INFO] openchai_gui.config:   ✅  GROUP_VARS_DIR         /opt/OpenCHAI_Registry/july/OpenCHAI/automation/ansible/group_vars
2026-07-28 10:19:47,267 [INFO] openchai_gui.config:   ✅  ANSIBLE_CFG            /opt/OpenCHAI_Registry/july/OpenCHAI/automation/ansible/ansible.cfg
2026-07-28 10:19:47,267 [INFO] openchai_gui.config:   ✅  SSH_KEY                /root/.ssh/id_rsa
2026-07-28 10:19:47,267 [INFO] openchai_gui.config:   ✅  HOST_VARS_DIR          /opt/OpenCHAI_Registry/july/OpenCHAI/automation/ansible/inventory/host_vars
2026-07-28 10:19:47,267 [INFO] openchai_gui.config:   ✅  VAULT_PASSWORD_FILE    /opt/OpenCHAI_Registry/july/OpenCHAI/automation/ansible/.vault_pass
2026-07-28 10:19:47,267 [INFO] openchai_gui.config: ───────────────────────────────────────────────────────
2026-07-28 10:19:47,268 [INFO] services.vault_service: Vault readiness OK — ansible.cfg vault_password_file matches /opt/OpenCHAI_Registry/july/OpenCHAI/automation/ansible/.vault_pass
2026-07-28 10:19:47,270 [INFO] services.inventory_cli_bridge: Inventory bridge OK — using /opt/OpenCHAI_Registry/july/OpenCHAI/automation/ansible/inventory.py (inventory_file=/opt/OpenCHAI_Registry/july/OpenCHAI/automation/ansible/inventory/inventory_def.txt)
2026-07-28 10:20:26,294 [INFO] routes.auth: Login OK: user='root' role='admin' groups=['root', 'openchai-admins'] ip=127.0.0.1
2026-07-28 10:20:34,998 [WARNING] inventory: Vault password file /opt/OpenCHAI_Registry/july/OpenCHAI/automation/ansible/.vault_pass has loose permissions (644). Recommended: chmod 600.
2026-07-28 10:20:57,275 [INFO] services.chai_release_service: Registry auth store updated (type=basic)
2026-07-28 10:20:57,306 [INFO] httpx: HTTP Request: GET https://hpcsangrah-test.pune.cdac.in/vault/OpenCHAI/hpcsuite_registry/hostmachine_reg/ "HTTP/1.1 401 Unauthorized"
2026-07-28 10:20:57,308 [WARNING] routes.chai_release: Registry auth REJECTED (type=basic, status=401): Registry rejected the credentials (401 Unauthorized). Check the username and password.
2026-07-28 10:20:57,308 [INFO] services.chai_release_service: Registry auth store updated (type=none)
2026-07-28 10:21:13,126 [INFO] services.chai_release_service: Registry auth store updated (type=basic)
2026-07-28 10:21:13,146 [INFO] httpx: HTTP Request: GET https://hpcsangrah-test.pune.cdac.in/vault/OpenCHAI/hpcsuite_registry/hostmachine_reg/ "HTTP/1.1 401 Unauthorized"
2026-07-28 10:21:13,147 [WARNING] routes.chai_release: Registry auth REJECTED (type=basic, status=401): Registry rejected the credentials (401 Unauthorized). Check the username and password.
2026-07-28 10:21:13,148 [INFO] services.chai_release_service: Registry auth store updated (type=none)
2026-07-28 10:21:54,759 [INFO] services.chai_release_service: Registry auth store updated (type=basic)
2026-07-28 10:21:54,784 [INFO] httpx: HTTP Request: GET https://hpcsangrah-test.pune.cdac.in/vault/OpenCHAI/hpcsuite_registry/hostmachine_reg/ "HTTP/1.1 401 Unauthorized"
2026-07-28 10:21:54,786 [WARNING] routes.chai_release: Registry auth REJECTED (type=basic, status=401): Registry rejected the credentials (401 Unauthorized). Check the username and password.
2026-07-28 10:21:54,786 [INFO] services.chai_release_service: Registry auth store updated (type=none)
2026-07-28 10:35:07,100 [INFO] services.chai_release_service: Registry auth store updated (type=basic)
2026-07-28 10:35:07,121 [INFO] httpx: HTTP Request: GET https://hpcsangrah-test.pune.cdac.in/vault/OpenCHAI/hpcsuite_registry/hostmachine_reg/ "HTTP/1.1 401 Unauthorized"
2026-07-28 10:35:07,123 [WARNING] routes.chai_release: Registry auth REJECTED (type=basic, status=401): Registry rejected the credentials (401 Unauthorized). Check the username and password.
2026-07-28 10:35:07,124 [INFO] services.chai_release_service: Registry auth store updated (type=none)
2026-07-28 10:35:08,184 [INFO] services.chai_release_service: Registry auth store updated (type=basic)
2026-07-28 10:35:08,204 [INFO] httpx: HTTP Request: GET https://hpcsangrah-test.pune.cdac.in/vault/OpenCHAI/hpcsuite_registry/hostmachine_reg/ "HTTP/1.1 401 Unauthorized"
2026-07-28 10:35:08,205 [WARNING] routes.chai_release: Registry auth REJECTED (type=basic, status=401): Registry rejected the credentials (401 Unauthorized). Check the username and password.
2026-07-28 10:35:08,205 [INFO] services.chai_release_service: Registry auth store updated (type=none)
2026-07-28 10:38:19,452 [INFO] services.chai_release_service: Registry auth store updated (type=basic)
2026-07-28 10:38:19,473 [INFO] httpx: HTTP Request: GET https://hpcsangrah-test.pune.cdac.in/vault/OpenCHAI/hpcsuite_registry/hostmachine_reg/ "HTTP/1.1 200 OK"
2026-07-28 10:38:19,474 [INFO] routes.chai_release: Registry auth VALIDATED via /auth endpoint (type=basic)
2026-07-28 10:38:19,539 [INFO] httpx: HTTP Request: GET https://hpcsangrah-test.pune.cdac.in/vault/OpenCHAI/hpcsuite_registry/hostmachine_reg/ "HTTP/1.1 200 OK"
2026-07-28 10:38:24,398 [INFO] httpx: HTTP Request: GET https://hpcsangrah-test.pune.cdac.in/vault/OpenCHAI/hpcsuite_registry/hostmachine_reg/x86_64/ "HTTP/1.1 200 OK"
2026-07-28 10:38:27,484 [INFO] routes.chai_release: Listing versions for arch=x86_64 os_dist=rocky9.6 verify_ssl=None
2026-07-28 10:38:27,484 [INFO] services.chai_release_service: Fetching versions from: https://hpcsangrah-test.pune.cdac.in/vault/OpenCHAI/hpcsuite_registry/hostmachine_reg/x86_64/rocky9.6/
2026-07-28 10:38:27,503 [INFO] httpx: HTTP Request: GET https://hpcsangrah-test.pune.cdac.in/vault/OpenCHAI/hpcsuite_registry/hostmachine_reg/x86_64/rocky9.6/ "HTTP/1.1 200 OK"
2026-07-28 10:38:27,533 [INFO] httpx: HTTP Request: HEAD https://hpcsangrah-test.pune.cdac.in/vault/OpenCHAI/hpcsuite_registry/hostmachine_reg/x86_64/rocky9.6/openchai_base_v1.25.0.tgz "HTTP/1.1 200 OK"
2026-07-28 10:38:27,537 [INFO] httpx: HTTP Request: HEAD https://hpcsangrah-test.pune.cdac.in/vault/OpenCHAI/hpcsuite_registry/hostmachine_reg/x86_64/rocky9.6/openchai_ha_full_v1.25.0.tgz "HTTP/1.1 200 OK"
2026-07-28 10:38:27,539 [INFO] httpx: HTTP Request: HEAD https://hpcsangrah-test.pune.cdac.in/vault/OpenCHAI/hpcsuite_registry/hostmachine_reg/x86_64/rocky9.6/openchai_sm_v1.25.0.tgz "HTTP/1.1 200 OK"
2026-07-28 10:38:27,541 [INFO] httpx: HTTP Request: HEAD https://hpcsangrah-test.pune.cdac.in/vault/OpenCHAI/hpcsuite_registry/hostmachine_reg/x86_64/rocky9.6/openchai_mldl_addon_v1.25.0.tgz "HTTP/1.1 200 OK"
2026-07-28 10:38:27,542 [INFO] httpx: HTTP Request: HEAD https://hpcsangrah-test.pune.cdac.in/vault/OpenCHAI/hpcsuite_registry/hostmachine_reg/x86_64/rocky9.6/openchai_hpc_addon_v1.25.0.tgz "HTTP/1.1 200 OK"
2026-07-28 10:38:58,361 [INFO] routes.chai_release: Listing releases for arch=x86_64 os_dist=rocky9.6 version=openchai_ha_full_v1.25.0
2026-07-28 10:38:58,362 [INFO] services.chai_release_service: Fetching releases from: https://hpcsangrah-test.pune.cdac.in/vault/OpenCHAI/hpcsuite_registry/hostmachine_reg/x86_64/rocky9.6/openchai_ha_full_v1.25.0/
2026-07-28 10:38:58,381 [INFO] httpx: HTTP Request: GET https://hpcsangrah-test.pune.cdac.in/vault/OpenCHAI/hpcsuite_registry/hostmachine_reg/x86_64/rocky9.6/openchai_ha_full_v1.25.0/ "HTTP/1.1 404 Not Found"
2026-07-28 10:38:58,383 [WARNING] services.chai_release_service: HTTP 404 fetching https://hpcsangrah-test.pune.cdac.in/vault/OpenCHAI/hpcsuite_registry/hostmachine_reg/x86_64/rocky9.6/openchai_ha_full_v1.25.0/ (path not found)
2026-07-28 10:39:03,222 [INFO] services.chai_release_service: [job:97da670a-ac4b-45bb-84ef-2f6ae6b870ea] ============================================================
2026-07-28 10:39:03,222 [INFO] services.chai_release_service: [job:97da670a-ac4b-45bb-84ef-2f6ae6b870ea]   OpenCHAI CHAI Release Setup
2026-07-28 10:39:03,222 [INFO] services.chai_release_service: [job:97da670a-ac4b-45bb-84ef-2f6ae6b870ea] ============================================================
2026-07-28 10:39:03,223 [INFO] services.chai_release_service: [job:97da670a-ac4b-45bb-84ef-2f6ae6b870ea] ⬇  Downloading: https://hpcsangrah-test.pune.cdac.in/vault/OpenCHAI/hpcsuite_registry/hostmachine_reg/x86_64/rocky9.6/openchai_ha_full_v1.25.0.tgz
2026-07-28 10:39:03,242 [INFO] httpx: HTTP Request: GET https://hpcsangrah-test.pune.cdac.in/vault/OpenCHAI/hpcsuite_registry/hostmachine_reg/x86_64/rocky9.6/openchai_ha_full_v1.25.0.tgz "HTTP/1.1 200 OK"
2026-07-28 10:39:03,272 [INFO] routes.logs: WS client connected for job 97da670a-ac4b-45bb-84ef-2f6ae6b870ea
2026-07-28 10:39:20,426 [INFO] services.chai_release_service: [job:97da670a-ac4b-45bb-84ef-2f6ae6b870ea]    4%  (1711 MB / 42773 MB)
2026-07-28 10:39:41,121 [INFO] services.chai_release_service: [job:97da670a-ac4b-45bb-84ef-2f6ae6b870ea]    9%  (3850 MB / 42773 MB)
2026-07-28 10:40:01,466 [INFO] services.chai_release_service: [job:97da670a-ac4b-45bb-84ef-2f6ae6b870ea]    14%  (5988 MB / 42773 MB)
2026-07-28 10:40:21,652 [INFO] services.chai_release_service: [job:97da670a-ac4b-45bb-84ef-2f6ae6b870ea]    19%  (8127 MB / 42773 MB)
2026-07-28 10:40:41,916 [INFO] services.chai_release_service: [job:97da670a-ac4b-45bb-84ef-2f6ae6b870ea]    24%  (10266 MB / 42773 MB)
2026-07-28 10:41:02,323 [INFO] services.chai_release_service: [job:97da670a-ac4b-45bb-84ef-2f6ae6b870ea]    29%  (12404 MB / 42773 MB)
2026-07-28 10:41:23,647 [INFO] services.chai_release_service: [job:97da670a-ac4b-45bb-84ef-2f6ae6b870ea]    34%  (14543 MB / 42773 MB)
2026-07-28 10:41:44,820 [INFO] services.chai_release_service: [job:97da670a-ac4b-45bb-84ef-2f6ae6b870ea]    39%  (16682 MB / 42773 MB)
2026-07-28 10:42:06,029 [INFO] services.chai_release_service: [job:97da670a-ac4b-45bb-84ef-2f6ae6b870ea]    44%  (18820 MB / 42773 MB)
2026-07-28 10:42:26,911 [INFO] services.chai_release_service: [job:97da670a-ac4b-45bb-84ef-2f6ae6b870ea]    49%  (20959 MB / 42773 MB)
2026-07-28 10:42:47,764 [INFO] services.chai_release_service: [job:97da670a-ac4b-45bb-84ef-2f6ae6b870ea]    54%  (23098 MB / 42773 MB)
2026-07-28 10:43:07,952 [INFO] services.chai_release_service: [job:97da670a-ac4b-45bb-84ef-2f6ae6b870ea]    59%  (25236 MB / 42773 MB)
2026-07-28 10:43:27,898 [INFO] services.chai_release_service: [job:97da670a-ac4b-45bb-84ef-2f6ae6b870ea]    64%  (27375 MB / 42773 MB)
2026-07-28 10:43:47,990 [INFO] services.chai_release_service: [job:97da670a-ac4b-45bb-84ef-2f6ae6b870ea]    69%  (29514 MB / 42773 MB)
2026-07-28 10:44:08,054 [INFO] services.chai_release_service: [job:97da670a-ac4b-45bb-84ef-2f6ae6b870ea]    74%  (31652 MB / 42773 MB)
2026-07-28 10:44:28,056 [INFO] services.chai_release_service: [job:97da670a-ac4b-45bb-84ef-2f6ae6b870ea]    79%  (33791 MB / 42773 MB)
2026-07-28 10:44:48,557 [INFO] services.chai_release_service: [job:97da670a-ac4b-45bb-84ef-2f6ae6b870ea]    84%  (35930 MB / 42773 MB)
2026-07-28 10:45:08,882 [INFO] services.chai_release_service: [job:97da670a-ac4b-45bb-84ef-2f6ae6b870ea]    89%  (38068 MB / 42773 MB)
2026-07-28 10:45:28,897 [INFO] services.chai_release_service: [job:97da670a-ac4b-45bb-84ef-2f6ae6b870ea]    94%  (40207 MB / 42773 MB)
2026-07-28 10:45:49,741 [INFO] services.chai_release_service: [job:97da670a-ac4b-45bb-84ef-2f6ae6b870ea]    99%  (42346 MB / 42773 MB)
2026-07-28 10:45:53,917 [INFO] services.chai_release_service: [job:97da670a-ac4b-45bb-84ef-2f6ae6b870ea] ✅ Download complete: openchai_ha_full_v1.25.0.tgz
2026-07-28 10:45:53,917 [INFO] services.chai_release_service: [job:97da670a-ac4b-45bb-84ef-2f6ae6b870ea] 📦 Extracting openchai_ha_full_v1.25.0.tgz → /opt/OpenCHAI_Registry/july/OpenCHAI/hpcsuite_registry/hostmachine_reg/x86_64/rocky9.6
2026-07-28 10:47:42,250 [INFO] services.chai_release_service: [job:97da670a-ac4b-45bb-84ef-2f6ae6b870ea] ✅ Extraction complete
2026-07-28 10:47:45,237 [INFO] services.chai_release_service: [job:97da670a-ac4b-45bb-84ef-2f6ae6b870ea] ✅ Registry validated: /opt/OpenCHAI_Registry/july/OpenCHAI/hpcsuite_registry/hostmachine_reg/x86_64/rocky9.6/openchai_ha_full_v1.25.0
2026-07-28 10:47:45,237 [INFO] services.chai_release_service: [job:97da670a-ac4b-45bb-84ef-2f6ae6b870ea] 
── Updating configuration files ──
2026-07-28 10:47:45,242 [INFO] services.chai_release_service: [job:97da670a-ac4b-45bb-84ef-2f6ae6b870ea] ✅ Updated: /opt/OpenCHAI_Registry/july/OpenCHAI/automation/ansible/group_vars/all.yml
2026-07-28 10:47:45,248 [INFO] services.chai_release_service: [job:97da670a-ac4b-45bb-84ef-2f6ae6b870ea] ✅ Updated: /opt/OpenCHAI_Registry/july/OpenCHAI/automation/ansible/ansible.cfg
2026-07-28 10:47:45,248 [INFO] services.chai_release_service: [job:97da670a-ac4b-45bb-84ef-2f6ae6b870ea] ✅ Backup created: /etc/ansible/ansible.cfg.bak
2026-07-28 10:47:45,250 [INFO] services.chai_release_service: [job:97da670a-ac4b-45bb-84ef-2f6ae6b870ea] ✅ Copied /opt/OpenCHAI_Registry/july/OpenCHAI/automation/ansible/ansible.cfg -> /etc/ansible/ansible.cfg
2026-07-28 10:47:45,250 [INFO] services.chai_release_service: [job:97da670a-ac4b-45bb-84ef-2f6ae6b870ea] ✅ Updated: /opt/OpenCHAI_Registry/july/OpenCHAI/automation/ansible/inventory/inventory.sh
2026-07-28 10:47:45,250 [INFO] services.chai_release_service: [job:97da670a-ac4b-45bb-84ef-2f6ae6b870ea] ✅ Updated inventory.sh: /opt/OpenCHAI_Registry/july/OpenCHAI/automation/ansible/inventory/inventory.sh
2026-07-28 10:47:45,250 [INFO] services.chai_release_service: [job:97da670a-ac4b-45bb-84ef-2f6ae6b870ea] ✅ CHAI Release setup complete!
2026-07-28 10:48:16,826 [INFO] httpx: HTTP Request: GET https://hpcsangrah-test.pune.cdac.in/vault/OpenCHAI/hpcsuite_registry/container_img_reg/rocky9.6/ldap_reg/ "HTTP/1.1 200 OK"
2026-07-28 10:48:19,603 [INFO] httpx: HTTP Request: GET https://hpcsangrah-test.pune.cdac.in/vault/OpenCHAI/hpcsuite_registry/container_img_reg/rocky9.6/ldap_reg/2.6.8/ "HTTP/1.1 200 OK"
2026-07-28 10:48:25,055 [INFO] httpx: HTTP Request: GET https://hpcsangrah-test.pune.cdac.in/vault/OpenCHAI/hpcsuite_registry/container_img_reg/rocky9.6/nagios_reg/ "HTTP/1.1 200 OK"
2026-07-28 10:48:28,030 [INFO] httpx: HTTP Request: GET https://hpcsangrah-test.pune.cdac.in/vault/OpenCHAI/hpcsuite_registry/container_img_reg/rocky9.6/nagios_reg/4.4.14/ "HTTP/1.1 200 OK"
2026-07-28 10:48:33,897 [INFO] httpx: HTTP Request: GET https://hpcsangrah-test.pune.cdac.in/vault/OpenCHAI/hpcsuite_registry/container_img_reg/rocky9.6/xCAT_reg/ "HTTP/1.1 200 OK"
2026-07-28 10:48:36,269 [INFO] httpx: HTTP Request: GET https://hpcsangrah-test.pune.cdac.in/vault/OpenCHAI/hpcsuite_registry/container_img_reg/rocky9.6/xCAT_reg/2.17.0/ "HTTP/1.1 200 OK"
2026-07-28 10:48:42,250 [INFO] services.chai_release_service: [job:0bdb2d57-69c1-4708-8de3-34870404610d] ⏭  Already present, skipping: cdac_openldap_multi-replication_rocky9.6_2.6.8
2026-07-28 10:48:42,251 [INFO] services.chai_release_service: [job:0bdb2d57-69c1-4708-8de3-34870404610d] ⏭  Already present, skipping: cdac_nagios_rocky9.6_4.4.14
2026-07-28 10:48:42,251 [INFO] services.chai_release_service: [job:0bdb2d57-69c1-4708-8de3-34870404610d] ⏭  Already present, skipping: cdac_xcat_rocky9.6_2.17.0
2026-07-28 10:48:42,251 [INFO] services.chai_release_service: [job:0bdb2d57-69c1-4708-8de3-34870404610d] 
==================================================
  Container downloads complete
  ✅ 0 downloaded  ⏭ 3 skipped  ❌ 0 failed
==================================================
2026-07-28 10:48:42,288 [INFO] routes.logs: WS client connected for job 0bdb2d57-69c1-4708-8de3-34870404610d
2026-07-28 10:49:22,166 [INFO] inventory: Backup created: /opt/OpenCHAI_Registry/july/OpenCHAI/automation/ansible/backups/backup_20260728_104922 (7 files)
2026-07-28 10:49:22,166 [INFO] inventory: Inventory saved: 5 host(s) → /opt/OpenCHAI_Registry/july/OpenCHAI/automation/ansible/inventory/inventory_def.txt
2026-07-28 10:49:22,920 [INFO] inventory: Vault sync complete. 0 password(s) added/updated.
2026-07-28 10:49:38,568 [INFO] inventory: Backup created: /opt/OpenCHAI_Registry/july/OpenCHAI/automation/ansible/backups/backup_20260728_104938 (7 files)
2026-07-28 10:49:38,569 [INFO] inventory: Inventory saved: 5 host(s) → /opt/OpenCHAI_Registry/july/OpenCHAI/automation/ansible/inventory/inventory_def.txt
2026-07-28 10:49:39,234 [INFO] inventory: Vault sync complete. 0 password(s) added/updated.
2026-07-28 10:49:43,721 [INFO] inventory: Backup created: /opt/OpenCHAI_Registry/july/OpenCHAI/automation/ansible/backups/backup_20260728_104943 (7 files)
2026-07-28 10:49:43,722 [INFO] inventory: Inventory saved: 4 host(s) → /opt/OpenCHAI_Registry/july/OpenCHAI/automation/ansible/inventory/inventory_def.txt
2026-07-28 10:49:44,548 [INFO] inventory: Vault entry deleted for host 'shavak_dl_2'.
2026-07-28 10:49:48,846 [INFO] inventory: Backup created: /opt/OpenCHAI_Registry/july/OpenCHAI/automation/ansible/backups/backup_20260728_104948 (6 files)
2026-07-28 10:49:48,848 [INFO] inventory: Inventory saved: 3 host(s) → /opt/OpenCHAI_Registry/july/OpenCHAI/automation/ansible/inventory/inventory_def.txt
2026-07-28 10:49:49,671 [INFO] inventory: Vault entry deleted for host 'cn25'.
2026-07-28 10:49:53,102 [INFO] paramiko.transport: Connected (version 2.0, client OpenSSH_8.7)
2026-07-28 10:49:53,202 [INFO] paramiko.transport: Authentication (password) successful!
2026-07-28 10:49:56,263 [INFO] paramiko.transport: Connected (version 2.0, client OpenSSH_8.7)
2026-07-28 10:49:56,360 [INFO] paramiko.transport: Authentication (password) successful!
2026-07-28 10:50:00,702 [INFO] paramiko.transport: Connected (version 2.0, client OpenSSH_8.7)
2026-07-28 10:50:00,799 [INFO] paramiko.transport: Authentication (password) successful!
2026-07-28 10:51:37,808 [INFO] routes.cluster_setup: Resolved inventory: /opt/OpenCHAI_Registry/july/OpenCHAI/automation/ansible/inventory/inventory_def.txt
2026-07-28 10:51:37,809 [INFO] services.ansible_runner: Normalized extra-vars: {'fw_service_name': 'firewalld', 'fw_service_state': 'stopped', 'fw_service_enabled': False, 'fw_install_if_missing': True, 'selinux_mode': 'disabled', 'selinux_install_if_missing': True, 'nfs_server_service': 'nfs-server', 'nfs_server_state': 'started', 'nfs_server_enabled': True, 'nfs_server_install_if_missing': True, 'nfs_exports': [{'clients': '*', 'options': 'ro,sync,no_root_squash', 'path': '{{ rpm_stack_path }}'}, {'clients': '*', 'options': 'rw,sync,no_root_squash', 'path': '{{ configuration_dir_path }}'}, {'clients': '*', 'options': 'rw,sync,no_root_squash', 'path': '{{ bin_dir_path }}'}]}
2026-07-28 10:51:37,809 [WARNING] services.ansible_runner: inventory_path provided but ignored. Using ansible.cfg default inventory.
2026-07-28 10:51:37,810 [INFO] services.ansible_runner: Job 4e14e236-f429-4fd6-b260-2fe290d2779e | cwd=/opt/OpenCHAI_Registry/july/OpenCHAI/automation/ansible | cmd=ansible-playbook /opt/OpenCHAI_Registry/july/OpenCHAI/cluster_setup/ha_server_setup/headnode/phase1.0_firewall.yml --user root --private-key /root/.ssh/id_rsa --check --extra-vars '{"fw_service_name": "firewalld", "fw_service_state": "stopped", "fw_service_enabled": false, "fw_install_if_missing": true, "selinux_mode": "disabled", "selinux_install_if_missing": true, "nfs_server_service": "nfs-server", "nfs_server_state": "started", "nfs_server_enabled": true, "nfs_server_install_if_missing": true, "nfs_exports": [{"clients": "*", "options": "ro,sync,no_root_squash", "path": "{{ rpm_stack_path }}"}, {"clients": "*", "options": "rw,sync,no_root_squash", "path": "{{ configuration_dir_path }}"}, {"clients": "*", "options": "rw,sync,no_root_squash", "path": "{{ bin_dir_path }}"}]}' --limit headnode
2026-07-28 10:51:37,872 [INFO] routes.logs: WS client connected for job 4e14e236-f429-4fd6-b260-2fe290d2779e
2026-07-28 10:51:37,898 [INFO] routes.logs: WS client connected for job 4e14e236-f429-4fd6-b260-2fe290d2779e
2026-07-28 10:51:38,275 [INFO] routes.logs: WS client disconnected from job 4e14e236-f429-4fd6-b260-2fe290d2779e
2026-07-28 10:51:38,275 [INFO] routes.logs: WS session for job 4e14e236-f429-4fd6-b260-2fe290d2779e closed
2026-07-28 10:51:45,859 [INFO] services.ansible_runner: Job 4e14e236-f429-4fd6-b260-2fe290d2779e finished rc=0 status=success
2026-07-28 10:51:45,860 [INFO] routes.logs: WS session for job 4e14e236-f429-4fd6-b260-2fe290d2779e closed
2026-07-28 10:51:47,395 [INFO] routes.cluster_setup: Resolved inventory: /opt/OpenCHAI_Registry/july/OpenCHAI/automation/ansible/inventory/inventory_def.txt
2026-07-28 10:51:47,396 [INFO] services.ansible_runner: Normalized extra-vars: {'fw_service_name': 'firewalld', 'fw_service_state': 'stopped', 'fw_service_enabled': False, 'fw_install_if_missing': True, 'selinux_mode': 'disabled', 'selinux_install_if_missing': True, 'nfs_server_service': 'nfs-server', 'nfs_server_state': 'started', 'nfs_server_enabled': True, 'nfs_server_install_if_missing': True, 'nfs_exports': [{'clients': '*', 'options': 'ro,sync,no_root_squash', 'path': '{{ rpm_stack_path }}'}, {'clients': '*', 'options': 'rw,sync,no_root_squash', 'path': '{{ configuration_dir_path }}'}, {'clients': '*', 'options': 'rw,sync,no_root_squash', 'path': '{{ bin_dir_path }}'}]}
2026-07-28 10:51:47,396 [WARNING] services.ansible_runner: inventory_path provided but ignored. Using ansible.cfg default inventory.
2026-07-28 10:51:47,397 [INFO] services.ansible_runner: Job 47782286-42e4-42d1-8088-be36ea5ac1e4 | cwd=/opt/OpenCHAI_Registry/july/OpenCHAI/automation/ansible | cmd=ansible-playbook /opt/OpenCHAI_Registry/july/OpenCHAI/cluster_setup/ha_server_setup/headnode/phase1.1_selinux.yml --user root --private-key /root/.ssh/id_rsa --check --extra-vars '{"fw_service_name": "firewalld", "fw_service_state": "stopped", "fw_service_enabled": false, "fw_install_if_missing": true, "selinux_mode": "disabled", "selinux_install_if_missing": true, "nfs_server_service": "nfs-server", "nfs_server_state": "started", "nfs_server_enabled": true, "nfs_server_install_if_missing": true, "nfs_exports": [{"clients": "*", "options": "ro,sync,no_root_squash", "path": "{{ rpm_stack_path }}"}, {"clients": "*", "options": "rw,sync,no_root_squash", "path": "{{ configuration_dir_path }}"}, {"clients": "*", "options": "rw,sync,no_root_squash", "path": "{{ bin_dir_path }}"}]}' --limit headnode
2026-07-28 10:51:47,450 [INFO] routes.logs: WS client connected for job 4e14e236-f429-4fd6-b260-2fe290d2779e
2026-07-28 10:51:47,512 [INFO] routes.logs: WS client connected for job 47782286-42e4-42d1-8088-be36ea5ac1e4
2026-07-28 10:51:54,448 [INFO] services.ansible_runner: Job 47782286-42e4-42d1-8088-be36ea5ac1e4 finished rc=0 status=success
2026-07-28 10:51:54,448 [INFO] routes.logs: WS session for job 47782286-42e4-42d1-8088-be36ea5ac1e4 closed
2026-07-28 10:51:55,099 [INFO] routes.cluster_setup: Resolved inventory: /opt/OpenCHAI_Registry/july/OpenCHAI/automation/ansible/inventory/inventory_def.txt
2026-07-28 10:51:55,099 [INFO] services.ansible_runner: Normalized extra-vars: {'fw_service_name': 'firewalld', 'fw_service_state': 'stopped', 'fw_service_enabled': False, 'fw_install_if_missing': True, 'selinux_mode': 'disabled', 'selinux_install_if_missing': True, 'nfs_server_service': 'nfs-server', 'nfs_server_state': 'started', 'nfs_server_enabled': True, 'nfs_server_install_if_missing': True, 'nfs_exports': [{'clients': '*', 'options': 'ro,sync,no_root_squash', 'path': '{{ rpm_stack_path }}'}, {'clients': '*', 'options': 'rw,sync,no_root_squash', 'path': '{{ configuration_dir_path }}'}, {'clients': '*', 'options': 'rw,sync,no_root_squash', 'path': '{{ bin_dir_path }}'}]}
2026-07-28 10:51:55,099 [WARNING] services.ansible_runner: inventory_path provided but ignored. Using ansible.cfg default inventory.
2026-07-28 10:51:55,100 [INFO] services.ansible_runner: Job d7836c03-ec33-4086-90fe-1bc119cdc478 | cwd=/opt/OpenCHAI_Registry/july/OpenCHAI/automation/ansible | cmd=ansible-playbook /opt/OpenCHAI_Registry/july/OpenCHAI/cluster_setup/ha_server_setup/headnode/phase1.3_hosts.yml --user root --private-key /root/.ssh/id_rsa --check --extra-vars '{"fw_service_name": "firewalld", "fw_service_state": "stopped", "fw_service_enabled": false, "fw_install_if_missing": true, "selinux_mode": "disabled", "selinux_install_if_missing": true, "nfs_server_service": "nfs-server", "nfs_server_state": "started", "nfs_server_enabled": true, "nfs_server_install_if_missing": true, "nfs_exports": [{"clients": "*", "options": "ro,sync,no_root_squash", "path": "{{ rpm_stack_path }}"}, {"clients": "*", "options": "rw,sync,no_root_squash", "path": "{{ configuration_dir_path }}"}, {"clients": "*", "options": "rw,sync,no_root_squash", "path": "{{ bin_dir_path }}"}]}' --limit headnode
2026-07-28 10:51:55,142 [INFO] routes.logs: WS client connected for job 4e14e236-f429-4fd6-b260-2fe290d2779e
2026-07-28 10:51:55,205 [INFO] routes.logs: WS client connected for job 47782286-42e4-42d1-8088-be36ea5ac1e4
2026-07-28 10:51:55,259 [INFO] routes.logs: WS client connected for job d7836c03-ec33-4086-90fe-1bc119cdc478
2026-07-28 10:52:00,882 [INFO] services.ansible_runner: Job d7836c03-ec33-4086-90fe-1bc119cdc478 finished rc=0 status=success
2026-07-28 10:52:00,883 [INFO] routes.logs: WS session for job d7836c03-ec33-4086-90fe-1bc119cdc478 closed
2026-07-28 10:52:01,261 [INFO] routes.cluster_setup: Resolved inventory: /opt/OpenCHAI_Registry/july/OpenCHAI/automation/ansible/inventory/inventory_def.txt
2026-07-28 10:52:01,261 [INFO] services.ansible_runner: Normalized extra-vars: {'fw_service_name': 'firewalld', 'fw_service_state': 'stopped', 'fw_service_enabled': False, 'fw_install_if_missing': True, 'selinux_mode': 'disabled', 'selinux_install_if_missing': True, 'nfs_server_service': 'nfs-server', 'nfs_server_state': 'started', 'nfs_server_enabled': True, 'nfs_server_install_if_missing': True, 'nfs_exports': [{'clients': '*', 'options': 'ro,sync,no_root_squash', 'path': '{{ rpm_stack_path }}'}, {'clients': '*', 'options': 'rw,sync,no_root_squash', 'path': '{{ configuration_dir_path }}'}, {'clients': '*', 'options': 'rw,sync,no_root_squash', 'path': '{{ bin_dir_path }}'}]}
2026-07-28 10:52:01,261 [WARNING] services.ansible_runner: inventory_path provided but ignored. Using ansible.cfg default inventory.
2026-07-28 10:52:01,262 [INFO] services.ansible_runner: Job 097e4a90-a83f-4930-a53c-896bf21e7b7a | cwd=/opt/OpenCHAI_Registry/july/OpenCHAI/automation/ansible | cmd=ansible-playbook /opt/OpenCHAI_Registry/july/OpenCHAI/cluster_setup/ha_server_setup/headnode/phase1.4_nat_server_setup.yml --user root --private-key /root/.ssh/id_rsa --check --extra-vars '{"fw_service_name": "firewalld", "fw_service_state": "stopped", "fw_service_enabled": false, "fw_install_if_missing": true, "selinux_mode": "disabled", "selinux_install_if_missing": true, "nfs_server_service": "nfs-server", "nfs_server_state": "started", "nfs_server_enabled": true, "nfs_server_install_if_missing": true, "nfs_exports": [{"clients": "*", "options": "ro,sync,no_root_squash", "path": "{{ rpm_stack_path }}"}, {"clients": "*", "options": "rw,sync,no_root_squash", "path": "{{ configuration_dir_path }}"}, {"clients": "*", "options": "rw,sync,no_root_squash", "path": "{{ bin_dir_path }}"}]}' --limit headnode
2026-07-28 10:52:01,328 [INFO] routes.logs: WS client connected for job 4e14e236-f429-4fd6-b260-2fe290d2779e
2026-07-28 10:52:01,375 [INFO] routes.logs: WS client connected for job 47782286-42e4-42d1-8088-be36ea5ac1e4
2026-07-28 10:52:01,433 [INFO] routes.logs: WS client connected for job d7836c03-ec33-4086-90fe-1bc119cdc478
2026-07-28 10:52:01,478 [INFO] routes.logs: WS client connected for job 097e4a90-a83f-4930-a53c-896bf21e7b7a
2026-07-28 10:52:13,575 [INFO] services.ansible_runner: Job 097e4a90-a83f-4930-a53c-896bf21e7b7a finished rc=0 status=success
2026-07-28 10:52:13,576 [INFO] routes.logs: WS session for job 097e4a90-a83f-4930-a53c-896bf21e7b7a closed
2026-07-28 10:52:13,702 [INFO] routes.cluster_setup: Resolved inventory: /opt/OpenCHAI_Registry/july/OpenCHAI/automation/ansible/inventory/inventory_def.txt
2026-07-28 10:52:13,702 [INFO] services.ansible_runner: Normalized extra-vars: {'fw_service_name': 'firewalld', 'fw_service_state': 'stopped', 'fw_service_enabled': False, 'fw_install_if_missing': True, 'selinux_mode': 'disabled', 'selinux_install_if_missing': True, 'nfs_server_service': 'nfs-server', 'nfs_server_state': 'started', 'nfs_server_enabled': True, 'nfs_server_install_if_missing': True, 'nfs_exports': [{'clients': '*', 'options': 'ro,sync,no_root_squash', 'path': '{{ rpm_stack_path }}'}, {'clients': '*', 'options': 'rw,sync,no_root_squash', 'path': '{{ configuration_dir_path }}'}, {'clients': '*', 'options': 'rw,sync,no_root_squash', 'path': '{{ bin_dir_path }}'}]}
2026-07-28 10:52:13,703 [WARNING] services.ansible_runner: inventory_path provided but ignored. Using ansible.cfg default inventory.
2026-07-28 10:52:13,703 [INFO] services.ansible_runner: Job 30c3a0a4-5b8b-4a05-96b2-a7a862fd0f45 | cwd=/opt/OpenCHAI_Registry/july/OpenCHAI/automation/ansible | cmd=ansible-playbook /opt/OpenCHAI_Registry/july/OpenCHAI/cluster_setup/ha_server_setup/headnode/phase1.6_mandatory_nfs_server.yml --user root --private-key /root/.ssh/id_rsa --check --extra-vars '{"fw_service_name": "firewalld", "fw_service_state": "stopped", "fw_service_enabled": false, "fw_install_if_missing": true, "selinux_mode": "disabled", "selinux_install_if_missing": true, "nfs_server_service": "nfs-server", "nfs_server_state": "started", "nfs_server_enabled": true, "nfs_server_install_if_missing": true, "nfs_exports": [{"clients": "*", "options": "ro,sync,no_root_squash", "path": "{{ rpm_stack_path }}"}, {"clients": "*", "options": "rw,sync,no_root_squash", "path": "{{ configuration_dir_path }}"}, {"clients": "*", "options": "rw,sync,no_root_squash", "path": "{{ bin_dir_path }}"}]}' --limit headnode
2026-07-28 10:52:13,752 [INFO] routes.logs: WS client connected for job 4e14e236-f429-4fd6-b260-2fe290d2779e
2026-07-28 10:52:13,792 [INFO] routes.logs: WS client connected for job 47782286-42e4-42d1-8088-be36ea5ac1e4
2026-07-28 10:52:13,839 [INFO] routes.logs: WS client connected for job d7836c03-ec33-4086-90fe-1bc119cdc478
2026-07-28 10:52:13,890 [INFO] routes.logs: WS client connected for job 097e4a90-a83f-4930-a53c-896bf21e7b7a
2026-07-28 10:52:13,919 [INFO] routes.logs: WS client connected for job 30c3a0a4-5b8b-4a05-96b2-a7a862fd0f45
2026-07-28 10:52:24,745 [INFO] services.ansible_runner: Job 30c3a0a4-5b8b-4a05-96b2-a7a862fd0f45 finished rc=2 status=failed
2026-07-28 10:52:24,745 [INFO] routes.logs: WS session for job 30c3a0a4-5b8b-4a05-96b2-a7a862fd0f45 closed
2026-07-28 10:52:43,116 [INFO] routes.cluster_setup: Resolved inventory: /opt/OpenCHAI_Registry/july/OpenCHAI/automation/ansible/inventory/inventory_def.txt
2026-07-28 10:52:43,116 [INFO] services.ansible_runner: Normalized extra-vars: {'fw_service_name': 'firewalld', 'fw_service_state': 'stopped', 'fw_service_enabled': False, 'fw_install_if_missing': True, 'selinux_mode': 'disabled', 'selinux_install_if_missing': True, 'nfs_server_service': 'nfs-server', 'nfs_server_state': 'started', 'nfs_server_enabled': True, 'nfs_server_install_if_missing': True, 'nfs_exports': [{'clients': '*', 'options': 'ro,sync,no_root_squash', 'path': '{{ rpm_stack_path }}'}, {'clients': '*', 'options': 'rw,sync,no_root_squash', 'path': '{{ configuration_dir_path }}'}, {'clients': '*', 'options': 'rw,sync,no_root_squash', 'path': '{{ bin_dir_path }}'}]}
2026-07-28 10:52:43,116 [WARNING] services.ansible_runner: inventory_path provided but ignored. Using ansible.cfg default inventory.
2026-07-28 10:52:43,117 [INFO] services.ansible_runner: Job 279d6b99-4ddf-4420-8bf5-934fe4d44879 | cwd=/opt/OpenCHAI_Registry/july/OpenCHAI/automation/ansible | cmd=ansible-playbook /opt/OpenCHAI_Registry/july/OpenCHAI/cluster_setup/ha_server_setup/headnode/phase1.0_firewall.yml --user root --private-key /root/.ssh/id_rsa --extra-vars '{"fw_service_name": "firewalld", "fw_service_state": "stopped", "fw_service_enabled": false, "fw_install_if_missing": true, "selinux_mode": "disabled", "selinux_install_if_missing": true, "nfs_server_service": "nfs-server", "nfs_server_state": "started", "nfs_server_enabled": true, "nfs_server_install_if_missing": true, "nfs_exports": [{"clients": "*", "options": "ro,sync,no_root_squash", "path": "{{ rpm_stack_path }}"}, {"clients": "*", "options": "rw,sync,no_root_squash", "path": "{{ configuration_dir_path }}"}, {"clients": "*", "options": "rw,sync,no_root_squash", "path": "{{ bin_dir_path }}"}]}' --limit headnode
2026-07-28 10:52:43,159 [INFO] routes.logs: WS client connected for job 279d6b99-4ddf-4420-8bf5-934fe4d44879
2026-07-28 10:52:43,183 [INFO] routes.logs: WS client connected for job 279d6b99-4ddf-4420-8bf5-934fe4d44879
2026-07-28 10:52:43,457 [INFO] routes.logs: WS client disconnected from job 279d6b99-4ddf-4420-8bf5-934fe4d44879
2026-07-28 10:52:43,457 [INFO] routes.logs: WS session for job 279d6b99-4ddf-4420-8bf5-934fe4d44879 closed
2026-07-28 10:52:50,243 [INFO] services.ansible_runner: Job 279d6b99-4ddf-4420-8bf5-934fe4d44879 finished rc=0 status=success
2026-07-28 10:52:50,244 [INFO] routes.logs: WS session for job 279d6b99-4ddf-4420-8bf5-934fe4d44879 closed
2026-07-28 10:52:51,635 [INFO] routes.cluster_setup: Resolved inventory: /opt/OpenCHAI_Registry/july/OpenCHAI/automation/ansible/inventory/inventory_def.txt
2026-07-28 10:52:51,636 [INFO] services.ansible_runner: Normalized extra-vars: {'fw_service_name': 'firewalld', 'fw_service_state': 'stopped', 'fw_service_enabled': False, 'fw_install_if_missing': True, 'selinux_mode': 'disabled', 'selinux_install_if_missing': True, 'nfs_server_service': 'nfs-server', 'nfs_server_state': 'started', 'nfs_server_enabled': True, 'nfs_server_install_if_missing': True, 'nfs_exports': [{'clients': '*', 'options': 'ro,sync,no_root_squash', 'path': '{{ rpm_stack_path }}'}, {'clients': '*', 'options': 'rw,sync,no_root_squash', 'path': '{{ configuration_dir_path }}'}, {'clients': '*', 'options': 'rw,sync,no_root_squash', 'path': '{{ bin_dir_path }}'}]}
2026-07-28 10:52:51,636 [WARNING] services.ansible_runner: inventory_path provided but ignored. Using ansible.cfg default inventory.
2026-07-28 10:52:51,637 [INFO] services.ansible_runner: Job a905967b-9597-425e-b297-91894debb4b5 | cwd=/opt/OpenCHAI_Registry/july/OpenCHAI/automation/ansible | cmd=ansible-playbook /opt/OpenCHAI_Registry/july/OpenCHAI/cluster_setup/ha_server_setup/headnode/phase1.1_selinux.yml --user root --private-key /root/.ssh/id_rsa --extra-vars '{"fw_service_name": "firewalld", "fw_service_state": "stopped", "fw_service_enabled": false, "fw_install_if_missing": true, "selinux_mode": "disabled", "selinux_install_if_missing": true, "nfs_server_service": "nfs-server", "nfs_server_state": "started", "nfs_server_enabled": true, "nfs_server_install_if_missing": true, "nfs_exports": [{"clients": "*", "options": "ro,sync,no_root_squash", "path": "{{ rpm_stack_path }}"}, {"clients": "*", "options": "rw,sync,no_root_squash", "path": "{{ configuration_dir_path }}"}, {"clients": "*", "options": "rw,sync,no_root_squash", "path": "{{ bin_dir_path }}"}]}' --limit headnode
2026-07-28 10:52:51,681 [INFO] routes.logs: WS client connected for job 279d6b99-4ddf-4420-8bf5-934fe4d44879
2026-07-28 10:52:51,730 [INFO] routes.logs: WS client connected for job a905967b-9597-425e-b297-91894debb4b5
2026-07-28 10:52:58,673 [INFO] services.ansible_runner: Job a905967b-9597-425e-b297-91894debb4b5 finished rc=0 status=success
2026-07-28 10:52:58,674 [INFO] routes.logs: WS session for job a905967b-9597-425e-b297-91894debb4b5 closed
2026-07-28 10:52:59,702 [INFO] routes.cluster_setup: Resolved inventory: /opt/OpenCHAI_Registry/july/OpenCHAI/automation/ansible/inventory/inventory_def.txt
2026-07-28 10:52:59,703 [INFO] services.ansible_runner: Normalized extra-vars: {'fw_service_name': 'firewalld', 'fw_service_state': 'stopped', 'fw_service_enabled': False, 'fw_install_if_missing': True, 'selinux_mode': 'disabled', 'selinux_install_if_missing': True, 'nfs_server_service': 'nfs-server', 'nfs_server_state': 'started', 'nfs_server_enabled': True, 'nfs_server_install_if_missing': True, 'nfs_exports': [{'clients': '*', 'options': 'ro,sync,no_root_squash', 'path': '{{ rpm_stack_path }}'}, {'clients': '*', 'options': 'rw,sync,no_root_squash', 'path': '{{ configuration_dir_path }}'}, {'clients': '*', 'options': 'rw,sync,no_root_squash', 'path': '{{ bin_dir_path }}'}]}
2026-07-28 10:52:59,703 [WARNING] services.ansible_runner: inventory_path provided but ignored. Using ansible.cfg default inventory.
2026-07-28 10:52:59,703 [INFO] services.ansible_runner: Job 394a862a-e346-4097-afda-fa638d91f1bf | cwd=/opt/OpenCHAI_Registry/july/OpenCHAI/automation/ansible | cmd=ansible-playbook /opt/OpenCHAI_Registry/july/OpenCHAI/cluster_setup/ha_server_setup/headnode/phase1.3_hosts.yml --user root --private-key /root/.ssh/id_rsa --extra-vars '{"fw_service_name": "firewalld", "fw_service_state": "stopped", "fw_service_enabled": false, "fw_install_if_missing": true, "selinux_mode": "disabled", "selinux_install_if_missing": true, "nfs_server_service": "nfs-server", "nfs_server_state": "started", "nfs_server_enabled": true, "nfs_server_install_if_missing": true, "nfs_exports": [{"clients": "*", "options": "ro,sync,no_root_squash", "path": "{{ rpm_stack_path }}"}, {"clients": "*", "options": "rw,sync,no_root_squash", "path": "{{ configuration_dir_path }}"}, {"clients": "*", "options": "rw,sync,no_root_squash", "path": "{{ bin_dir_path }}"}]}' --limit headnode
2026-07-28 10:52:59,742 [INFO] routes.logs: WS client connected for job 279d6b99-4ddf-4420-8bf5-934fe4d44879
2026-07-28 10:52:59,792 [INFO] routes.logs: WS client connected for job a905967b-9597-425e-b297-91894debb4b5
2026-07-28 10:52:59,838 [INFO] routes.logs: WS client connected for job 394a862a-e346-4097-afda-fa638d91f1bf
2026-07-28 10:53:06,159 [INFO] services.ansible_runner: Job 394a862a-e346-4097-afda-fa638d91f1bf finished rc=0 status=success
2026-07-28 10:53:06,160 [INFO] routes.logs: WS session for job 394a862a-e346-4097-afda-fa638d91f1bf closed
2026-07-28 10:53:07,653 [INFO] routes.cluster_setup: Resolved inventory: /opt/OpenCHAI_Registry/july/OpenCHAI/automation/ansible/inventory/inventory_def.txt
2026-07-28 10:53:07,653 [INFO] services.ansible_runner: Normalized extra-vars: {'fw_service_name': 'firewalld', 'fw_service_state': 'stopped', 'fw_service_enabled': False, 'fw_install_if_missing': True, 'selinux_mode': 'disabled', 'selinux_install_if_missing': True, 'nfs_server_service': 'nfs-server', 'nfs_server_state': 'started', 'nfs_server_enabled': True, 'nfs_server_install_if_missing': True, 'nfs_exports': [{'clients': '*', 'options': 'ro,sync,no_root_squash', 'path': '{{ rpm_stack_path }}'}, {'clients': '*', 'options': 'rw,sync,no_root_squash', 'path': '{{ configuration_dir_path }}'}, {'clients': '*', 'options': 'rw,sync,no_root_squash', 'path': '{{ bin_dir_path }}'}]}
2026-07-28 10:53:07,654 [WARNING] services.ansible_runner: inventory_path provided but ignored. Using ansible.cfg default inventory.
2026-07-28 10:53:07,654 [INFO] services.ansible_runner: Job a9fff8dd-6e70-4184-8f90-3a674585db72 | cwd=/opt/OpenCHAI_Registry/july/OpenCHAI/automation/ansible | cmd=ansible-playbook /opt/OpenCHAI_Registry/july/OpenCHAI/cluster_setup/ha_server_setup/headnode/phase1.4_nat_server_setup.yml --user root --private-key /root/.ssh/id_rsa --extra-vars '{"fw_service_name": "firewalld", "fw_service_state": "stopped", "fw_service_enabled": false, "fw_install_if_missing": true, "selinux_mode": "disabled", "selinux_install_if_missing": true, "nfs_server_service": "nfs-server", "nfs_server_state": "started", "nfs_server_enabled": true, "nfs_server_install_if_missing": true, "nfs_exports": [{"clients": "*", "options": "ro,sync,no_root_squash", "path": "{{ rpm_stack_path }}"}, {"clients": "*", "options": "rw,sync,no_root_squash", "path": "{{ configuration_dir_path }}"}, {"clients": "*", "options": "rw,sync,no_root_squash", "path": "{{ bin_dir_path }}"}]}' --limit headnode
2026-07-28 10:53:07,701 [INFO] routes.logs: WS client connected for job 279d6b99-4ddf-4420-8bf5-934fe4d44879
2026-07-28 10:53:07,759 [INFO] routes.logs: WS client connected for job a905967b-9597-425e-b297-91894debb4b5
2026-07-28 10:53:07,811 [INFO] routes.logs: WS client connected for job 394a862a-e346-4097-afda-fa638d91f1bf
2026-07-28 10:53:07,860 [INFO] routes.logs: WS client connected for job a9fff8dd-6e70-4184-8f90-3a674585db72
2026-07-28 10:53:15,398 [INFO] routes.logs: WS client connected for job a9fff8dd-6e70-4184-8f90-3a674585db72
2026-07-28 10:53:15,456 [INFO] services.ansible_runner: Job a9fff8dd-6e70-4184-8f90-3a674585db72 finished rc=0 status=success
2026-07-28 10:53:15,457 [INFO] routes.logs: WS session for job a9fff8dd-6e70-4184-8f90-3a674585db72 closed
2026-07-28 10:53:15,457 [INFO] routes.logs: WS session for job a9fff8dd-6e70-4184-8f90-3a674585db72 closed
2026-07-28 10:53:15,657 [INFO] routes.cluster_setup: Resolved inventory: /opt/OpenCHAI_Registry/july/OpenCHAI/automation/ansible/inventory/inventory_def.txt
2026-07-28 10:53:15,658 [INFO] services.ansible_runner: Normalized extra-vars: {'fw_service_name': 'firewalld', 'fw_service_state': 'stopped', 'fw_service_enabled': False, 'fw_install_if_missing': True, 'selinux_mode': 'disabled', 'selinux_install_if_missing': True, 'nfs_server_service': 'nfs-server', 'nfs_server_state': 'started', 'nfs_server_enabled': True, 'nfs_server_install_if_missing': True, 'nfs_exports': [{'clients': '*', 'options': 'ro,sync,no_root_squash', 'path': '{{ rpm_stack_path }}'}, {'clients': '*', 'options': 'rw,sync,no_root_squash', 'path': '{{ configuration_dir_path }}'}, {'clients': '*', 'options': 'rw,sync,no_root_squash', 'path': '{{ bin_dir_path }}'}]}
2026-07-28 10:53:15,658 [WARNING] services.ansible_runner: inventory_path provided but ignored. Using ansible.cfg default inventory.
2026-07-28 10:53:15,659 [INFO] services.ansible_runner: Job 8b19e621-975d-4077-b0df-e85fa5b403ce | cwd=/opt/OpenCHAI_Registry/july/OpenCHAI/automation/ansible | cmd=ansible-playbook /opt/OpenCHAI_Registry/july/OpenCHAI/cluster_setup/ha_server_setup/headnode/phase1.6_mandatory_nfs_server.yml --user root --private-key /root/.ssh/id_rsa --extra-vars '{"fw_service_name": "firewalld", "fw_service_state": "stopped", "fw_service_enabled": false, "fw_install_if_missing": true, "selinux_mode": "disabled", "selinux_install_if_missing": true, "nfs_server_service": "nfs-server", "nfs_server_state": "started", "nfs_server_enabled": true, "nfs_server_install_if_missing": true, "nfs_exports": [{"clients": "*", "options": "ro,sync,no_root_squash", "path": "{{ rpm_stack_path }}"}, {"clients": "*", "options": "rw,sync,no_root_squash", "path": "{{ configuration_dir_path }}"}, {"clients": "*", "options": "rw,sync,no_root_squash", "path": "{{ bin_dir_path }}"}]}' --limit headnode
2026-07-28 10:53:15,698 [INFO] routes.logs: WS client connected for job 279d6b99-4ddf-4420-8bf5-934fe4d44879
2026-07-28 10:53:15,744 [INFO] routes.logs: WS client connected for job a905967b-9597-425e-b297-91894debb4b5
2026-07-28 10:53:15,795 [INFO] routes.logs: WS client connected for job 394a862a-e346-4097-afda-fa638d91f1bf
2026-07-28 10:53:15,847 [INFO] routes.logs: WS client connected for job a9fff8dd-6e70-4184-8f90-3a674585db72
2026-07-28 10:53:15,902 [INFO] routes.logs: WS client connected for job 8b19e621-975d-4077-b0df-e85fa5b403ce
2026-07-28 10:53:28,152 [INFO] services.ansible_runner: Job 8b19e621-975d-4077-b0df-e85fa5b403ce finished rc=0 status=success
2026-07-28 10:53:28,153 [INFO] routes.logs: WS session for job 8b19e621-975d-4077-b0df-e85fa5b403ce closed
2026-07-28 10:54:24,230 [INFO] routes.cluster_setup: Resolved inventory: /opt/OpenCHAI_Registry/july/OpenCHAI/automation/ansible/inventory/inventory_def.txt
2026-07-28 10:54:24,231 [INFO] services.ansible_runner: Normalized extra-vars: {'primary_nameserver': '{{ headnode_ip }}', 'fallback_dns': {'nameservers': ['10.208.192.11', '10.208.192.12'], 'search_domains': ['pune.cdac.in']}}
2026-07-28 10:54:24,232 [WARNING] services.ansible_runner: inventory_path provided but ignored. Using ansible.cfg default inventory.
2026-07-28 10:54:24,232 [INFO] services.ansible_runner: Job 7963df1b-4c6a-429e-ab1f-c431b9768b58 | cwd=/opt/OpenCHAI_Registry/july/OpenCHAI/automation/ansible | cmd=ansible-playbook /opt/OpenCHAI_Registry/july/OpenCHAI/cluster_setup/ha_server_setup/hpc_master/phase0.0_internet_client.yml --user root --private-key /root/.ssh/id_rsa --extra-vars '{"primary_nameserver": "{{ headnode_ip }}", "fallback_dns": {"nameservers": ["10.208.192.11", "10.208.192.12"], "search_domains": ["pune.cdac.in"]}}' --limit hpc-master01,hpc-master02
2026-07-28 10:54:24,267 [INFO] routes.logs: WS client connected for job 7963df1b-4c6a-429e-ab1f-c431b9768b58
2026-07-28 10:54:24,283 [INFO] routes.logs: WS client connected for job 7963df1b-4c6a-429e-ab1f-c431b9768b58
2026-07-28 10:54:24,561 [INFO] routes.logs: WS client disconnected from job 7963df1b-4c6a-429e-ab1f-c431b9768b58
2026-07-28 10:54:24,561 [INFO] routes.logs: WS session for job 7963df1b-4c6a-429e-ab1f-c431b9768b58 closed
2026-07-28 10:54:44,153 [INFO] services.ansible_runner: Job 7963df1b-4c6a-429e-ab1f-c431b9768b58 finished rc=0 status=success
2026-07-28 10:54:44,154 [INFO] routes.logs: WS session for job 7963df1b-4c6a-429e-ab1f-c431b9768b58 closed
2026-07-28 10:58:12,659 [INFO] routes.cluster_setup: Resolved inventory: /opt/OpenCHAI_Registry/july/OpenCHAI/automation/ansible/inventory/inventory_def.txt
2026-07-28 10:58:12,660 [INFO] services.ansible_runner: Normalized extra-vars: {'primary_nameserver': '{{ headnode_ip }}', 'fallback_dns': {'nameservers': ['10.208.192.11', '10.208.192.12'], 'search_domains': ['pune.cdac.in']}}
2026-07-28 10:58:12,660 [WARNING] services.ansible_runner: inventory_path provided but ignored. Using ansible.cfg default inventory.
2026-07-28 10:58:12,661 [INFO] services.ansible_runner: Job db34bfc4-05ea-405f-bfd2-5c59fdf3fb43 | cwd=/opt/OpenCHAI_Registry/july/OpenCHAI/automation/ansible | cmd=ansible-playbook /opt/OpenCHAI_Registry/july/OpenCHAI/cluster_setup/ha_server_setup/hpc_master/phase0.0_internet_client.yml --user root --private-key /root/.ssh/id_rsa --extra-vars '{"primary_nameserver": "{{ headnode_ip }}", "fallback_dns": {"nameservers": ["10.208.192.11", "10.208.192.12"], "search_domains": ["pune.cdac.in"]}}' --limit hpc-master01,hpc-master02
2026-07-28 10:58:12,723 [INFO] routes.logs: WS client connected for job db34bfc4-05ea-405f-bfd2-5c59fdf3fb43
2026-07-28 10:58:13,007 [INFO] routes.logs: WS client connected for job db34bfc4-05ea-405f-bfd2-5c59fdf3fb43
2026-07-28 10:58:13,092 [INFO] routes.logs: WS client disconnected from job db34bfc4-05ea-405f-bfd2-5c59fdf3fb43
2026-07-28 10:58:13,093 [INFO] routes.logs: WS session for job db34bfc4-05ea-405f-bfd2-5c59fdf3fb43 closed
2026-07-28 10:58:33,834 [INFO] services.ansible_runner: Job db34bfc4-05ea-405f-bfd2-5c59fdf3fb43 finished rc=0 status=success
2026-07-28 10:58:33,835 [INFO] routes.logs: WS session for job db34bfc4-05ea-405f-bfd2-5c59fdf3fb43 closed
2026-07-28 10:59:31,816 [INFO] routes.logs: WS client connected for job db34bfc4-05ea-405f-bfd2-5c59fdf3fb43
2026-07-28 10:59:31,824 [INFO] routes.logs: WS client connected for job db34bfc4-05ea-405f-bfd2-5c59fdf3fb43
2026-07-28 10:59:33,609 [INFO] routes.cluster_setup: Resolved inventory: /opt/OpenCHAI_Registry/july/OpenCHAI/automation/ansible/inventory/inventory_def.txt
2026-07-28 10:59:33,611 [INFO] services.ansible_runner: Normalized extra-vars: {'primary_nameserver': '{{ headnode_ip }}', 'fallback_dns': {'nameservers': ['10.208.192.11', '10.208.192.12'], 'search_domains': ['pune.cdac.in']}, 'fw_service_name': 'firewalld', 'fw_service_state': 'stopped', 'fw_service_enabled': False, 'fw_install_if_missing': True}
2026-07-28 10:59:33,612 [WARNING] services.ansible_runner: inventory_path provided but ignored. Using ansible.cfg default inventory.
2026-07-28 10:59:33,612 [INFO] services.ansible_runner: Job 435c5503-a48f-4cfc-9f19-5e7272808b15 | cwd=/opt/OpenCHAI_Registry/july/OpenCHAI/automation/ansible | cmd=ansible-playbook /opt/OpenCHAI_Registry/july/OpenCHAI/cluster_setup/ha_server_setup/hpc_master/phase1.0_firewall.yml --user root --private-key /root/.ssh/id_rsa --extra-vars '{"primary_nameserver": "{{ headnode_ip }}", "fallback_dns": {"nameservers": ["10.208.192.11", "10.208.192.12"], "search_domains": ["pune.cdac.in"]}, "fw_service_name": "firewalld", "fw_service_state": "stopped", "fw_service_enabled": false, "fw_install_if_missing": true}' --limit hpc-master01,hpc-master02
2026-07-28 10:59:33,652 [INFO] routes.logs: WS client connected for job 435c5503-a48f-4cfc-9f19-5e7272808b15
2026-07-28 10:59:33,673 [INFO] routes.logs: WS client connected for job 435c5503-a48f-4cfc-9f19-5e7272808b15
2026-07-28 10:59:33,935 [INFO] routes.logs: WS client disconnected from job 435c5503-a48f-4cfc-9f19-5e7272808b15
2026-07-28 10:59:33,935 [INFO] routes.logs: WS session for job 435c5503-a48f-4cfc-9f19-5e7272808b15 closed
2026-07-28 10:59:39,110 [INFO] services.ansible_runner: Job 435c5503-a48f-4cfc-9f19-5e7272808b15 finished rc=0 status=success
2026-07-28 10:59:39,111 [INFO] routes.logs: WS session for job 435c5503-a48f-4cfc-9f19-5e7272808b15 closed
2026-07-28 11:00:52,555 [INFO] routes.logs: WS client connected for job 435c5503-a48f-4cfc-9f19-5e7272808b15
2026-07-28 11:00:52,576 [INFO] routes.logs: WS client connected for job 435c5503-a48f-4cfc-9f19-5e7272808b15
2026-07-28 11:00:54,362 [INFO] routes.cluster_setup: Resolved inventory: /opt/OpenCHAI_Registry/july/OpenCHAI/automation/ansible/inventory/inventory_def.txt
2026-07-28 11:00:54,366 [INFO] services.ansible_runner: Normalized extra-vars: {'primary_nameserver': '{{ headnode_ip }}', 'fallback_dns': {'nameservers': ['10.208.192.11', '10.208.192.12'], 'search_domains': ['pune.cdac.in']}, 'fw_service_name': 'firewalld', 'fw_service_state': 'stopped', 'fw_service_enabled': False, 'fw_install_if_missing': True, 'selinux_mode': 'disabled', 'selinux_install_if_missing': True, 'hpc_container_pv_dir': '/hpc_container_pv', 'hpctool_stack_dir': '/hpctool_stack', 'hpc_cluster_suite_dir': '/root/hpc_cluster_suite', 'nfs_rpm_dir': '{{ rpm_stack_path }}/nfs_rpms/', 'required_packages': ['nfs-utils', 'libnfsidmap', 'rpcbind'], 'nfs_client_packages': ['nfs-utils'], 'nfs_client_service': 'nfs-client.target', 'nfs_client_state': 'started', 'nfs_client_enabled': True, 'nfs_client_install_if_missing': True, 'nfs_mounts': [{'dest': '{{ rpm_stack_path }}', 'fstype': 'nfs', 'opts': 'ro,_netdev', 'src': '{{ headnode_ip }}:{{ rpm_stack_path }}'}, {'dest': '{{ configuration_dir_path }}', 'fstype': 'nfs', 'opts': 'rw,hard,intr,_netdev', 'src': '{{ headnode_ip }}:{{ configuration_dir_path }}'}, {'dest': '{{ bin_dir_path }}', 'fstype': 'nfs', 'opts': 'rw,hard,intr,_netdev', 'src': '{{ headnode_ip }}:{{ bin_dir_path }}'}], 'mounted_state': 'ephemeral', 'sshd_packages': ['openssh-server', 'openssh-clients'], 'sshd_service_name': 'sshd', 'sshd_service_state': 'started', 'sshd_service_enabled': True, 'ssh_hardening_enable': True, 'sshd_hardening_block': 'PermitRootLogin yes\nPasswordAuthentication yes\nPermitEmptyPasswords no\nChallengeResponseAuthentication no\nUseDNS no\nX11Forwarding yes\nAllowTcpForwarding no\nPrintMotd no\nBanner none\nVersionAddendum none\nCiphers chacha20-poly1305@openssh.com,aes256-gcm@openssh.com,aes256-ctr\nMACs hmac-sha2-512,hmac-sha2-256\nKexAlgorithms curve25519-sha256,curve25519-sha256@libssh.org'}
2026-07-28 11:00:54,366 [WARNING] services.ansible_runner: inventory_path provided but ignored. Using ansible.cfg default inventory.
2026-07-28 11:00:54,367 [INFO] services.ansible_runner: Job 46d3dff3-591e-4410-9c74-729ef934d673 | cwd=/opt/OpenCHAI_Registry/july/OpenCHAI/automation/ansible | cmd=ansible-playbook /opt/OpenCHAI_Registry/july/OpenCHAI/cluster_setup/ha_server_setup/hpc_master/phase1.1_selinux.yml --user root --private-key /root/.ssh/id_rsa --extra-vars '{"primary_nameserver": "{{ headnode_ip }}", "fallback_dns": {"nameservers": ["10.208.192.11", "10.208.192.12"], "search_domains": ["pune.cdac.in"]}, "fw_service_name": "firewalld", "fw_service_state": "stopped", "fw_service_enabled": false, "fw_install_if_missing": true, "selinux_mode": "disabled", "selinux_install_if_missing": true, "hpc_container_pv_dir": "/hpc_container_pv", "hpctool_stack_dir": "/hpctool_stack", "hpc_cluster_suite_dir": "/root/hpc_cluster_suite", "nfs_rpm_dir": "{{ rpm_stack_path }}/nfs_rpms/", "required_packages": ["nfs-utils", "libnfsidmap", "rpcbind"], "nfs_client_packages": ["nfs-utils"], "nfs_client_service": "nfs-client.target", "nfs_client_state": "started", "nfs_client_enabled": true, "nfs_client_install_if_missing": true, "nfs_mounts": [{"dest": "{{ rpm_stack_path }}", "fstype": "nfs", "opts": "ro,_netdev", "src": "{{ headnode_ip }}:{{ rpm_stack_path }}"}, {"dest": "{{ configuration_dir_path }}", "fstype": "nfs", "opts": "rw,hard,intr,_netdev", "src": "{{ headnode_ip }}:{{ configuration_dir_path }}"}, {"dest": "{{ bin_dir_path }}", "fstype": "nfs", "opts": "rw,hard,intr,_netdev", "src": "{{ headnode_ip }}:{{ bin_dir_path }}"}], "mounted_state": "ephemeral", "sshd_packages": ["openssh-server", "openssh-clients"], "sshd_service_name": "sshd", "sshd_service_state": "started", "sshd_service_enabled": true, "ssh_hardening_enable": true, "sshd_hardening_block": "PermitRootLogin yes\nPasswordAuthentication yes\nPermitEmptyPasswords no\nChallengeResponseAuthentication no\nUseDNS no\nX11Forwarding yes\nAllowTcpForwarding no\nPrintMotd no\nBanner none\nVersionAddendum none\nCiphers chacha20-poly1305@openssh.com,aes256-gcm@openssh.com,aes256-ctr\nMACs hmac-sha2-512,hmac-sha2-256\nKexAlgorithms curve25519-sha256,curve25519-sha256@libssh.org"}' --limit hpc-master01,hpc-master02
2026-07-28 11:00:54,410 [INFO] routes.logs: WS client connected for job 46d3dff3-591e-4410-9c74-729ef934d673
2026-07-28 11:00:54,437 [INFO] routes.logs: WS client connected for job 46d3dff3-591e-4410-9c74-729ef934d673
2026-07-28 11:00:54,724 [INFO] routes.logs: WS client disconnected from job 46d3dff3-591e-4410-9c74-729ef934d673
2026-07-28 11:00:54,725 [INFO] routes.logs: WS session for job 46d3dff3-591e-4410-9c74-729ef934d673 closed
2026-07-28 11:00:59,566 [INFO] services.ansible_runner: Job 46d3dff3-591e-4410-9c74-729ef934d673 finished rc=0 status=success
2026-07-28 11:00:59,567 [INFO] routes.logs: WS session for job 46d3dff3-591e-4410-9c74-729ef934d673 closed
2026-07-28 11:01:00,556 [INFO] routes.cluster_setup: Resolved inventory: /opt/OpenCHAI_Registry/july/OpenCHAI/automation/ansible/inventory/inventory_def.txt
2026-07-28 11:01:00,561 [INFO] services.ansible_runner: Normalized extra-vars: {'primary_nameserver': '{{ headnode_ip }}', 'fallback_dns': {'nameservers': ['10.208.192.11', '10.208.192.12'], 'search_domains': ['pune.cdac.in']}, 'fw_service_name': 'firewalld', 'fw_service_state': 'stopped', 'fw_service_enabled': False, 'fw_install_if_missing': True, 'selinux_mode': 'disabled', 'selinux_install_if_missing': True, 'hpc_container_pv_dir': '/hpc_container_pv', 'hpctool_stack_dir': '/hpctool_stack', 'hpc_cluster_suite_dir': '/root/hpc_cluster_suite', 'nfs_rpm_dir': '{{ rpm_stack_path }}/nfs_rpms/', 'required_packages': ['nfs-utils', 'libnfsidmap', 'rpcbind'], 'nfs_client_packages': ['nfs-utils'], 'nfs_client_service': 'nfs-client.target', 'nfs_client_state': 'started', 'nfs_client_enabled': True, 'nfs_client_install_if_missing': True, 'nfs_mounts': [{'dest': '{{ rpm_stack_path }}', 'fstype': 'nfs', 'opts': 'ro,_netdev', 'src': '{{ headnode_ip }}:{{ rpm_stack_path }}'}, {'dest': '{{ configuration_dir_path }}', 'fstype': 'nfs', 'opts': 'rw,hard,intr,_netdev', 'src': '{{ headnode_ip }}:{{ configuration_dir_path }}'}, {'dest': '{{ bin_dir_path }}', 'fstype': 'nfs', 'opts': 'rw,hard,intr,_netdev', 'src': '{{ headnode_ip }}:{{ bin_dir_path }}'}], 'mounted_state': 'ephemeral', 'sshd_packages': ['openssh-server', 'openssh-clients'], 'sshd_service_name': 'sshd', 'sshd_service_state': 'started', 'sshd_service_enabled': True, 'ssh_hardening_enable': True, 'sshd_hardening_block': 'PermitRootLogin yes\nPasswordAuthentication yes\nPermitEmptyPasswords no\nChallengeResponseAuthentication no\nUseDNS no\nX11Forwarding yes\nAllowTcpForwarding no\nPrintMotd no\nBanner none\nVersionAddendum none\nCiphers chacha20-poly1305@openssh.com,aes256-gcm@openssh.com,aes256-ctr\nMACs hmac-sha2-512,hmac-sha2-256\nKexAlgorithms curve25519-sha256,curve25519-sha256@libssh.org'}
2026-07-28 11:01:00,561 [WARNING] services.ansible_runner: inventory_path provided but ignored. Using ansible.cfg default inventory.
2026-07-28 11:01:00,562 [INFO] services.ansible_runner: Job 177d670c-f711-4c24-8709-1389339cfca1 | cwd=/opt/OpenCHAI_Registry/july/OpenCHAI/automation/ansible | cmd=ansible-playbook /opt/OpenCHAI_Registry/july/OpenCHAI/cluster_setup/ha_server_setup/hpc_master/phase1.3_hosts.yml --user root --private-key /root/.ssh/id_rsa --extra-vars '{"primary_nameserver": "{{ headnode_ip }}", "fallback_dns": {"nameservers": ["10.208.192.11", "10.208.192.12"], "search_domains": ["pune.cdac.in"]}, "fw_service_name": "firewalld", "fw_service_state": "stopped", "fw_service_enabled": false, "fw_install_if_missing": true, "selinux_mode": "disabled", "selinux_install_if_missing": true, "hpc_container_pv_dir": "/hpc_container_pv", "hpctool_stack_dir": "/hpctool_stack", "hpc_cluster_suite_dir": "/root/hpc_cluster_suite", "nfs_rpm_dir": "{{ rpm_stack_path }}/nfs_rpms/", "required_packages": ["nfs-utils", "libnfsidmap", "rpcbind"], "nfs_client_packages": ["nfs-utils"], "nfs_client_service": "nfs-client.target", "nfs_client_state": "started", "nfs_client_enabled": true, "nfs_client_install_if_missing": true, "nfs_mounts": [{"dest": "{{ rpm_stack_path }}", "fstype": "nfs", "opts": "ro,_netdev", "src": "{{ headnode_ip }}:{{ rpm_stack_path }}"}, {"dest": "{{ configuration_dir_path }}", "fstype": "nfs", "opts": "rw,hard,intr,_netdev", "src": "{{ headnode_ip }}:{{ configuration_dir_path }}"}, {"dest": "{{ bin_dir_path }}", "fstype": "nfs", "opts": "rw,hard,intr,_netdev", "src": "{{ headnode_ip }}:{{ bin_dir_path }}"}], "mounted_state": "ephemeral", "sshd_packages": ["openssh-server", "openssh-clients"], "sshd_service_name": "sshd", "sshd_service_state": "started", "sshd_service_enabled": true, "ssh_hardening_enable": true, "sshd_hardening_block": "PermitRootLogin yes\nPasswordAuthentication yes\nPermitEmptyPasswords no\nChallengeResponseAuthentication no\nUseDNS no\nX11Forwarding yes\nAllowTcpForwarding no\nPrintMotd no\nBanner none\nVersionAddendum none\nCiphers chacha20-poly1305@openssh.com,aes256-gcm@openssh.com,aes256-ctr\nMACs hmac-sha2-512,hmac-sha2-256\nKexAlgorithms curve25519-sha256,curve25519-sha256@libssh.org"}' --limit hpc-master01,hpc-master02
2026-07-28 11:01:00,599 [INFO] routes.logs: WS client connected for job 46d3dff3-591e-4410-9c74-729ef934d673
2026-07-28 11:01:00,688 [INFO] routes.logs: WS client connected for job 177d670c-f711-4c24-8709-1389339cfca1
2026-07-28 11:01:04,456 [INFO] services.ansible_runner: Job 177d670c-f711-4c24-8709-1389339cfca1 finished rc=0 status=success
2026-07-28 11:01:04,457 [INFO] routes.logs: WS session for job 177d670c-f711-4c24-8709-1389339cfca1 closed
2026-07-28 11:01:05,234 [INFO] routes.cluster_setup: Resolved inventory: /opt/OpenCHAI_Registry/july/OpenCHAI/automation/ansible/inventory/inventory_def.txt
2026-07-28 11:01:05,239 [INFO] services.ansible_runner: Normalized extra-vars: {'primary_nameserver': '{{ headnode_ip }}', 'fallback_dns': {'nameservers': ['10.208.192.11', '10.208.192.12'], 'search_domains': ['pune.cdac.in']}, 'fw_service_name': 'firewalld', 'fw_service_state': 'stopped', 'fw_service_enabled': False, 'fw_install_if_missing': True, 'selinux_mode': 'disabled', 'selinux_install_if_missing': True, 'hpc_container_pv_dir': '/hpc_container_pv', 'hpctool_stack_dir': '/hpctool_stack', 'hpc_cluster_suite_dir': '/root/hpc_cluster_suite', 'nfs_rpm_dir': '{{ rpm_stack_path }}/nfs_rpms/', 'required_packages': ['nfs-utils', 'libnfsidmap', 'rpcbind'], 'nfs_client_packages': ['nfs-utils'], 'nfs_client_service': 'nfs-client.target', 'nfs_client_state': 'started', 'nfs_client_enabled': True, 'nfs_client_install_if_missing': True, 'nfs_mounts': [{'dest': '{{ rpm_stack_path }}', 'fstype': 'nfs', 'opts': 'ro,_netdev', 'src': '{{ headnode_ip }}:{{ rpm_stack_path }}'}, {'dest': '{{ configuration_dir_path }}', 'fstype': 'nfs', 'opts': 'rw,hard,intr,_netdev', 'src': '{{ headnode_ip }}:{{ configuration_dir_path }}'}, {'dest': '{{ bin_dir_path }}', 'fstype': 'nfs', 'opts': 'rw,hard,intr,_netdev', 'src': '{{ headnode_ip }}:{{ bin_dir_path }}'}], 'mounted_state': 'ephemeral', 'sshd_packages': ['openssh-server', 'openssh-clients'], 'sshd_service_name': 'sshd', 'sshd_service_state': 'started', 'sshd_service_enabled': True, 'ssh_hardening_enable': True, 'sshd_hardening_block': 'PermitRootLogin yes\nPasswordAuthentication yes\nPermitEmptyPasswords no\nChallengeResponseAuthentication no\nUseDNS no\nX11Forwarding yes\nAllowTcpForwarding no\nPrintMotd no\nBanner none\nVersionAddendum none\nCiphers chacha20-poly1305@openssh.com,aes256-gcm@openssh.com,aes256-ctr\nMACs hmac-sha2-512,hmac-sha2-256\nKexAlgorithms curve25519-sha256,curve25519-sha256@libssh.org'}
2026-07-28 11:01:05,239 [WARNING] services.ansible_runner: inventory_path provided but ignored. Using ansible.cfg default inventory.
2026-07-28 11:01:05,240 [INFO] services.ansible_runner: Job 0cf3aacc-3047-4e3a-b8a0-847a435dc303 | cwd=/opt/OpenCHAI_Registry/july/OpenCHAI/automation/ansible | cmd=ansible-playbook /opt/OpenCHAI_Registry/july/OpenCHAI/cluster_setup/ha_server_setup/hpc_master/phase1.4_std_directory_setup.yml --user root --private-key /root/.ssh/id_rsa --extra-vars '{"primary_nameserver": "{{ headnode_ip }}", "fallback_dns": {"nameservers": ["10.208.192.11", "10.208.192.12"], "search_domains": ["pune.cdac.in"]}, "fw_service_name": "firewalld", "fw_service_state": "stopped", "fw_service_enabled": false, "fw_install_if_missing": true, "selinux_mode": "disabled", "selinux_install_if_missing": true, "hpc_container_pv_dir": "/hpc_container_pv", "hpctool_stack_dir": "/hpctool_stack", "hpc_cluster_suite_dir": "/root/hpc_cluster_suite", "nfs_rpm_dir": "{{ rpm_stack_path }}/nfs_rpms/", "required_packages": ["nfs-utils", "libnfsidmap", "rpcbind"], "nfs_client_packages": ["nfs-utils"], "nfs_client_service": "nfs-client.target", "nfs_client_state": "started", "nfs_client_enabled": true, "nfs_client_install_if_missing": true, "nfs_mounts": [{"dest": "{{ rpm_stack_path }}", "fstype": "nfs", "opts": "ro,_netdev", "src": "{{ headnode_ip }}:{{ rpm_stack_path }}"}, {"dest": "{{ configuration_dir_path }}", "fstype": "nfs", "opts": "rw,hard,intr,_netdev", "src": "{{ headnode_ip }}:{{ configuration_dir_path }}"}, {"dest": "{{ bin_dir_path }}", "fstype": "nfs", "opts": "rw,hard,intr,_netdev", "src": "{{ headnode_ip }}:{{ bin_dir_path }}"}], "mounted_state": "ephemeral", "sshd_packages": ["openssh-server", "openssh-clients"], "sshd_service_name": "sshd", "sshd_service_state": "started", "sshd_service_enabled": true, "ssh_hardening_enable": true, "sshd_hardening_block": "PermitRootLogin yes\nPasswordAuthentication yes\nPermitEmptyPasswords no\nChallengeResponseAuthentication no\nUseDNS no\nX11Forwarding yes\nAllowTcpForwarding no\nPrintMotd no\nBanner none\nVersionAddendum none\nCiphers chacha20-poly1305@openssh.com,aes256-gcm@openssh.com,aes256-ctr\nMACs hmac-sha2-512,hmac-sha2-256\nKexAlgorithms curve25519-sha256,curve25519-sha256@libssh.org"}' --limit hpc-master01,hpc-master02
2026-07-28 11:01:05,281 [INFO] routes.logs: WS client connected for job 46d3dff3-591e-4410-9c74-729ef934d673
2026-07-28 11:01:05,320 [INFO] routes.logs: WS client connected for job 177d670c-f711-4c24-8709-1389339cfca1
2026-07-28 11:01:05,370 [INFO] routes.logs: WS client connected for job 0cf3aacc-3047-4e3a-b8a0-847a435dc303
2026-07-28 11:01:08,723 [INFO] services.ansible_runner: Job 0cf3aacc-3047-4e3a-b8a0-847a435dc303 finished rc=0 status=success
2026-07-28 11:01:08,724 [INFO] routes.logs: WS session for job 0cf3aacc-3047-4e3a-b8a0-847a435dc303 closed
2026-07-28 11:01:09,907 [INFO] routes.cluster_setup: Resolved inventory: /opt/OpenCHAI_Registry/july/OpenCHAI/automation/ansible/inventory/inventory_def.txt
2026-07-28 11:01:09,911 [INFO] services.ansible_runner: Normalized extra-vars: {'primary_nameserver': '{{ headnode_ip }}', 'fallback_dns': {'nameservers': ['10.208.192.11', '10.208.192.12'], 'search_domains': ['pune.cdac.in']}, 'fw_service_name': 'firewalld', 'fw_service_state': 'stopped', 'fw_service_enabled': False, 'fw_install_if_missing': True, 'selinux_mode': 'disabled', 'selinux_install_if_missing': True, 'hpc_container_pv_dir': '/hpc_container_pv', 'hpctool_stack_dir': '/hpctool_stack', 'hpc_cluster_suite_dir': '/root/hpc_cluster_suite', 'nfs_rpm_dir': '{{ rpm_stack_path }}/nfs_rpms/', 'required_packages': ['nfs-utils', 'libnfsidmap', 'rpcbind'], 'nfs_client_packages': ['nfs-utils'], 'nfs_client_service': 'nfs-client.target', 'nfs_client_state': 'started', 'nfs_client_enabled': True, 'nfs_client_install_if_missing': True, 'nfs_mounts': [{'dest': '{{ rpm_stack_path }}', 'fstype': 'nfs', 'opts': 'ro,_netdev', 'src': '{{ headnode_ip }}:{{ rpm_stack_path }}'}, {'dest': '{{ configuration_dir_path }}', 'fstype': 'nfs', 'opts': 'rw,hard,intr,_netdev', 'src': '{{ headnode_ip }}:{{ configuration_dir_path }}'}, {'dest': '{{ bin_dir_path }}', 'fstype': 'nfs', 'opts': 'rw,hard,intr,_netdev', 'src': '{{ headnode_ip }}:{{ bin_dir_path }}'}], 'mounted_state': 'ephemeral', 'sshd_packages': ['openssh-server', 'openssh-clients'], 'sshd_service_name': 'sshd', 'sshd_service_state': 'started', 'sshd_service_enabled': True, 'ssh_hardening_enable': True, 'sshd_hardening_block': 'PermitRootLogin yes\nPasswordAuthentication yes\nPermitEmptyPasswords no\nChallengeResponseAuthentication no\nUseDNS no\nX11Forwarding yes\nAllowTcpForwarding no\nPrintMotd no\nBanner none\nVersionAddendum none\nCiphers chacha20-poly1305@openssh.com,aes256-gcm@openssh.com,aes256-ctr\nMACs hmac-sha2-512,hmac-sha2-256\nKexAlgorithms curve25519-sha256,curve25519-sha256@libssh.org'}
2026-07-28 11:01:09,912 [WARNING] services.ansible_runner: inventory_path provided but ignored. Using ansible.cfg default inventory.
2026-07-28 11:01:09,913 [INFO] services.ansible_runner: Job 97ee9b7b-9111-4b3b-9ad1-f59f6d5e72e6 | cwd=/opt/OpenCHAI_Registry/july/OpenCHAI/automation/ansible | cmd=ansible-playbook /opt/OpenCHAI_Registry/july/OpenCHAI/cluster_setup/ha_server_setup/hpc_master/phase1.5_nfs_client.yml --user root --private-key /root/.ssh/id_rsa --extra-vars '{"primary_nameserver": "{{ headnode_ip }}", "fallback_dns": {"nameservers": ["10.208.192.11", "10.208.192.12"], "search_domains": ["pune.cdac.in"]}, "fw_service_name": "firewalld", "fw_service_state": "stopped", "fw_service_enabled": false, "fw_install_if_missing": true, "selinux_mode": "disabled", "selinux_install_if_missing": true, "hpc_container_pv_dir": "/hpc_container_pv", "hpctool_stack_dir": "/hpctool_stack", "hpc_cluster_suite_dir": "/root/hpc_cluster_suite", "nfs_rpm_dir": "{{ rpm_stack_path }}/nfs_rpms/", "required_packages": ["nfs-utils", "libnfsidmap", "rpcbind"], "nfs_client_packages": ["nfs-utils"], "nfs_client_service": "nfs-client.target", "nfs_client_state": "started", "nfs_client_enabled": true, "nfs_client_install_if_missing": true, "nfs_mounts": [{"dest": "{{ rpm_stack_path }}", "fstype": "nfs", "opts": "ro,_netdev", "src": "{{ headnode_ip }}:{{ rpm_stack_path }}"}, {"dest": "{{ configuration_dir_path }}", "fstype": "nfs", "opts": "rw,hard,intr,_netdev", "src": "{{ headnode_ip }}:{{ configuration_dir_path }}"}, {"dest": "{{ bin_dir_path }}", "fstype": "nfs", "opts": "rw,hard,intr,_netdev", "src": "{{ headnode_ip }}:{{ bin_dir_path }}"}], "mounted_state": "ephemeral", "sshd_packages": ["openssh-server", "openssh-clients"], "sshd_service_name": "sshd", "sshd_service_state": "started", "sshd_service_enabled": true, "ssh_hardening_enable": true, "sshd_hardening_block": "PermitRootLogin yes\nPasswordAuthentication yes\nPermitEmptyPasswords no\nChallengeResponseAuthentication no\nUseDNS no\nX11Forwarding yes\nAllowTcpForwarding no\nPrintMotd no\nBanner none\nVersionAddendum none\nCiphers chacha20-poly1305@openssh.com,aes256-gcm@openssh.com,aes256-ctr\nMACs hmac-sha2-512,hmac-sha2-256\nKexAlgorithms curve25519-sha256,curve25519-sha256@libssh.org"}' --limit hpc-master01,hpc-master02
2026-07-28 11:01:10,185 [INFO] routes.logs: WS client connected for job 46d3dff3-591e-4410-9c74-729ef934d673
2026-07-28 11:01:10,537 [INFO] routes.logs: WS client connected for job 177d670c-f711-4c24-8709-1389339cfca1
2026-07-28 11:01:10,540 [INFO] routes.logs: WS client connected for job 0cf3aacc-3047-4e3a-b8a0-847a435dc303
2026-07-28 11:01:10,600 [INFO] routes.logs: WS client connected for job 97ee9b7b-9111-4b3b-9ad1-f59f6d5e72e6
2026-07-28 11:01:40,218 [INFO] routes.logs: WS client connected for job 97ee9b7b-9111-4b3b-9ad1-f59f6d5e72e6
2026-07-28 11:02:36,237 [INFO] services.ansible_runner: Job 97ee9b7b-9111-4b3b-9ad1-f59f6d5e72e6 finished rc=0 status=success
2026-07-28 11:02:36,238 [INFO] routes.logs: WS session for job 97ee9b7b-9111-4b3b-9ad1-f59f6d5e72e6 closed
2026-07-28 11:02:36,238 [INFO] routes.logs: WS session for job 97ee9b7b-9111-4b3b-9ad1-f59f6d5e72e6 closed
2026-07-28 11:02:36,751 [INFO] routes.cluster_setup: Resolved inventory: /opt/OpenCHAI_Registry/july/OpenCHAI/automation/ansible/inventory/inventory_def.txt
2026-07-28 11:02:36,756 [INFO] services.ansible_runner: Normalized extra-vars: {'primary_nameserver': '{{ headnode_ip }}', 'fallback_dns': {'nameservers': ['10.208.192.11', '10.208.192.12'], 'search_domains': ['pune.cdac.in']}, 'fw_service_name': 'firewalld', 'fw_service_state': 'stopped', 'fw_service_enabled': False, 'fw_install_if_missing': True, 'selinux_mode': 'disabled', 'selinux_install_if_missing': True, 'hpc_container_pv_dir': '/hpc_container_pv', 'hpctool_stack_dir': '/hpctool_stack', 'hpc_cluster_suite_dir': '/root/hpc_cluster_suite', 'nfs_rpm_dir': '{{ rpm_stack_path }}/nfs_rpms/', 'required_packages': ['nfs-utils', 'libnfsidmap', 'rpcbind'], 'nfs_client_packages': ['nfs-utils'], 'nfs_client_service': 'nfs-client.target', 'nfs_client_state': 'started', 'nfs_client_enabled': True, 'nfs_client_install_if_missing': True, 'nfs_mounts': [{'dest': '{{ rpm_stack_path }}', 'fstype': 'nfs', 'opts': 'ro,_netdev', 'src': '{{ headnode_ip }}:{{ rpm_stack_path }}'}, {'dest': '{{ configuration_dir_path }}', 'fstype': 'nfs', 'opts': 'rw,hard,intr,_netdev', 'src': '{{ headnode_ip }}:{{ configuration_dir_path }}'}, {'dest': '{{ bin_dir_path }}', 'fstype': 'nfs', 'opts': 'rw,hard,intr,_netdev', 'src': '{{ headnode_ip }}:{{ bin_dir_path }}'}], 'mounted_state': 'ephemeral', 'sshd_packages': ['openssh-server', 'openssh-clients'], 'sshd_service_name': 'sshd', 'sshd_service_state': 'started', 'sshd_service_enabled': True, 'ssh_hardening_enable': True, 'sshd_hardening_block': 'PermitRootLogin yes\nPasswordAuthentication yes\nPermitEmptyPasswords no\nChallengeResponseAuthentication no\nUseDNS no\nX11Forwarding yes\nAllowTcpForwarding no\nPrintMotd no\nBanner none\nVersionAddendum none\nCiphers chacha20-poly1305@openssh.com,aes256-gcm@openssh.com,aes256-ctr\nMACs hmac-sha2-512,hmac-sha2-256\nKexAlgorithms curve25519-sha256,curve25519-sha256@libssh.org'}
2026-07-28 11:02:36,756 [WARNING] services.ansible_runner: inventory_path provided but ignored. Using ansible.cfg default inventory.
2026-07-28 11:02:36,757 [INFO] services.ansible_runner: Job 3ed6a8fc-13cf-4749-bd1c-52fa3b25bac4 | cwd=/opt/OpenCHAI_Registry/july/OpenCHAI/automation/ansible | cmd=ansible-playbook /opt/OpenCHAI_Registry/july/OpenCHAI/cluster_setup/ha_server_setup/hpc_master/phase1.6_secure_sshd.yml --user root --private-key /root/.ssh/id_rsa --extra-vars '{"primary_nameserver": "{{ headnode_ip }}", "fallback_dns": {"nameservers": ["10.208.192.11", "10.208.192.12"], "search_domains": ["pune.cdac.in"]}, "fw_service_name": "firewalld", "fw_service_state": "stopped", "fw_service_enabled": false, "fw_install_if_missing": true, "selinux_mode": "disabled", "selinux_install_if_missing": true, "hpc_container_pv_dir": "/hpc_container_pv", "hpctool_stack_dir": "/hpctool_stack", "hpc_cluster_suite_dir": "/root/hpc_cluster_suite", "nfs_rpm_dir": "{{ rpm_stack_path }}/nfs_rpms/", "required_packages": ["nfs-utils", "libnfsidmap", "rpcbind"], "nfs_client_packages": ["nfs-utils"], "nfs_client_service": "nfs-client.target", "nfs_client_state": "started", "nfs_client_enabled": true, "nfs_client_install_if_missing": true, "nfs_mounts": [{"dest": "{{ rpm_stack_path }}", "fstype": "nfs", "opts": "ro,_netdev", "src": "{{ headnode_ip }}:{{ rpm_stack_path }}"}, {"dest": "{{ configuration_dir_path }}", "fstype": "nfs", "opts": "rw,hard,intr,_netdev", "src": "{{ headnode_ip }}:{{ configuration_dir_path }}"}, {"dest": "{{ bin_dir_path }}", "fstype": "nfs", "opts": "rw,hard,intr,_netdev", "src": "{{ headnode_ip }}:{{ bin_dir_path }}"}], "mounted_state": "ephemeral", "sshd_packages": ["openssh-server", "openssh-clients"], "sshd_service_name": "sshd", "sshd_service_state": "started", "sshd_service_enabled": true, "ssh_hardening_enable": true, "sshd_hardening_block": "PermitRootLogin yes\nPasswordAuthentication yes\nPermitEmptyPasswords no\nChallengeResponseAuthentication no\nUseDNS no\nX11Forwarding yes\nAllowTcpForwarding no\nPrintMotd no\nBanner none\nVersionAddendum none\nCiphers chacha20-poly1305@openssh.com,aes256-gcm@openssh.com,aes256-ctr\nMACs hmac-sha2-512,hmac-sha2-256\nKexAlgorithms curve25519-sha256,curve25519-sha256@libssh.org"}' --limit hpc-master01,hpc-master02
2026-07-28 11:02:36,806 [INFO] routes.logs: WS client connected for job 46d3dff3-591e-4410-9c74-729ef934d673
2026-07-28 11:02:36,849 [INFO] routes.logs: WS client connected for job 177d670c-f711-4c24-8709-1389339cfca1
2026-07-28 11:02:36,890 [INFO] routes.logs: WS client connected for job 0cf3aacc-3047-4e3a-b8a0-847a435dc303
2026-07-28 11:02:36,940 [INFO] routes.logs: WS client connected for job 97ee9b7b-9111-4b3b-9ad1-f59f6d5e72e6
2026-07-28 11:02:36,966 [INFO] routes.logs: WS client connected for job 3ed6a8fc-13cf-4749-bd1c-52fa3b25bac4
2026-07-28 11:02:46,265 [INFO] services.ansible_runner: Job 3ed6a8fc-13cf-4749-bd1c-52fa3b25bac4 finished rc=0 status=success
2026-07-28 11:02:46,266 [INFO] routes.logs: WS session for job 3ed6a8fc-13cf-4749-bd1c-52fa3b25bac4 closed
2026-07-28 11:02:47,626 [INFO] routes.cluster_setup: Resolved inventory: /opt/OpenCHAI_Registry/july/OpenCHAI/automation/ansible/inventory/inventory_def.txt
2026-07-28 11:02:47,632 [INFO] services.ansible_runner: Normalized extra-vars: {'primary_nameserver': '{{ headnode_ip }}', 'fallback_dns': {'nameservers': ['10.208.192.11', '10.208.192.12'], 'search_domains': ['pune.cdac.in']}, 'fw_service_name': 'firewalld', 'fw_service_state': 'stopped', 'fw_service_enabled': False, 'fw_install_if_missing': True, 'selinux_mode': 'disabled', 'selinux_install_if_missing': True, 'hpc_container_pv_dir': '/hpc_container_pv', 'hpctool_stack_dir': '/hpctool_stack', 'hpc_cluster_suite_dir': '/root/hpc_cluster_suite', 'nfs_rpm_dir': '{{ rpm_stack_path }}/nfs_rpms/', 'required_packages': ['nfs-utils', 'libnfsidmap', 'rpcbind'], 'nfs_client_packages': ['nfs-utils'], 'nfs_client_service': 'nfs-client.target', 'nfs_client_state': 'started', 'nfs_client_enabled': True, 'nfs_client_install_if_missing': True, 'nfs_mounts': [{'dest': '{{ rpm_stack_path }}', 'fstype': 'nfs', 'opts': 'ro,_netdev', 'src': '{{ headnode_ip }}:{{ rpm_stack_path }}'}, {'dest': '{{ configuration_dir_path }}', 'fstype': 'nfs', 'opts': 'rw,hard,intr,_netdev', 'src': '{{ headnode_ip }}:{{ configuration_dir_path }}'}, {'dest': '{{ bin_dir_path }}', 'fstype': 'nfs', 'opts': 'rw,hard,intr,_netdev', 'src': '{{ headnode_ip }}:{{ bin_dir_path }}'}], 'mounted_state': 'ephemeral', 'sshd_packages': ['openssh-server', 'openssh-clients'], 'sshd_service_name': 'sshd', 'sshd_service_state': 'started', 'sshd_service_enabled': True, 'ssh_hardening_enable': True, 'sshd_hardening_block': 'PermitRootLogin yes\nPasswordAuthentication yes\nPermitEmptyPasswords no\nChallengeResponseAuthentication no\nUseDNS no\nX11Forwarding yes\nAllowTcpForwarding no\nPrintMotd no\nBanner none\nVersionAddendum none\nCiphers chacha20-poly1305@openssh.com,aes256-gcm@openssh.com,aes256-ctr\nMACs hmac-sha2-512,hmac-sha2-256\nKexAlgorithms curve25519-sha256,curve25519-sha256@libssh.org'}
2026-07-28 11:02:47,632 [WARNING] services.ansible_runner: inventory_path provided but ignored. Using ansible.cfg default inventory.
2026-07-28 11:02:47,633 [INFO] services.ansible_runner: Job 840e3d0b-4368-46a2-8c49-0cfd123ba322 | cwd=/opt/OpenCHAI_Registry/july/OpenCHAI/automation/ansible | cmd=ansible-playbook /opt/OpenCHAI_Registry/july/OpenCHAI/cluster_setup/ha_server_setup/hpc_master/phase1.7_chrony_server.yml --user root --private-key /root/.ssh/id_rsa --extra-vars '{"primary_nameserver": "{{ headnode_ip }}", "fallback_dns": {"nameservers": ["10.208.192.11", "10.208.192.12"], "search_domains": ["pune.cdac.in"]}, "fw_service_name": "firewalld", "fw_service_state": "stopped", "fw_service_enabled": false, "fw_install_if_missing": true, "selinux_mode": "disabled", "selinux_install_if_missing": true, "hpc_container_pv_dir": "/hpc_container_pv", "hpctool_stack_dir": "/hpctool_stack", "hpc_cluster_suite_dir": "/root/hpc_cluster_suite", "nfs_rpm_dir": "{{ rpm_stack_path }}/nfs_rpms/", "required_packages": ["nfs-utils", "libnfsidmap", "rpcbind"], "nfs_client_packages": ["nfs-utils"], "nfs_client_service": "nfs-client.target", "nfs_client_state": "started", "nfs_client_enabled": true, "nfs_client_install_if_missing": true, "nfs_mounts": [{"dest": "{{ rpm_stack_path }}", "fstype": "nfs", "opts": "ro,_netdev", "src": "{{ headnode_ip }}:{{ rpm_stack_path }}"}, {"dest": "{{ configuration_dir_path }}", "fstype": "nfs", "opts": "rw,hard,intr,_netdev", "src": "{{ headnode_ip }}:{{ configuration_dir_path }}"}, {"dest": "{{ bin_dir_path }}", "fstype": "nfs", "opts": "rw,hard,intr,_netdev", "src": "{{ headnode_ip }}:{{ bin_dir_path }}"}], "mounted_state": "ephemeral", "sshd_packages": ["openssh-server", "openssh-clients"], "sshd_service_name": "sshd", "sshd_service_state": "started", "sshd_service_enabled": true, "ssh_hardening_enable": true, "sshd_hardening_block": "PermitRootLogin yes\nPasswordAuthentication yes\nPermitEmptyPasswords no\nChallengeResponseAuthentication no\nUseDNS no\nX11Forwarding yes\nAllowTcpForwarding no\nPrintMotd no\nBanner none\nVersionAddendum none\nCiphers chacha20-poly1305@openssh.com,aes256-gcm@openssh.com,aes256-ctr\nMACs hmac-sha2-512,hmac-sha2-256\nKexAlgorithms curve25519-sha256,curve25519-sha256@libssh.org"}' --limit hpc-master01,hpc-master02
2026-07-28 11:02:47,672 [INFO] routes.logs: WS client connected for job 46d3dff3-591e-4410-9c74-729ef934d673
2026-07-28 11:02:47,711 [INFO] routes.logs: WS client connected for job 177d670c-f711-4c24-8709-1389339cfca1
2026-07-28 11:02:47,768 [INFO] routes.logs: WS client connected for job 0cf3aacc-3047-4e3a-b8a0-847a435dc303
2026-07-28 11:02:47,814 [INFO] routes.logs: WS client connected for job 97ee9b7b-9111-4b3b-9ad1-f59f6d5e72e6
2026-07-28 11:02:47,860 [INFO] routes.logs: WS client connected for job 3ed6a8fc-13cf-4749-bd1c-52fa3b25bac4
2026-07-28 11:02:47,943 [INFO] routes.logs: WS client connected for job 840e3d0b-4368-46a2-8c49-0cfd123ba322
2026-07-28 11:02:55,685 [INFO] services.ansible_runner: Job 840e3d0b-4368-46a2-8c49-0cfd123ba322 finished rc=0 status=success
2026-07-28 11:02:55,686 [INFO] routes.logs: WS session for job 840e3d0b-4368-46a2-8c49-0cfd123ba322 closed
2026-07-28 11:03:49,617 [INFO] routes.logs: WS client connected for job 46d3dff3-591e-4410-9c74-729ef934d673
2026-07-28 11:03:49,633 [INFO] routes.logs: WS client connected for job 46d3dff3-591e-4410-9c74-729ef934d673
2026-07-28 11:03:49,670 [INFO] routes.logs: WS client connected for job 177d670c-f711-4c24-8709-1389339cfca1
2026-07-28 11:03:49,729 [INFO] routes.logs: WS client connected for job 0cf3aacc-3047-4e3a-b8a0-847a435dc303
2026-07-28 11:03:49,777 [INFO] routes.logs: WS client connected for job 97ee9b7b-9111-4b3b-9ad1-f59f6d5e72e6
2026-07-28 11:03:49,810 [INFO] routes.logs: WS client connected for job 3ed6a8fc-13cf-4749-bd1c-52fa3b25bac4
2026-07-28 11:03:49,872 [INFO] routes.logs: WS client connected for job 840e3d0b-4368-46a2-8c49-0cfd123ba322
2026-07-28 11:03:51,496 [INFO] routes.cluster_setup: Resolved inventory: /opt/OpenCHAI_Registry/july/OpenCHAI/automation/ansible/inventory/inventory_def.txt
2026-07-28 11:03:51,500 [INFO] services.ansible_runner: Normalized extra-vars: {'primary_nameserver': '{{ headnode_ip }}', 'fallback_dns': {'nameservers': ['10.208.192.11', '10.208.192.12'], 'search_domains': ['pune.cdac.in']}, 'fw_service_name': 'firewalld', 'fw_service_state': 'stopped', 'fw_service_enabled': False, 'fw_install_if_missing': True, 'selinux_mode': 'disabled', 'selinux_install_if_missing': True, 'hpc_container_pv_dir': '/hpc_container_pv', 'hpctool_stack_dir': '/hpctool_stack', 'hpc_cluster_suite_dir': '/root/hpc_cluster_suite', 'nfs_rpm_dir': '{{ rpm_stack_path }}/nfs_rpms/', 'required_packages': 'nfs-utils, libnfsidmap, rpcbind', 'nfs_client_packages': 'nfs-utils', 'nfs_client_service': 'nfs-client.target', 'nfs_client_state': 'started', 'nfs_client_enabled': True, 'nfs_client_install_if_missing': True, 'nfs_mounts': [{'dest': '{{ rpm_stack_path }}', 'fstype': 'nfs', 'opts': 'ro,_netdev', 'src': '{{ headnode_ip }}:{{ rpm_stack_path }}'}, {'dest': '{{ configuration_dir_path }}', 'fstype': 'nfs', 'opts': 'rw,hard,intr,_netdev', 'src': '{{ headnode_ip }}:{{ configuration_dir_path }}'}, {'dest': '{{ bin_dir_path }}', 'fstype': 'nfs', 'opts': 'rw,hard,intr,_netdev', 'src': '{{ headnode_ip }}:{{ bin_dir_path }}'}], 'mounted_state': 'ephemeral', 'sshd_packages': 'openssh-server, openssh-clients', 'sshd_service_name': 'sshd', 'sshd_service_state': 'started', 'sshd_service_enabled': True, 'ssh_hardening_enable': True, 'sshd_hardening_block': 'PermitRootLogin yes\nPasswordAuthentication yes\nPermitEmptyPasswords no\nChallengeResponseAuthentication no\nUseDNS no\nX11Forwarding yes\nAllowTcpForwarding no\nPrintMotd no\nBanner none\nVersionAddendum none\nCiphers chacha20-poly1305@openssh.com,aes256-gcm@openssh.com,aes256-ctr\nMACs hmac-sha2-512,hmac-sha2-256\nKexAlgorithms curve25519-sha256,curve25519-sha256@libssh.org', 'drbd_use_local_rpms': True, 'pcs_manage_services': True, 'allow_package_removal': False, 'pcs_reinstall_packages': False, 'drbd_resource_name': 'rudra_drbd', 'drbd_force_md_create': True, 'drbd_nodes': [{'device': '/dev/drbd0', 'ip': '192.168.10.1', 'name': 'master01'}, {'device': '/dev/drbd0', 'ip': '192.168.10.2', 'name': 'master02'}], 'vip_interface': 'ens1f2', 'vip_ip': '172.10.3.240', 'vip_prefix': 22, 'vip_resource_name': 'vip_xCAT', 'drbd_clone_name': 'drbdfs-clone', 'drbd_fs_resource_name': 'xcatfs', 'drbd_device': '/dev/drbd0', 'drbd_mount_dir': '/drbd', 'drbd_fstype': 'ext4', 'primary_master_node_hostname': 'master01', 'secondary_master_node_hostname': 'master02', 'pcs_cluster_name': 'drbd_xCAT'}
2026-07-28 11:03:51,500 [WARNING] services.ansible_runner: inventory_path provided but ignored. Using ansible.cfg default inventory.
2026-07-28 11:03:51,501 [INFO] services.ansible_runner: Job 2a93c209-6862-4d65-bfec-539da4945fd9 | cwd=/opt/OpenCHAI_Registry/july/OpenCHAI/automation/ansible | cmd=ansible-playbook /opt/OpenCHAI_Registry/july/OpenCHAI/cluster_setup/ha_server_setup/hpc_master/phase2.1_pcs_drbd.yml --user root --private-key /root/.ssh/id_rsa --extra-vars '{"primary_nameserver": "{{ headnode_ip }}", "fallback_dns": {"nameservers": ["10.208.192.11", "10.208.192.12"], "search_domains": ["pune.cdac.in"]}, "fw_service_name": "firewalld", "fw_service_state": "stopped", "fw_service_enabled": false, "fw_install_if_missing": true, "selinux_mode": "disabled", "selinux_install_if_missing": true, "hpc_container_pv_dir": "/hpc_container_pv", "hpctool_stack_dir": "/hpctool_stack", "hpc_cluster_suite_dir": "/root/hpc_cluster_suite", "nfs_rpm_dir": "{{ rpm_stack_path }}/nfs_rpms/", "required_packages": "nfs-utils, libnfsidmap, rpcbind", "nfs_client_packages": "nfs-utils", "nfs_client_service": "nfs-client.target", "nfs_client_state": "started", "nfs_client_enabled": true, "nfs_client_install_if_missing": true, "nfs_mounts": [{"dest": "{{ rpm_stack_path }}", "fstype": "nfs", "opts": "ro,_netdev", "src": "{{ headnode_ip }}:{{ rpm_stack_path }}"}, {"dest": "{{ configuration_dir_path }}", "fstype": "nfs", "opts": "rw,hard,intr,_netdev", "src": "{{ headnode_ip }}:{{ configuration_dir_path }}"}, {"dest": "{{ bin_dir_path }}", "fstype": "nfs", "opts": "rw,hard,intr,_netdev", "src": "{{ headnode_ip }}:{{ bin_dir_path }}"}], "mounted_state": "ephemeral", "sshd_packages": "openssh-server, openssh-clients", "sshd_service_name": "sshd", "sshd_service_state": "started", "sshd_service_enabled": true, "ssh_hardening_enable": true, "sshd_hardening_block": "PermitRootLogin yes\nPasswordAuthentication yes\nPermitEmptyPasswords no\nChallengeResponseAuthentication no\nUseDNS no\nX11Forwarding yes\nAllowTcpForwarding no\nPrintMotd no\nBanner none\nVersionAddendum none\nCiphers chacha20-poly1305@openssh.com,aes256-gcm@openssh.com,aes256-ctr\nMACs hmac-sha2-512,hmac-sha2-256\nKexAlgorithms curve25519-sha256,curve25519-sha256@libssh.org", "drbd_use_local_rpms": true, "pcs_manage_services": true, "allow_package_removal": false, "pcs_reinstall_packages": false, "drbd_resource_name": "rudra_drbd", "drbd_force_md_create": true, "drbd_nodes": [{"device": "/dev/drbd0", "ip": "192.168.10.1", "name": "master01"}, {"device": "/dev/drbd0", "ip": "192.168.10.2", "name": "master02"}], "vip_interface": "ens1f2", "vip_ip": "172.10.3.240", "vip_prefix": 22, "vip_resource_name": "vip_xCAT", "drbd_clone_name": "drbdfs-clone", "drbd_fs_resource_name": "xcatfs", "drbd_device": "/dev/drbd0", "drbd_mount_dir": "/drbd", "drbd_fstype": "ext4", "primary_master_node_hostname": "master01", "secondary_master_node_hostname": "master02", "pcs_cluster_name": "drbd_xCAT"}' --limit hpc-master01,hpc-master02
2026-07-28 11:03:51,524 [INFO] routes.logs: WS client connected for job 2a93c209-6862-4d65-bfec-539da4945fd9
2026-07-28 11:03:51,550 [INFO] routes.logs: WS client connected for job 2a93c209-6862-4d65-bfec-539da4945fd9
2026-07-28 11:03:51,896 [INFO] routes.logs: WS client disconnected from job 2a93c209-6862-4d65-bfec-539da4945fd9
2026-07-28 11:03:51,896 [INFO] routes.logs: WS session for job 2a93c209-6862-4d65-bfec-539da4945fd9 closed
2026-07-28 11:04:21,526 [INFO] routes.logs: WS client connected for job 2a93c209-6862-4d65-bfec-539da4945fd9
2026-07-28 11:06:51,357 [INFO] services.ansible_runner: Job 2a93c209-6862-4d65-bfec-539da4945fd9 finished rc=2 status=failed
2026-07-28 11:06:51,358 [INFO] routes.logs: WS session for job 2a93c209-6862-4d65-bfec-539da4945fd9 closed
2026-07-28 11:06:51,359 [INFO] routes.logs: WS session for job 2a93c209-6862-4d65-bfec-539da4945fd9 closed
2026-07-28 11:23:44,879 [INFO] routes.cluster_setup: Resolved inventory: /opt/OpenCHAI_Registry/july/OpenCHAI/automation/ansible/inventory/inventory_def.txt
2026-07-28 11:23:44,881 [INFO] services.ansible_runner: Normalized extra-vars: {'install_mellanox': True, 'mlnx_dir_path': '{{ bin_dir_path }}/mellanox_rpms', 'dev_rpm_path': '{{ rpm_stack_path }}/developement_rpms', 'nm_service_state': 'started', 'nm_service_enabled': True, 'nm_install_if_missing': True}
2026-07-28 11:23:44,881 [WARNING] services.ansible_runner: inventory_path provided but ignored. Using ansible.cfg default inventory.
2026-07-28 11:23:44,882 [INFO] services.ansible_runner: Job 606c0588-f4f5-4929-be97-7e1089667e7d | cwd=/opt/OpenCHAI_Registry/july/OpenCHAI/automation/ansible | cmd=ansible-playbook /opt/OpenCHAI_Registry/july/OpenCHAI/cluster_setup/ha_server_setup/hpc_master/phase3.1_mellanox_ofed.yml --user root --private-key /root/.ssh/id_rsa --extra-vars '{"install_mellanox": true, "mlnx_dir_path": "{{ bin_dir_path }}/mellanox_rpms", "dev_rpm_path": "{{ rpm_stack_path }}/developement_rpms", "nm_service_state": "started", "nm_service_enabled": true, "nm_install_if_missing": true}' --limit hpc-master01,hpc-master02
2026-07-28 11:23:44,975 [INFO] routes.logs: WS client connected for job 606c0588-f4f5-4929-be97-7e1089667e7d
2026-07-28 11:23:44,978 [INFO] routes.logs: WS client connected for job 606c0588-f4f5-4929-be97-7e1089667e7d
2026-07-28 11:23:45,215 [INFO] routes.logs: WS client disconnected from job 606c0588-f4f5-4929-be97-7e1089667e7d
2026-07-28 11:23:45,215 [INFO] routes.logs: WS session for job 606c0588-f4f5-4929-be97-7e1089667e7d closed
2026-07-28 11:24:27,416 [INFO] services.ansible_runner: Job 606c0588-f4f5-4929-be97-7e1089667e7d finished rc=2 status=failed
2026-07-28 11:24:27,417 [INFO] routes.logs: WS session for job 606c0588-f4f5-4929-be97-7e1089667e7d closed
2026-07-28 11:26:39,191 [INFO] routes.cluster_setup: Resolved inventory: /opt/OpenCHAI_Registry/july/OpenCHAI/automation/ansible/inventory/inventory_def.txt
2026-07-28 11:26:39,192 [INFO] services.ansible_runner: Normalized extra-vars: {'docker_repo_url': 'https://download.docker.com/linux/rhel/docker-ce.repo', 'docker_remove_exiting': True, 'docker_install': True, 'at_install_allow_erasing': False, 'docker_service_enable': True, 'docker_engine_rpm_stack_path': '{{ rpm_stack_path }}/docker_rpm', 'primary_manager': '{{ primary_swarm_manager }}', 'swarm_managers': ['{{ primary_swarm_manager }}', '{{ secondary_swarm_manager }}', '{{ tertiary_swarm_manager }}']}
2026-07-28 11:26:39,192 [WARNING] services.ansible_runner: inventory_path provided but ignored. Using ansible.cfg default inventory.
2026-07-28 11:26:39,193 [INFO] services.ansible_runner: Job 1ac28b7b-b404-4a7d-9b58-4a8e3dedf9eb | cwd=/opt/OpenCHAI_Registry/july/OpenCHAI/automation/ansible | cmd=ansible-playbook /opt/OpenCHAI_Registry/july/OpenCHAI/cluster_setup/ha_server_setup/hpc_master/phase4.1_docker_env.yml --user root --private-key /root/.ssh/id_rsa --extra-vars '{"docker_repo_url": "https://download.docker.com/linux/rhel/docker-ce.repo", "docker_remove_exiting": true, "docker_install": true, "at_install_allow_erasing": false, "docker_service_enable": true, "docker_engine_rpm_stack_path": "{{ rpm_stack_path }}/docker_rpm", "primary_manager": "{{ primary_swarm_manager }}", "swarm_managers": ["{{ primary_swarm_manager }}", "{{ secondary_swarm_manager }}", "{{ tertiary_swarm_manager }}"]}' --limit hpc-master01,hpc-master02
2026-07-28 11:26:39,227 [INFO] routes.logs: WS client connected for job 1ac28b7b-b404-4a7d-9b58-4a8e3dedf9eb
2026-07-28 11:26:39,245 [INFO] routes.logs: WS client connected for job 1ac28b7b-b404-4a7d-9b58-4a8e3dedf9eb
2026-07-28 11:26:39,523 [INFO] routes.logs: WS client disconnected from job 1ac28b7b-b404-4a7d-9b58-4a8e3dedf9eb
2026-07-28 11:26:39,524 [INFO] routes.logs: WS session for job 1ac28b7b-b404-4a7d-9b58-4a8e3dedf9eb closed
2026-07-28 11:26:58,519 [INFO] services.ansible_runner: Job 1ac28b7b-b404-4a7d-9b58-4a8e3dedf9eb finished rc=0 status=success
2026-07-28 11:26:58,519 [INFO] routes.logs: WS session for job 1ac28b7b-b404-4a7d-9b58-4a8e3dedf9eb closed
2026-07-28 11:26:59,205 [INFO] routes.cluster_setup: Resolved inventory: /opt/OpenCHAI_Registry/july/OpenCHAI/automation/ansible/inventory/inventory_def.txt
2026-07-28 11:26:59,207 [INFO] services.ansible_runner: Normalized extra-vars: {'docker_repo_url': 'https://download.docker.com/linux/rhel/docker-ce.repo', 'docker_remove_exiting': True, 'docker_install': True, 'at_install_allow_erasing': False, 'docker_service_enable': True, 'docker_engine_rpm_stack_path': '{{ rpm_stack_path }}/docker_rpm', 'primary_manager': '{{ primary_swarm_manager }}', 'swarm_managers': ['{{ primary_swarm_manager }}', '{{ secondary_swarm_manager }}', '{{ tertiary_swarm_manager }}']}
2026-07-28 11:26:59,207 [WARNING] services.ansible_runner: inventory_path provided but ignored. Using ansible.cfg default inventory.
2026-07-28 11:26:59,208 [INFO] services.ansible_runner: Job 312f63db-e996-4108-a2d0-decaf090173d | cwd=/opt/OpenCHAI_Registry/july/OpenCHAI/automation/ansible | cmd=ansible-playbook /opt/OpenCHAI_Registry/july/OpenCHAI/cluster_setup/ha_server_setup/hpc_master/phase4.2_docker_swarm_setup.yml --user root --private-key /root/.ssh/id_rsa --extra-vars '{"docker_repo_url": "https://download.docker.com/linux/rhel/docker-ce.repo", "docker_remove_exiting": true, "docker_install": true, "at_install_allow_erasing": false, "docker_service_enable": true, "docker_engine_rpm_stack_path": "{{ rpm_stack_path }}/docker_rpm", "primary_manager": "{{ primary_swarm_manager }}", "swarm_managers": ["{{ primary_swarm_manager }}", "{{ secondary_swarm_manager }}", "{{ tertiary_swarm_manager }}"]}' --limit hpc-master01,hpc-master02
2026-07-28 11:26:59,239 [INFO] routes.logs: WS client connected for job 1ac28b7b-b404-4a7d-9b58-4a8e3dedf9eb
2026-07-28 11:26:59,288 [INFO] routes.logs: WS client connected for job 312f63db-e996-4108-a2d0-decaf090173d
2026-07-28 11:27:50,112 [INFO] services.ansible_runner: Job 312f63db-e996-4108-a2d0-decaf090173d finished rc=0 status=success
2026-07-28 11:27:50,113 [INFO] routes.logs: WS session for job 312f63db-e996-4108-a2d0-decaf090173d closed
2026-07-28 11:28:38,077 [INFO] routes.cluster_setup: Resolved inventory: /opt/OpenCHAI_Registry/july/OpenCHAI/automation/ansible/inventory/inventory_def.txt
2026-07-28 11:28:38,085 [INFO] services.ansible_runner: Normalized extra-vars: {'swarm_label_value': True, 'xCAT_reg_path': '{{ hpcsuite_registry_mount_path }}/container_img_reg/xCAT_reg', 'xcat_version': '{{ xcat_repo_version_tag }}', 'xcat_image': '{{ xcat_docker_img }}', 'xcat_container_img': '{{ xcat_container_img_tar }}', 'xcat_reg_network_url': '{{ hpcsangrah_vault_network_url }}/OpenCHAI/hpcsuite_registry/container_img_reg/{{ os_version }}/xCAT_reg/{{ xcat_version }}/{{ xcat_container_img }}', 'xcat_provisioning_osimage_network_url': '{{ hpcsangrah_vault_network_url }}/OpenCHAI/hpcsuite_registry/provisioning_osimage/{{ os_version }}', 'ssl_certificate_check': False, 'xcatdata_base_config': 'xcatdata_{{ os_version }}.tgz', 'xcat_baseos': '{{ rhel_linux_label }}', 'xcat_reporoot': 'https://xcat.org/files/xcat/repos/yum', 'xcat_core_type': "{{ 'core-snap' if xcat_version == 'devel' else 'xcat-core' }}", 'os_architecture': '{{ os_arch }}', 'xcat_install_root': '{{ drbd_mount_dir }}/xcatdata/install/netboot', 'registry_osimage_dir': '{{ base_dir }}/hpcsuite_registry/provisioning_osimage', 'source_role': 'netboot-compute', 'target_role': 'netboot-rudra-compute', 'primary_master_node_hostname': '{{ pcs_primary_master_node_hostname }}', 'secondary_master_node_hostname': '{{ pcs_secondary_master_node_hostname }}', 'pcs_cluster_name': '{{ pcs_cluster_name }}', 'xcat_service_name': 'xcat', 'mounted_state': 'ephemeral'}
2026-07-28 11:28:38,085 [WARNING] services.ansible_runner: inventory_path provided but ignored. Using ansible.cfg default inventory.
2026-07-28 11:28:38,086 [INFO] services.ansible_runner: Job c58a7b80-7fc4-453c-a1bd-45dafd53f505 | cwd=/opt/OpenCHAI_Registry/july/OpenCHAI/automation/ansible | cmd=ansible-playbook /opt/OpenCHAI_Registry/july/OpenCHAI/cluster_setup/ha_server_setup/hpc_master/phase5.1_provisioning_xcat.yml --user root --private-key /root/.ssh/id_rsa --extra-vars '{"swarm_label_value": true, "xCAT_reg_path": "{{ hpcsuite_registry_mount_path }}/container_img_reg/xCAT_reg", "xcat_version": "{{ xcat_repo_version_tag }}", "xcat_image": "{{ xcat_docker_img }}", "xcat_container_img": "{{ xcat_container_img_tar }}", "xcat_reg_network_url": "{{ hpcsangrah_vault_network_url }}/OpenCHAI/hpcsuite_registry/container_img_reg/{{ os_version }}/xCAT_reg/{{ xcat_version }}/{{ xcat_container_img }}", "xcat_provisioning_osimage_network_url": "{{ hpcsangrah_vault_network_url }}/OpenCHAI/hpcsuite_registry/provisioning_osimage/{{ os_version }}", "ssl_certificate_check": false, "xcatdata_base_config": "xcatdata_{{ os_version }}.tgz", "xcat_baseos": "{{ rhel_linux_label }}", "xcat_reporoot": "https://xcat.org/files/xcat/repos/yum", "xcat_core_type": "{{ '"'"'core-snap'"'"' if xcat_version == '"'"'devel'"'"' else '"'"'xcat-core'"'"' }}", "os_architecture": "{{ os_arch }}", "xcat_install_root": "{{ drbd_mount_dir }}/xcatdata/install/netboot", "registry_osimage_dir": "{{ base_dir }}/hpcsuite_registry/provisioning_osimage", "source_role": "netboot-compute", "target_role": "netboot-rudra-compute", "primary_master_node_hostname": "{{ pcs_primary_master_node_hostname }}", "secondary_master_node_hostname": "{{ pcs_secondary_master_node_hostname }}", "pcs_cluster_name": "{{ pcs_cluster_name }}", "xcat_service_name": "xcat", "mounted_state": "ephemeral"}' --limit hpc-master01,hpc-master02
2026-07-28 11:28:38,123 [INFO] routes.logs: WS client connected for job c58a7b80-7fc4-453c-a1bd-45dafd53f505
2026-07-28 11:28:38,142 [INFO] routes.logs: WS client connected for job c58a7b80-7fc4-453c-a1bd-45dafd53f505
2026-07-28 11:28:38,412 [INFO] routes.logs: WS client disconnected from job c58a7b80-7fc4-453c-a1bd-45dafd53f505
2026-07-28 11:28:38,412 [INFO] routes.logs: WS session for job c58a7b80-7fc4-453c-a1bd-45dafd53f505 closed
2026-07-28 11:29:33,721 [INFO] services.ansible_runner: Job c58a7b80-7fc4-453c-a1bd-45dafd53f505 finished rc=2 status=failed
2026-07-28 11:29:33,722 [INFO] routes.logs: WS session for job c58a7b80-7fc4-453c-a1bd-45dafd53f505 closed
2026-07-28 11:31:30,482 [INFO] routes.logs: WS client connected for job c58a7b80-7fc4-453c-a1bd-45dafd53f505
2026-07-28 11:31:30,491 [INFO] routes.logs: WS client connected for job c58a7b80-7fc4-453c-a1bd-45dafd53f505
2026-07-28 11:31:32,662 [INFO] routes.cluster_setup: Resolved inventory: /opt/OpenCHAI_Registry/july/OpenCHAI/automation/ansible/inventory/inventory_def.txt
2026-07-28 11:31:32,670 [INFO] services.ansible_runner: Normalized extra-vars: {'swarm_label_value': True, 'xCAT_reg_path': '{{ hpcsuite_registry_mount_path }}/container_img_reg/xCAT_reg', 'xcat_version': '{{ xcat_repo_version_tag }}', 'xcat_image': '{{ xcat_docker_img }}', 'xcat_container_img': '{{ xcat_container_img_tar }}', 'xcat_reg_network_url': '{{ hpcsangrah_vault_network_url }}/OpenCHAI/hpcsuite_registry/container_img_reg/{{ os_version }}/xCAT_reg/{{ xcat_version }}/{{ xcat_container_img }}', 'xcat_provisioning_osimage_network_url': '{{ hpcsangrah_vault_network_url }}/OpenCHAI/hpcsuite_registry/provisioning_osimage/{{ os_version }}', 'ssl_certificate_check': False, 'xcatdata_base_config': 'xcatdata_{{ os_version }}.tgz', 'xcat_baseos': '{{ rhel_linux_label }}', 'xcat_reporoot': 'https://xcat.org/files/xcat/repos/yum', 'xcat_core_type': "{{ 'core-snap' if xcat_version == 'devel' else 'xcat-core' }}", 'os_architecture': '{{ os_arch }}', 'xcat_install_root': '{{ drbd_mount_dir }}/xcatdata/install/netboot', 'registry_osimage_dir': '{{ base_dir }}/hpcsuite_registry/provisioning_osimage', 'source_role': 'netboot-compute', 'target_role': 'netboot-rudra-compute', 'primary_master_node_hostname': 'cn03', 'secondary_master_node_hostname': 'cn04', 'pcs_cluster_name': '{{ pcs_cluster_name }}', 'xcat_service_name': 'xcat', 'mounted_state': 'ephemeral'}
2026-07-28 11:31:32,670 [WARNING] services.ansible_runner: inventory_path provided but ignored. Using ansible.cfg default inventory.
2026-07-28 11:31:32,671 [INFO] services.ansible_runner: Job d755fcdb-20fd-4279-a356-6749d5b59039 | cwd=/opt/OpenCHAI_Registry/july/OpenCHAI/automation/ansible | cmd=ansible-playbook /opt/OpenCHAI_Registry/july/OpenCHAI/cluster_setup/ha_server_setup/hpc_master/phase5.1_provisioning_xcat.yml --user root --private-key /root/.ssh/id_rsa --extra-vars '{"swarm_label_value": true, "xCAT_reg_path": "{{ hpcsuite_registry_mount_path }}/container_img_reg/xCAT_reg", "xcat_version": "{{ xcat_repo_version_tag }}", "xcat_image": "{{ xcat_docker_img }}", "xcat_container_img": "{{ xcat_container_img_tar }}", "xcat_reg_network_url": "{{ hpcsangrah_vault_network_url }}/OpenCHAI/hpcsuite_registry/container_img_reg/{{ os_version }}/xCAT_reg/{{ xcat_version }}/{{ xcat_container_img }}", "xcat_provisioning_osimage_network_url": "{{ hpcsangrah_vault_network_url }}/OpenCHAI/hpcsuite_registry/provisioning_osimage/{{ os_version }}", "ssl_certificate_check": false, "xcatdata_base_config": "xcatdata_{{ os_version }}.tgz", "xcat_baseos": "{{ rhel_linux_label }}", "xcat_reporoot": "https://xcat.org/files/xcat/repos/yum", "xcat_core_type": "{{ '"'"'core-snap'"'"' if xcat_version == '"'"'devel'"'"' else '"'"'xcat-core'"'"' }}", "os_architecture": "{{ os_arch }}", "xcat_install_root": "{{ drbd_mount_dir }}/xcatdata/install/netboot", "registry_osimage_dir": "{{ base_dir }}/hpcsuite_registry/provisioning_osimage", "source_role": "netboot-compute", "target_role": "netboot-rudra-compute", "primary_master_node_hostname": "cn03", "secondary_master_node_hostname": "cn04", "pcs_cluster_name": "{{ pcs_cluster_name }}", "xcat_service_name": "xcat", "mounted_state": "ephemeral"}' --limit hpc-master01,hpc-master02
2026-07-28 11:31:32,708 [INFO] routes.logs: WS client connected for job d755fcdb-20fd-4279-a356-6749d5b59039
2026-07-28 11:31:32,723 [INFO] routes.logs: WS client connected for job d755fcdb-20fd-4279-a356-6749d5b59039
2026-07-28 11:31:32,998 [INFO] routes.logs: WS client disconnected from job d755fcdb-20fd-4279-a356-6749d5b59039
2026-07-28 11:31:32,998 [INFO] routes.logs: WS session for job d755fcdb-20fd-4279-a356-6749d5b59039 closed
2026-07-28 11:31:50,207 [INFO] routes.logs: WS client connected for job d755fcdb-20fd-4279-a356-6749d5b59039
2026-07-28 11:34:16,770 [INFO] routes.auth: Login OK: user='root' role='admin' groups=['root', 'openchai-admins'] ip=127.0.0.1
2026-07-28 11:40:19,937 [INFO] routes.logs: WS client connected for job d755fcdb-20fd-4279-a356-6749d5b59039
2026-07-28 11:43:59,630 [INFO] services.ansible_runner: Job d755fcdb-20fd-4279-a356-6749d5b59039 finished rc=2 status=failed
2026-07-28 11:43:59,631 [INFO] routes.logs: WS session for job d755fcdb-20fd-4279-a356-6749d5b59039 closed
2026-07-28 11:43:59,631 [INFO] routes.logs: WS session for job d755fcdb-20fd-4279-a356-6749d5b59039 closed
2026-07-28 11:43:59,632 [INFO] routes.logs: WS session for job d755fcdb-20fd-4279-a356-6749d5b59039 closed
2026-07-28 12:18:13,024 [INFO] routes.logs: WS client connected for job d755fcdb-20fd-4279-a356-6749d5b59039
2026-07-28 12:18:13,049 [INFO] routes.logs: WS client connected for job d755fcdb-20fd-4279-a356-6749d5b59039
2026-07-28 12:19:01,137 [INFO] routes.cluster_setup: Resolved inventory: /opt/OpenCHAI_Registry/july/OpenCHAI/automation/ansible/inventory/inventory_def.txt
2026-07-28 12:19:01,145 [INFO] services.ansible_runner: Normalized extra-vars: {'swarm_label_value': True, 'xCAT_reg_path': '{{ hpcsuite_registry_mount_path }}/container_img_reg/xCAT_reg', 'xcat_version': '{{ xcat_repo_version_tag }}', 'xcat_image': '{{ xcat_docker_img }}', 'xcat_container_img': '{{ xcat_container_img_tar }}', 'xcat_reg_network_url': '{{ hpcsangrah_vault_network_url }}/OpenCHAI/hpcsuite_registry/container_img_reg/{{ os_version }}/xCAT_reg/{{ xcat_version }}/{{ xcat_container_img }}', 'xcat_provisioning_osimage_network_url': '{{ hpcsangrah_vault_network_url }}/OpenCHAI/hpcsuite_registry/provisioning_osimage/{{ os_version }}', 'ssl_certificate_check': False, 'xcatdata_base_config': 'xcatdata_{{ os_version }}.tgz', 'xcat_baseos': '{{ rhel_linux_label }}', 'xcat_reporoot': 'https://xcat.org/files/xcat/repos/yum', 'xcat_core_type': "{{ 'core-snap' if xcat_version == 'devel' else 'xcat-core' }}", 'os_architecture': '{{ os_arch }}', 'xcat_install_root': '{{ drbd_mount_dir }}/xcatdata/install/netboot', 'registry_osimage_dir': '{{ base_dir }}/hpcsuite_registry/provisioning_osimage', 'source_role': 'netboot-compute', 'target_role': 'netboot-rudra-compute', 'primary_master_node_hostname': 'cn03', 'secondary_master_node_hostname': 'cn04', 'pcs_cluster_name': '{{ pcs_cluster_name }}', 'xcat_service_name': 'xcat', 'mounted_state': 'ephemeral'}
2026-07-28 12:19:01,145 [WARNING] services.ansible_runner: inventory_path provided but ignored. Using ansible.cfg default inventory.
2026-07-28 12:19:01,146 [INFO] services.ansible_runner: Job a71ee3c0-7069-4a7f-8ac6-d2752907a88c | cwd=/opt/OpenCHAI_Registry/july/OpenCHAI/automation/ansible | cmd=ansible-playbook /opt/OpenCHAI_Registry/july/OpenCHAI/cluster_setup/ha_server_setup/hpc_master/phase5.1_provisioning_xcat.yml --user root --private-key /root/.ssh/id_rsa --extra-vars '{"swarm_label_value": true, "xCAT_reg_path": "{{ hpcsuite_registry_mount_path }}/container_img_reg/xCAT_reg", "xcat_version": "{{ xcat_repo_version_tag }}", "xcat_image": "{{ xcat_docker_img }}", "xcat_container_img": "{{ xcat_container_img_tar }}", "xcat_reg_network_url": "{{ hpcsangrah_vault_network_url }}/OpenCHAI/hpcsuite_registry/container_img_reg/{{ os_version }}/xCAT_reg/{{ xcat_version }}/{{ xcat_container_img }}", "xcat_provisioning_osimage_network_url": "{{ hpcsangrah_vault_network_url }}/OpenCHAI/hpcsuite_registry/provisioning_osimage/{{ os_version }}", "ssl_certificate_check": false, "xcatdata_base_config": "xcatdata_{{ os_version }}.tgz", "xcat_baseos": "{{ rhel_linux_label }}", "xcat_reporoot": "https://xcat.org/files/xcat/repos/yum", "xcat_core_type": "{{ '"'"'core-snap'"'"' if xcat_version == '"'"'devel'"'"' else '"'"'xcat-core'"'"' }}", "os_architecture": "{{ os_arch }}", "xcat_install_root": "{{ drbd_mount_dir }}/xcatdata/install/netboot", "registry_osimage_dir": "{{ base_dir }}/hpcsuite_registry/provisioning_osimage", "source_role": "netboot-compute", "target_role": "netboot-rudra-compute", "primary_master_node_hostname": "cn03", "secondary_master_node_hostname": "cn04", "pcs_cluster_name": "{{ pcs_cluster_name }}", "xcat_service_name": "xcat", "mounted_state": "ephemeral"}' --limit hpc-master01,hpc-master02
2026-07-28 12:19:01,186 [INFO] routes.logs: WS client connected for job a71ee3c0-7069-4a7f-8ac6-d2752907a88c
2026-07-28 12:19:01,207 [INFO] routes.logs: WS client connected for job a71ee3c0-7069-4a7f-8ac6-d2752907a88c
2026-07-28 12:19:01,475 [INFO] routes.logs: WS client disconnected from job a71ee3c0-7069-4a7f-8ac6-d2752907a88c
2026-07-28 12:19:01,476 [INFO] routes.logs: WS session for job a71ee3c0-7069-4a7f-8ac6-d2752907a88c closed
2026-07-28 12:19:15,461 [INFO] routes.logs: WS client connected for job a71ee3c0-7069-4a7f-8ac6-d2752907a88c
2026-07-28 12:21:47,920 [INFO] services.ansible_runner: Job a71ee3c0-7069-4a7f-8ac6-d2752907a88c finished rc=2 status=failed
2026-07-28 12:21:47,921 [INFO] routes.logs: WS session for job a71ee3c0-7069-4a7f-8ac6-d2752907a88c closed
2026-07-28 12:21:47,921 [INFO] routes.logs: WS session for job a71ee3c0-7069-4a7f-8ac6-d2752907a88c closed
2026-07-28 12:23:13,874 [INFO] routes.cluster_setup: Resolved inventory: /opt/OpenCHAI_Registry/july/OpenCHAI/automation/ansible/inventory/inventory_def.txt
2026-07-28 12:23:13,882 [INFO] services.ansible_runner: Normalized extra-vars: {'swarm_label_value': True, 'xCAT_reg_path': '{{ hpcsuite_registry_mount_path }}/container_img_reg/xCAT_reg', 'xcat_version': '{{ xcat_repo_version_tag }}', 'xcat_image': '{{ xcat_docker_img }}', 'xcat_container_img': '{{ xcat_container_img_tar }}', 'xcat_reg_network_url': '{{ hpcsangrah_vault_network_url }}/OpenCHAI/hpcsuite_registry/container_img_reg/{{ os_version }}/xCAT_reg/{{ xcat_version }}/{{ xcat_container_img }}', 'xcat_provisioning_osimage_network_url': '{{ hpcsangrah_vault_network_url }}/OpenCHAI/hpcsuite_registry/provisioning_osimage/{{ os_version }}', 'ssl_certificate_check': False, 'xcatdata_base_config': 'xcatdata_{{ os_version }}.tgz', 'xcat_baseos': '{{ rhel_linux_label }}', 'xcat_reporoot': 'https://xcat.org/files/xcat/repos/yum', 'xcat_core_type': "{{ 'core-snap' if xcat_version == 'devel' else 'xcat-core' }}", 'os_architecture': '{{ os_arch }}', 'xcat_install_root': '{{ drbd_mount_dir }}/xcatdata/install/netboot', 'registry_osimage_dir': '{{ base_dir }}/hpcsuite_registry/provisioning_osimage', 'source_role': 'netboot-compute', 'target_role': 'netboot-rudra-compute', 'primary_master_node_hostname': 'cn03', 'secondary_master_node_hostname': 'cn04', 'pcs_cluster_name': '{{ pcs_cluster_name }}', 'xcat_service_name': 'xcat', 'mounted_state': 'ephemeral'}
2026-07-28 12:23:13,882 [WARNING] services.ansible_runner: inventory_path provided but ignored. Using ansible.cfg default inventory.
2026-07-28 12:23:13,882 [INFO] services.ansible_runner: Job 7eef0364-094b-456b-9e61-116de06e0700 | cwd=/opt/OpenCHAI_Registry/july/OpenCHAI/automation/ansible | cmd=ansible-playbook /opt/OpenCHAI_Registry/july/OpenCHAI/cluster_setup/ha_server_setup/hpc_master/phase5.1_provisioning_xcat.yml --user root --private-key /root/.ssh/id_rsa --extra-vars '{"swarm_label_value": true, "xCAT_reg_path": "{{ hpcsuite_registry_mount_path }}/container_img_reg/xCAT_reg", "xcat_version": "{{ xcat_repo_version_tag }}", "xcat_image": "{{ xcat_docker_img }}", "xcat_container_img": "{{ xcat_container_img_tar }}", "xcat_reg_network_url": "{{ hpcsangrah_vault_network_url }}/OpenCHAI/hpcsuite_registry/container_img_reg/{{ os_version }}/xCAT_reg/{{ xcat_version }}/{{ xcat_container_img }}", "xcat_provisioning_osimage_network_url": "{{ hpcsangrah_vault_network_url }}/OpenCHAI/hpcsuite_registry/provisioning_osimage/{{ os_version }}", "ssl_certificate_check": false, "xcatdata_base_config": "xcatdata_{{ os_version }}.tgz", "xcat_baseos": "{{ rhel_linux_label }}", "xcat_reporoot": "https://xcat.org/files/xcat/repos/yum", "xcat_core_type": "{{ '"'"'core-snap'"'"' if xcat_version == '"'"'devel'"'"' else '"'"'xcat-core'"'"' }}", "os_architecture": "{{ os_arch }}", "xcat_install_root": "{{ drbd_mount_dir }}/xcatdata/install/netboot", "registry_osimage_dir": "{{ base_dir }}/hpcsuite_registry/provisioning_osimage", "source_role": "netboot-compute", "target_role": "netboot-rudra-compute", "primary_master_node_hostname": "cn03", "secondary_master_node_hostname": "cn04", "pcs_cluster_name": "{{ pcs_cluster_name }}", "xcat_service_name": "xcat", "mounted_state": "ephemeral"}' --limit hpc-master01,hpc-master02
2026-07-28 12:23:13,919 [INFO] routes.logs: WS client connected for job 7eef0364-094b-456b-9e61-116de06e0700
2026-07-28 12:23:13,935 [INFO] routes.logs: WS client connected for job 7eef0364-094b-456b-9e61-116de06e0700
2026-07-28 12:23:14,209 [INFO] routes.logs: WS client disconnected from job 7eef0364-094b-456b-9e61-116de06e0700
2026-07-28 12:23:14,209 [INFO] routes.logs: WS session for job 7eef0364-094b-456b-9e61-116de06e0700 closed
2026-07-28 12:23:59,990 [INFO] routes.logs: WS client connected for job 7eef0364-094b-456b-9e61-116de06e0700
2026-07-28 12:24:25,462 [INFO] routes.logs: WS client connected for job 7eef0364-094b-456b-9e61-116de06e0700
2026-07-28 12:24:29,997 [INFO] routes.logs: WS session for job 7eef0364-094b-456b-9e61-116de06e0700 closed
2026-07-28 12:24:44,268 [INFO] routes.logs: WS client connected for job 7eef0364-094b-456b-9e61-116de06e0700
2026-07-28 12:24:52,493 [INFO] routes.logs: WS client disconnected from job 7eef0364-094b-456b-9e61-116de06e0700
2026-07-28 12:24:52,493 [INFO] routes.logs: WS session for job 7eef0364-094b-456b-9e61-116de06e0700 closed
2026-07-28 12:24:52,494 [INFO] routes.logs: WS client disconnected from job 7eef0364-094b-456b-9e61-116de06e0700
2026-07-28 12:24:52,494 [INFO] routes.logs: WS session for job 7eef0364-094b-456b-9e61-116de06e0700 closed
2026-07-28 12:25:05,147 [INFO] routes.logs: WS client connected for job 7eef0364-094b-456b-9e61-116de06e0700
2026-07-28 12:26:00,630 [INFO] services.ansible_runner: Job 7eef0364-094b-456b-9e61-116de06e0700 finished rc=2 status=failed
2026-07-28 12:26:00,630 [INFO] routes.logs: WS session for job 7eef0364-094b-456b-9e61-116de06e0700 closed
2026-07-28 12:26:00,631 [INFO] routes.logs: WS session for job 7eef0364-094b-456b-9e61-116de06e0700 closed
2026-07-28 12:34:26,283 [INFO] routes.cluster_setup: Resolved inventory: /opt/OpenCHAI_Registry/july/OpenCHAI/automation/ansible/inventory/inventory_def.txt
2026-07-28 12:34:26,290 [INFO] services.ansible_runner: Normalized extra-vars: {'swarm_label_value': True, 'xCAT_reg_path': '{{ hpcsuite_registry_mount_path }}/container_img_reg/xCAT_reg', 'xcat_version': '{{ xcat_repo_version_tag }}', 'xcat_image': '{{ xcat_docker_img }}', 'xcat_container_img': '{{ xcat_container_img_tar }}', 'xcat_reg_network_url': '{{ hpcsangrah_vault_network_url }}/OpenCHAI/hpcsuite_registry/container_img_reg/{{ os_version }}/xCAT_reg/{{ xcat_version }}/{{ xcat_container_img }}', 'xcat_provisioning_osimage_network_url': '{{ hpcsangrah_vault_network_url }}/OpenCHAI/hpcsuite_registry/provisioning_osimage/{{ os_version }}', 'ssl_certificate_check': False, 'xcatdata_base_config': 'xcatdata_{{ os_version }}.tgz', 'xcat_baseos': '{{ rhel_linux_label }}', 'xcat_reporoot': 'https://xcat.org/files/xcat/repos/yum', 'xcat_core_type': "{{ 'core-snap' if xcat_version == 'devel' else 'xcat-core' }}", 'os_architecture': '{{ os_arch }}', 'xcat_install_root': '{{ drbd_mount_dir }}/xcatdata/install/netboot', 'registry_osimage_dir': '{{ base_dir }}/hpcsuite_registry/provisioning_osimage', 'source_role': 'netboot-compute', 'target_role': 'netboot-rudra-compute', 'primary_master_node_hostname': 'cn03', 'secondary_master_node_hostname': 'cn04', 'pcs_cluster_name': '{{ pcs_cluster_name }}', 'xcat_service_name': 'xcat', 'mounted_state': 'ephemeral'}
2026-07-28 12:34:26,290 [WARNING] services.ansible_runner: inventory_path provided but ignored. Using ansible.cfg default inventory.
2026-07-28 12:34:26,291 [INFO] services.ansible_runner: Job f1969bc2-b41c-4cb8-a117-4bb7e6e0fad5 | cwd=/opt/OpenCHAI_Registry/july/OpenCHAI/automation/ansible | cmd=ansible-playbook /opt/OpenCHAI_Registry/july/OpenCHAI/cluster_setup/ha_server_setup/hpc_master/phase5.1_provisioning_xcat.yml --user root --private-key /root/.ssh/id_rsa --extra-vars '{"swarm_label_value": true, "xCAT_reg_path": "{{ hpcsuite_registry_mount_path }}/container_img_reg/xCAT_reg", "xcat_version": "{{ xcat_repo_version_tag }}", "xcat_image": "{{ xcat_docker_img }}", "xcat_container_img": "{{ xcat_container_img_tar }}", "xcat_reg_network_url": "{{ hpcsangrah_vault_network_url }}/OpenCHAI/hpcsuite_registry/container_img_reg/{{ os_version }}/xCAT_reg/{{ xcat_version }}/{{ xcat_container_img }}", "xcat_provisioning_osimage_network_url": "{{ hpcsangrah_vault_network_url }}/OpenCHAI/hpcsuite_registry/provisioning_osimage/{{ os_version }}", "ssl_certificate_check": false, "xcatdata_base_config": "xcatdata_{{ os_version }}.tgz", "xcat_baseos": "{{ rhel_linux_label }}", "xcat_reporoot": "https://xcat.org/files/xcat/repos/yum", "xcat_core_type": "{{ '"'"'core-snap'"'"' if xcat_version == '"'"'devel'"'"' else '"'"'xcat-core'"'"' }}", "os_architecture": "{{ os_arch }}", "xcat_install_root": "{{ drbd_mount_dir }}/xcatdata/install/netboot", "registry_osimage_dir": "{{ base_dir }}/hpcsuite_registry/provisioning_osimage", "source_role": "netboot-compute", "target_role": "netboot-rudra-compute", "primary_master_node_hostname": "cn03", "secondary_master_node_hostname": "cn04", "pcs_cluster_name": "{{ pcs_cluster_name }}", "xcat_service_name": "xcat", "mounted_state": "ephemeral"}' --limit hpc-master01,hpc-master02
2026-07-28 12:34:26,331 [INFO] routes.logs: WS client connected for job f1969bc2-b41c-4cb8-a117-4bb7e6e0fad5
2026-07-28 12:34:26,349 [INFO] routes.logs: WS client connected for job f1969bc2-b41c-4cb8-a117-4bb7e6e0fad5
2026-07-28 12:34:26,619 [INFO] routes.logs: WS client disconnected from job f1969bc2-b41c-4cb8-a117-4bb7e6e0fad5
2026-07-28 12:34:26,620 [INFO] routes.logs: WS session for job f1969bc2-b41c-4cb8-a117-4bb7e6e0fad5 closed
2026-07-28 12:37:13,077 [INFO] services.ansible_runner: Job f1969bc2-b41c-4cb8-a117-4bb7e6e0fad5 finished rc=2 status=failed
2026-07-28 12:37:13,077 [INFO] routes.logs: WS session for job f1969bc2-b41c-4cb8-a117-4bb7e6e0fad5 closed
2026-07-28 14:17:40,733 [INFO] services.state_manager: No existing state file — starting fresh.
2026-07-28 14:17:40,945 [INFO] openchai_gui: ============================================================
2026-07-28 14:17:40,945 [INFO] openchai_gui:   OpenCHAI GUI Backend starting
2026-07-28 14:17:40,945 [INFO] openchai_gui:   Python   : 3.9.25
2026-07-28 14:17:40,945 [INFO] openchai_gui:   Root     : /opt/OpenCHAI_Registry/july/OpenCHAI
2026-07-28 14:17:40,945 [INFO] openchai_gui:   Ansible  : /opt/OpenCHAI_Registry/july/OpenCHAI/automation/ansible
2026-07-28 14:17:40,945 [INFO] openchai_gui:   Routers  : 15 loaded
2026-07-28 14:17:40,945 [INFO] openchai_gui: ============================================================
2026-07-28 14:17:40,945 [INFO] openchai_gui.config: ───────────────────────────────────────────────────────
2026-07-28 14:17:40,945 [INFO] openchai_gui.config:   OpenCHAI GUI — Path Validation
2026-07-28 14:17:40,945 [INFO] openchai_gui.config: ───────────────────────────────────────────────────────
2026-07-28 14:17:40,946 [INFO] openchai_gui.config:   ✅  OPENCHAI_ROOT          /opt/OpenCHAI_Registry/july/OpenCHAI
2026-07-28 14:17:40,946 [INFO] openchai_gui.config:   ✅  ANSIBLE_DIR            /opt/OpenCHAI_Registry/july/OpenCHAI/automation/ansible
2026-07-28 14:17:40,946 [INFO] openchai_gui.config:   ✅  PLAYBOOK_LIBRARY       /opt/OpenCHAI_Registry/july/OpenCHAI/automation/ansible/playbook_library
2026-07-28 14:17:40,946 [WARNING] openchai_gui.config:   ⚠️   INVENTORY_PATH         /opt/OpenCHAI_Registry/july/OpenCHAI/automation/ansible/inventory/hosts.ini  (will be created when needed)
2026-07-28 14:17:40,946 [INFO] openchai_gui.config:   ✅  GROUP_VARS_DIR         /opt/OpenCHAI_Registry/july/OpenCHAI/automation/ansible/group_vars
2026-07-28 14:17:40,946 [INFO] openchai_gui.config:   ✅  ANSIBLE_CFG            /opt/OpenCHAI_Registry/july/OpenCHAI/automation/ansible/ansible.cfg
2026-07-28 14:17:40,946 [INFO] openchai_gui.config:   ✅  SSH_KEY                /root/.ssh/id_rsa
2026-07-28 14:17:40,946 [INFO] openchai_gui.config:   ✅  HOST_VARS_DIR          /opt/OpenCHAI_Registry/july/OpenCHAI/automation/ansible/inventory/host_vars
2026-07-28 14:17:40,946 [INFO] openchai_gui.config:   ✅  VAULT_PASSWORD_FILE    /opt/OpenCHAI_Registry/july/OpenCHAI/automation/ansible/.vault_pass
2026-07-28 14:17:40,946 [INFO] openchai_gui.config: ───────────────────────────────────────────────────────
2026-07-28 14:17:40,946 [INFO] services.vault_service: Vault readiness OK — ansible.cfg vault_password_file matches /opt/OpenCHAI_Registry/july/OpenCHAI/automation/ansible/.vault_pass
2026-07-28 14:17:40,948 [INFO] services.inventory_cli_bridge: Inventory bridge OK — using /opt/OpenCHAI_Registry/july/OpenCHAI/automation/ansible/inventory.py (inventory_file=/opt/OpenCHAI_Registry/july/OpenCHAI/automation/ansible/inventory/inventory_def.txt)
2026-07-28 14:18:22,785 [INFO] routes.auth: Login OK: user='root' role='admin' groups=['root', 'openchai-admins'] ip=127.0.0.1
2026-07-28 14:18:26,175 [INFO] routes.logs: WS client connected for job a71ee3c0-7069-4a7f-8ac6-d2752907a88c
2026-07-28 14:18:26,245 [INFO] routes.logs: WS client connected for job a71ee3c0-7069-4a7f-8ac6-d2752907a88c
2026-07-28 14:18:34,668 [INFO] routes.logs: WS client connected for job 8b19e621-975d-4077-b0df-e85fa5b403ce
2026-07-28 14:18:34,706 [INFO] routes.logs: WS client connected for job 8b19e621-975d-4077-b0df-e85fa5b403ce
2026-07-28 14:37:46,844 [INFO] routes.auth: Login OK: user='root' role='admin' groups=['root', 'openchai-admins'] ip=127.0.0.1
2026-07-28 14:37:53,737 [WARNING] inventory: Vault password file /opt/OpenCHAI_Registry/july/OpenCHAI/automation/ansible/.vault_pass has loose permissions (644). Recommended: chmod 600.
2026-07-28 14:38:27,180 [INFO] routes.cluster_setup: Resolved inventory: /opt/OpenCHAI_Registry/july/OpenCHAI/automation/ansible/inventory/inventory_def.txt
2026-07-28 14:38:27,187 [INFO] services.ansible_runner: Normalized extra-vars: {'swarm_label_value': True, 'xCAT_reg_path': '{{ hpcsuite_registry_mount_path }}/container_img_reg/xCAT_reg', 'xcat_version': '{{ xcat_repo_version_tag }}', 'xcat_image': '{{ xcat_docker_img }}', 'xcat_container_img': '{{ xcat_container_img_tar }}', 'xcat_reg_network_url': '{{ hpcsangrah_vault_network_url }}/OpenCHAI/hpcsuite_registry/container_img_reg/{{ os_version }}/xCAT_reg/{{ xcat_version }}/{{ xcat_container_img }}', 'xcat_provisioning_osimage_network_url': '{{ hpcsangrah_vault_network_url }}/OpenCHAI/hpcsuite_registry/provisioning_osimage/{{ os_version }}', 'ssl_certificate_check': False, 'xcatdata_base_config': 'xcatdata_{{ os_version }}.tgz', 'xcat_baseos': '{{ rhel_linux_label }}', 'xcat_reporoot': 'https://xcat.org/files/xcat/repos/yum', 'xcat_core_type': "{{ 'core-snap' if xcat_version == 'devel' else 'xcat-core' }}", 'os_architecture': '{{ os_arch }}', 'xcat_install_root': '{{ drbd_mount_dir }}/xcatdata/install/netboot', 'registry_osimage_dir': '{{ base_dir }}/hpcsuite_registry/provisioning_osimage', 'source_role': 'netboot-compute', 'target_role': 'netboot-rudra-compute'}
2026-07-28 14:38:27,187 [WARNING] services.ansible_runner: inventory_path provided but ignored. Using ansible.cfg default inventory.
2026-07-28 14:38:27,188 [INFO] services.ansible_runner: Job 2cca8086-5e85-4789-8fae-e8cde9b619d5 | cwd=/opt/OpenCHAI_Registry/july/OpenCHAI/automation/ansible | cmd=ansible-playbook /opt/OpenCHAI_Registry/july/OpenCHAI/cluster_setup/ha_server_setup/hpc_master/phase5.1_provisioning_xcat.yml --user root --private-key /root/.ssh/id_rsa --extra-vars '{"swarm_label_value": true, "xCAT_reg_path": "{{ hpcsuite_registry_mount_path }}/container_img_reg/xCAT_reg", "xcat_version": "{{ xcat_repo_version_tag }}", "xcat_image": "{{ xcat_docker_img }}", "xcat_container_img": "{{ xcat_container_img_tar }}", "xcat_reg_network_url": "{{ hpcsangrah_vault_network_url }}/OpenCHAI/hpcsuite_registry/container_img_reg/{{ os_version }}/xCAT_reg/{{ xcat_version }}/{{ xcat_container_img }}", "xcat_provisioning_osimage_network_url": "{{ hpcsangrah_vault_network_url }}/OpenCHAI/hpcsuite_registry/provisioning_osimage/{{ os_version }}", "ssl_certificate_check": false, "xcatdata_base_config": "xcatdata_{{ os_version }}.tgz", "xcat_baseos": "{{ rhel_linux_label }}", "xcat_reporoot": "https://xcat.org/files/xcat/repos/yum", "xcat_core_type": "{{ '"'"'core-snap'"'"' if xcat_version == '"'"'devel'"'"' else '"'"'xcat-core'"'"' }}", "os_architecture": "{{ os_arch }}", "xcat_install_root": "{{ drbd_mount_dir }}/xcatdata/install/netboot", "registry_osimage_dir": "{{ base_dir }}/hpcsuite_registry/provisioning_osimage", "source_role": "netboot-compute", "target_role": "netboot-rudra-compute"}' --limit hpc-master01,hpc-master02
2026-07-28 14:38:27,230 [INFO] routes.logs: WS client connected for job 2cca8086-5e85-4789-8fae-e8cde9b619d5
2026-07-28 14:38:27,258 [INFO] routes.logs: WS client connected for job 2cca8086-5e85-4789-8fae-e8cde9b619d5
2026-07-28 14:38:27,519 [INFO] routes.logs: WS client disconnected from job 2cca8086-5e85-4789-8fae-e8cde9b619d5
2026-07-28 14:38:27,519 [INFO] routes.logs: WS session for job 2cca8086-5e85-4789-8fae-e8cde9b619d5 closed
2026-07-28 14:41:14,808 [INFO] services.ansible_runner: Job 2cca8086-5e85-4789-8fae-e8cde9b619d5 finished rc=2 status=failed
2026-07-28 14:41:14,809 [INFO] routes.logs: WS session for job 2cca8086-5e85-4789-8fae-e8cde9b619d5 closed
2026-07-28 15:19:30,178 [INFO] routes.cluster_setup: Resolved inventory: /opt/OpenCHAI_Registry/july/OpenCHAI/automation/ansible/inventory/inventory_def.txt
2026-07-28 15:19:30,186 [INFO] services.ansible_runner: Normalized extra-vars: {'swarm_label_value': True, 'xCAT_reg_path': '{{ hpcsuite_registry_mount_path }}/container_img_reg/xCAT_reg', 'xcat_version': '{{ xcat_repo_version_tag }}', 'xcat_image': '{{ xcat_docker_img }}', 'xcat_container_img': '{{ xcat_container_img_tar }}', 'xcat_reg_network_url': '{{ hpcsangrah_vault_network_url }}/OpenCHAI/hpcsuite_registry/container_img_reg/{{ os_version }}/xCAT_reg/{{ xcat_version }}/{{ xcat_container_img }}', 'xcat_provisioning_osimage_network_url': '{{ hpcsangrah_vault_network_url }}/OpenCHAI/hpcsuite_registry/provisioning_osimage/{{ os_version }}', 'ssl_certificate_check': False, 'xcatdata_base_config': 'xcatdata_{{ os_version }}.tgz', 'xcat_baseos': '{{ rhel_linux_label }}', 'xcat_reporoot': 'https://xcat.org/files/xcat/repos/yum', 'xcat_core_type': "{{ 'core-snap' if xcat_version == 'devel' else 'xcat-core' }}", 'os_architecture': '{{ os_arch }}', 'xcat_install_root': '{{ drbd_mount_dir }}/xcatdata/install/netboot', 'registry_osimage_dir': '{{ base_dir }}/hpcsuite_registry/provisioning_osimage', 'source_role': 'netboot-compute', 'target_role': 'netboot-rudra-compute'}
2026-07-28 15:19:30,186 [WARNING] services.ansible_runner: inventory_path provided but ignored. Using ansible.cfg default inventory.
2026-07-28 15:19:30,186 [INFO] services.ansible_runner: Job 847a725f-c911-4cf4-98d9-dd38f75fcb3a | cwd=/opt/OpenCHAI_Registry/july/OpenCHAI/automation/ansible | cmd=ansible-playbook /opt/OpenCHAI_Registry/july/OpenCHAI/cluster_setup/ha_server_setup/hpc_master/phase5.1_provisioning_xcat.yml --user root --private-key /root/.ssh/id_rsa --extra-vars '{"swarm_label_value": true, "xCAT_reg_path": "{{ hpcsuite_registry_mount_path }}/container_img_reg/xCAT_reg", "xcat_version": "{{ xcat_repo_version_tag }}", "xcat_image": "{{ xcat_docker_img }}", "xcat_container_img": "{{ xcat_container_img_tar }}", "xcat_reg_network_url": "{{ hpcsangrah_vault_network_url }}/OpenCHAI/hpcsuite_registry/container_img_reg/{{ os_version }}/xCAT_reg/{{ xcat_version }}/{{ xcat_container_img }}", "xcat_provisioning_osimage_network_url": "{{ hpcsangrah_vault_network_url }}/OpenCHAI/hpcsuite_registry/provisioning_osimage/{{ os_version }}", "ssl_certificate_check": false, "xcatdata_base_config": "xcatdata_{{ os_version }}.tgz", "xcat_baseos": "{{ rhel_linux_label }}", "xcat_reporoot": "https://xcat.org/files/xcat/repos/yum", "xcat_core_type": "{{ '"'"'core-snap'"'"' if xcat_version == '"'"'devel'"'"' else '"'"'xcat-core'"'"' }}", "os_architecture": "{{ os_arch }}", "xcat_install_root": "{{ drbd_mount_dir }}/xcatdata/install/netboot", "registry_osimage_dir": "{{ base_dir }}/hpcsuite_registry/provisioning_osimage", "source_role": "netboot-compute", "target_role": "netboot-rudra-compute"}' --limit hpc-master01,hpc-master02
2026-07-28 15:19:30,251 [INFO] routes.logs: WS client connected for job 847a725f-c911-4cf4-98d9-dd38f75fcb3a
2026-07-28 15:19:30,266 [INFO] routes.logs: WS client connected for job 847a725f-c911-4cf4-98d9-dd38f75fcb3a
2026-07-28 15:19:30,514 [INFO] routes.logs: WS client disconnected from job 847a725f-c911-4cf4-98d9-dd38f75fcb3a
2026-07-28 15:19:30,514 [INFO] routes.logs: WS session for job 847a725f-c911-4cf4-98d9-dd38f75fcb3a closed
2026-07-28 15:22:18,146 [INFO] services.ansible_runner: Job 847a725f-c911-4cf4-98d9-dd38f75fcb3a finished rc=2 status=failed
2026-07-28 15:22:18,148 [INFO] routes.logs: WS session for job 847a725f-c911-4cf4-98d9-dd38f75fcb3a closed
2026-07-28 15:36:05,815 [INFO] routes.logs: WS client connected for job 847a725f-c911-4cf4-98d9-dd38f75fcb3a
2026-07-28 15:36:05,837 [INFO] routes.logs: WS client connected for job 847a725f-c911-4cf4-98d9-dd38f75fcb3a
2026-07-28 15:36:07,185 [INFO] routes.cluster_setup: Resolved inventory: /opt/OpenCHAI_Registry/july/OpenCHAI/automation/ansible/inventory/inventory_def.txt
2026-07-28 15:36:07,192 [INFO] services.ansible_runner: Normalized extra-vars: {'swarm_label_value': True, 'xCAT_reg_path': '{{ hpcsuite_registry_mount_path }}/container_img_reg/xCAT_reg', 'xcat_version': '{{ xcat_repo_version_tag }}', 'xcat_image': '{{ xcat_docker_img }}', 'xcat_container_img': '{{ xcat_container_img_tar }}', 'xcat_reg_network_url': '{{ hpcsangrah_vault_network_url }}/OpenCHAI/hpcsuite_registry/container_img_reg/{{ os_version }}/xCAT_reg/{{ xcat_version }}/{{ xcat_container_img }}', 'xcat_provisioning_osimage_network_url': '{{ hpcsangrah_vault_network_url }}/OpenCHAI/hpcsuite_registry/provisioning_osimage/{{ os_version }}', 'ssl_certificate_check': False, 'xcatdata_base_config': 'xcatdata_{{ os_version }}.tgz', 'xcat_baseos': '{{ rhel_linux_label }}', 'xcat_reporoot': 'https://xcat.org/files/xcat/repos/yum', 'xcat_core_type': "{{ 'core-snap' if xcat_version == 'devel' else 'xcat-core' }}", 'os_architecture': '{{ os_arch }}', 'xcat_install_root': '{{ drbd_mount_dir }}/xcatdata/install/netboot', 'registry_osimage_dir': '{{ base_dir }}/hpcsuite_registry/provisioning_osimage', 'source_role': 'netboot-compute', 'target_role': 'netboot-rudra-compute'}
2026-07-28 15:36:07,193 [WARNING] services.ansible_runner: inventory_path provided but ignored. Using ansible.cfg default inventory.
2026-07-28 15:36:07,193 [INFO] services.ansible_runner: Job cab365f8-5a06-4fc7-9dd4-f18ad296b129 | cwd=/opt/OpenCHAI_Registry/july/OpenCHAI/automation/ansible | cmd=ansible-playbook /opt/OpenCHAI_Registry/july/OpenCHAI/cluster_setup/ha_server_setup/hpc_master/phase5.1_provisioning_xcat.yml --user root --private-key /root/.ssh/id_rsa --extra-vars '{"swarm_label_value": true, "xCAT_reg_path": "{{ hpcsuite_registry_mount_path }}/container_img_reg/xCAT_reg", "xcat_version": "{{ xcat_repo_version_tag }}", "xcat_image": "{{ xcat_docker_img }}", "xcat_container_img": "{{ xcat_container_img_tar }}", "xcat_reg_network_url": "{{ hpcsangrah_vault_network_url }}/OpenCHAI/hpcsuite_registry/container_img_reg/{{ os_version }}/xCAT_reg/{{ xcat_version }}/{{ xcat_container_img }}", "xcat_provisioning_osimage_network_url": "{{ hpcsangrah_vault_network_url }}/OpenCHAI/hpcsuite_registry/provisioning_osimage/{{ os_version }}", "ssl_certificate_check": false, "xcatdata_base_config": "xcatdata_{{ os_version }}.tgz", "xcat_baseos": "{{ rhel_linux_label }}", "xcat_reporoot": "https://xcat.org/files/xcat/repos/yum", "xcat_core_type": "{{ '"'"'core-snap'"'"' if xcat_version == '"'"'devel'"'"' else '"'"'xcat-core'"'"' }}", "os_architecture": "{{ os_arch }}", "xcat_install_root": "{{ drbd_mount_dir }}/xcatdata/install/netboot", "registry_osimage_dir": "{{ base_dir }}/hpcsuite_registry/provisioning_osimage", "source_role": "netboot-compute", "target_role": "netboot-rudra-compute"}' --limit hpc-master01,hpc-master02
2026-07-28 15:36:07,226 [INFO] routes.logs: WS client connected for job cab365f8-5a06-4fc7-9dd4-f18ad296b129
2026-07-28 15:36:07,247 [INFO] routes.logs: WS client connected for job cab365f8-5a06-4fc7-9dd4-f18ad296b129
2026-07-28 15:36:07,519 [INFO] routes.logs: WS client disconnected from job cab365f8-5a06-4fc7-9dd4-f18ad296b129
2026-07-28 15:36:07,519 [INFO] routes.logs: WS session for job cab365f8-5a06-4fc7-9dd4-f18ad296b129 closed
2026-07-28 15:36:13,921 [INFO] routes.logs: WS client connected for job cab365f8-5a06-4fc7-9dd4-f18ad296b129
2026-07-28 15:38:59,233 [INFO] services.ansible_runner: Job cab365f8-5a06-4fc7-9dd4-f18ad296b129 finished rc=2 status=failed
2026-07-28 15:38:59,234 [INFO] routes.logs: WS session for job cab365f8-5a06-4fc7-9dd4-f18ad296b129 closed
2026-07-28 15:38:59,234 [INFO] routes.logs: WS session for job cab365f8-5a06-4fc7-9dd4-f18ad296b129 closed
2026-07-28 16:01:53,138 [INFO] routes.cluster_setup: Resolved inventory: /opt/OpenCHAI_Registry/july/OpenCHAI/automation/ansible/inventory/inventory_def.txt
2026-07-28 16:01:53,146 [INFO] services.ansible_runner: Normalized extra-vars: {'swarm_label_value': True, 'xCAT_reg_path': '{{ hpcsuite_registry_mount_path }}/container_img_reg/xCAT_reg', 'xcat_version': '{{ xcat_repo_version_tag }}', 'xcat_image': '{{ xcat_docker_img }}', 'xcat_container_img': '{{ xcat_container_img_tar }}', 'xcat_reg_network_url': '{{ hpcsangrah_vault_network_url }}/OpenCHAI/hpcsuite_registry/container_img_reg/{{ os_version }}/xCAT_reg/{{ xcat_version }}/{{ xcat_container_img }}', 'xcat_provisioning_osimage_network_url': '{{ hpcsangrah_vault_network_url }}/OpenCHAI/hpcsuite_registry/provisioning_osimage/{{ os_version }}', 'ssl_certificate_check': False, 'xcatdata_base_config': 'xcatdata_{{ os_version }}.tgz', 'xcat_baseos': '{{ rhel_linux_label }}', 'xcat_reporoot': 'https://xcat.org/files/xcat/repos/yum', 'xcat_core_type': "{{ 'core-snap' if xcat_version == 'devel' else 'xcat-core' }}", 'os_architecture': '{{ os_arch }}', 'xcat_install_root': '{{ drbd_mount_dir }}/xcatdata/install/netboot', 'registry_osimage_dir': '{{ base_dir }}/hpcsuite_registry/provisioning_osimage', 'source_role': 'netboot-compute', 'target_role': 'netboot-rudra-compute'}
2026-07-28 16:01:53,146 [WARNING] services.ansible_runner: inventory_path provided but ignored. Using ansible.cfg default inventory.
2026-07-28 16:01:53,147 [INFO] services.ansible_runner: Job d07ab59e-e13f-4a39-ab6a-ebfa76a21050 | cwd=/opt/OpenCHAI_Registry/july/OpenCHAI/automation/ansible | cmd=ansible-playbook /opt/OpenCHAI_Registry/july/OpenCHAI/cluster_setup/ha_server_setup/hpc_master/phase5.1_provisioning_xcat.yml --user root --private-key /root/.ssh/id_rsa --extra-vars '{"swarm_label_value": true, "xCAT_reg_path": "{{ hpcsuite_registry_mount_path }}/container_img_reg/xCAT_reg", "xcat_version": "{{ xcat_repo_version_tag }}", "xcat_image": "{{ xcat_docker_img }}", "xcat_container_img": "{{ xcat_container_img_tar }}", "xcat_reg_network_url": "{{ hpcsangrah_vault_network_url }}/OpenCHAI/hpcsuite_registry/container_img_reg/{{ os_version }}/xCAT_reg/{{ xcat_version }}/{{ xcat_container_img }}", "xcat_provisioning_osimage_network_url": "{{ hpcsangrah_vault_network_url }}/OpenCHAI/hpcsuite_registry/provisioning_osimage/{{ os_version }}", "ssl_certificate_check": false, "xcatdata_base_config": "xcatdata_{{ os_version }}.tgz", "xcat_baseos": "{{ rhel_linux_label }}", "xcat_reporoot": "https://xcat.org/files/xcat/repos/yum", "xcat_core_type": "{{ '"'"'core-snap'"'"' if xcat_version == '"'"'devel'"'"' else '"'"'xcat-core'"'"' }}", "os_architecture": "{{ os_arch }}", "xcat_install_root": "{{ drbd_mount_dir }}/xcatdata/install/netboot", "registry_osimage_dir": "{{ base_dir }}/hpcsuite_registry/provisioning_osimage", "source_role": "netboot-compute", "target_role": "netboot-rudra-compute"}' --limit hpc-master01,hpc-master02
2026-07-28 16:01:53,184 [INFO] routes.logs: WS client connected for job d07ab59e-e13f-4a39-ab6a-ebfa76a21050
2026-07-28 16:01:53,198 [INFO] routes.logs: WS client connected for job d07ab59e-e13f-4a39-ab6a-ebfa76a21050
2026-07-28 16:01:53,474 [INFO] routes.logs: WS client disconnected from job d07ab59e-e13f-4a39-ab6a-ebfa76a21050
2026-07-28 16:01:53,475 [INFO] routes.logs: WS session for job d07ab59e-e13f-4a39-ab6a-ebfa76a21050 closed
2026-07-28 16:04:26,243 [INFO] services.ansible_runner: Job d07ab59e-e13f-4a39-ab6a-ebfa76a21050 finished rc=2 status=failed
2026-07-28 16:04:26,244 [INFO] routes.logs: WS session for job d07ab59e-e13f-4a39-ab6a-ebfa76a21050 closed
2026-07-28 16:13:48,916 [INFO] routes.cluster_setup: Resolved inventory: /opt/OpenCHAI_Registry/july/OpenCHAI/automation/ansible/inventory/inventory_def.txt
2026-07-28 16:13:48,924 [INFO] services.ansible_runner: Normalized extra-vars: {'swarm_label_value': True, 'xCAT_reg_path': '{{ hpcsuite_registry_mount_path }}/container_img_reg/xCAT_reg', 'xcat_version': '{{ xcat_repo_version_tag }}', 'xcat_image': '{{ xcat_docker_img }}', 'xcat_container_img': '{{ xcat_container_img_tar }}', 'xcat_reg_network_url': '{{ hpcsangrah_vault_network_url }}/OpenCHAI/hpcsuite_registry/container_img_reg/{{ os_version }}/xCAT_reg/{{ xcat_version }}/{{ xcat_container_img }}', 'xcat_provisioning_osimage_network_url': '{{ hpcsangrah_vault_network_url }}/OpenCHAI/hpcsuite_registry/provisioning_osimage/{{ os_version }}', 'ssl_certificate_check': False, 'xcatdata_base_config': 'xcatdata_{{ os_version }}.tgz', 'xcat_baseos': '{{ rhel_linux_label }}', 'xcat_reporoot': 'https://xcat.org/files/xcat/repos/yum', 'xcat_core_type': "{{ 'core-snap' if xcat_version == 'devel' else 'xcat-core' }}", 'os_architecture': '{{ os_arch }}', 'xcat_install_root': '{{ drbd_mount_dir }}/xcatdata/install/netboot', 'registry_osimage_dir': '{{ base_dir }}/hpcsuite_registry/provisioning_osimage', 'source_role': 'netboot-compute', 'target_role': 'netboot-rudra-compute'}
2026-07-28 16:13:48,924 [WARNING] services.ansible_runner: inventory_path provided but ignored. Using ansible.cfg default inventory.
2026-07-28 16:13:48,925 [INFO] services.ansible_runner: Job 3249bf97-00c2-41e1-a113-36745e36a97e | cwd=/opt/OpenCHAI_Registry/july/OpenCHAI/automation/ansible | cmd=ansible-playbook /opt/OpenCHAI_Registry/july/OpenCHAI/cluster_setup/ha_server_setup/hpc_master/phase5.1_provisioning_xcat.yml --user root --private-key /root/.ssh/id_rsa --extra-vars '{"swarm_label_value": true, "xCAT_reg_path": "{{ hpcsuite_registry_mount_path }}/container_img_reg/xCAT_reg", "xcat_version": "{{ xcat_repo_version_tag }}", "xcat_image": "{{ xcat_docker_img }}", "xcat_container_img": "{{ xcat_container_img_tar }}", "xcat_reg_network_url": "{{ hpcsangrah_vault_network_url }}/OpenCHAI/hpcsuite_registry/container_img_reg/{{ os_version }}/xCAT_reg/{{ xcat_version }}/{{ xcat_container_img }}", "xcat_provisioning_osimage_network_url": "{{ hpcsangrah_vault_network_url }}/OpenCHAI/hpcsuite_registry/provisioning_osimage/{{ os_version }}", "ssl_certificate_check": false, "xcatdata_base_config": "xcatdata_{{ os_version }}.tgz", "xcat_baseos": "{{ rhel_linux_label }}", "xcat_reporoot": "https://xcat.org/files/xcat/repos/yum", "xcat_core_type": "{{ '"'"'core-snap'"'"' if xcat_version == '"'"'devel'"'"' else '"'"'xcat-core'"'"' }}", "os_architecture": "{{ os_arch }}", "xcat_install_root": "{{ drbd_mount_dir }}/xcatdata/install/netboot", "registry_osimage_dir": "{{ base_dir }}/hpcsuite_registry/provisioning_osimage", "source_role": "netboot-compute", "target_role": "netboot-rudra-compute"}' --limit hpc-master01,hpc-master02
2026-07-28 16:13:48,957 [INFO] routes.logs: WS client connected for job 3249bf97-00c2-41e1-a113-36745e36a97e
2026-07-28 16:13:48,977 [INFO] routes.logs: WS client connected for job 3249bf97-00c2-41e1-a113-36745e36a97e
2026-07-28 16:13:49,251 [INFO] routes.logs: WS client disconnected from job 3249bf97-00c2-41e1-a113-36745e36a97e
2026-07-28 16:13:49,251 [INFO] routes.logs: WS session for job 3249bf97-00c2-41e1-a113-36745e36a97e closed
2026-07-28 16:13:53,775 [INFO] routes.logs: WS client connected for job 3249bf97-00c2-41e1-a113-36745e36a97e
2026-07-28 16:16:43,339 [INFO] services.ansible_runner: Job 3249bf97-00c2-41e1-a113-36745e36a97e finished rc=2 status=failed
2026-07-28 16:16:43,340 [INFO] routes.logs: WS session for job 3249bf97-00c2-41e1-a113-36745e36a97e closed
2026-07-28 16:16:43,340 [INFO] routes.logs: WS session for job 3249bf97-00c2-41e1-a113-36745e36a97e closed
2026-07-28 17:41:08,639 [INFO] routes.cluster_setup: Resolved inventory: /opt/OpenCHAI_Registry/july/OpenCHAI/automation/ansible/inventory/inventory_def.txt
2026-07-28 17:41:08,646 [INFO] services.ansible_runner: Normalized extra-vars: {'swarm_label_value': True, 'xCAT_reg_path': '{{ hpcsuite_registry_mount_path }}/container_img_reg/xCAT_reg', 'xcat_version': '{{ xcat_repo_version_tag }}', 'xcat_image': '{{ xcat_docker_img }}', 'xcat_container_img': '{{ xcat_container_img_tar }}', 'xcat_reg_network_url': '{{ hpcsangrah_vault_network_url }}/OpenCHAI/hpcsuite_registry/container_img_reg/{{ os_version }}/xCAT_reg/{{ xcat_version }}/{{ xcat_container_img }}', 'xcat_provisioning_osimage_network_url': '{{ hpcsangrah_vault_network_url }}/OpenCHAI/hpcsuite_registry/provisioning_osimage/{{ os_version }}', 'ssl_certificate_check': False, 'xcatdata_base_config': 'xcatdata_{{ os_version }}.tgz', 'xcat_baseos': '{{ rhel_linux_label }}', 'xcat_reporoot': 'https://xcat.org/files/xcat/repos/yum', 'xcat_core_type': "{{ 'core-snap' if xcat_version == 'devel' else 'xcat-core' }}", 'os_architecture': '{{ os_arch }}', 'xcat_install_root': '{{ drbd_mount_dir }}/xcatdata/install/netboot', 'registry_osimage_dir': '{{ base_dir }}/hpcsuite_registry/provisioning_osimage', 'source_role': 'netboot-compute', 'target_role': 'netboot-rudra-compute'}
2026-07-28 17:41:08,646 [WARNING] services.ansible_runner: inventory_path provided but ignored. Using ansible.cfg default inventory.
2026-07-28 17:41:08,647 [INFO] services.ansible_runner: Job 679d1094-67ce-4baf-9e05-9591912c399b | cwd=/opt/OpenCHAI_Registry/july/OpenCHAI/automation/ansible | cmd=ansible-playbook /opt/OpenCHAI_Registry/july/OpenCHAI/cluster_setup/ha_server_setup/hpc_master/phase5.1_provisioning_xcat.yml --user root --private-key /root/.ssh/id_rsa --extra-vars '{"swarm_label_value": true, "xCAT_reg_path": "{{ hpcsuite_registry_mount_path }}/container_img_reg/xCAT_reg", "xcat_version": "{{ xcat_repo_version_tag }}", "xcat_image": "{{ xcat_docker_img }}", "xcat_container_img": "{{ xcat_container_img_tar }}", "xcat_reg_network_url": "{{ hpcsangrah_vault_network_url }}/OpenCHAI/hpcsuite_registry/container_img_reg/{{ os_version }}/xCAT_reg/{{ xcat_version }}/{{ xcat_container_img }}", "xcat_provisioning_osimage_network_url": "{{ hpcsangrah_vault_network_url }}/OpenCHAI/hpcsuite_registry/provisioning_osimage/{{ os_version }}", "ssl_certificate_check": false, "xcatdata_base_config": "xcatdata_{{ os_version }}.tgz", "xcat_baseos": "{{ rhel_linux_label }}", "xcat_reporoot": "https://xcat.org/files/xcat/repos/yum", "xcat_core_type": "{{ '"'"'core-snap'"'"' if xcat_version == '"'"'devel'"'"' else '"'"'xcat-core'"'"' }}", "os_architecture": "{{ os_arch }}", "xcat_install_root": "{{ drbd_mount_dir }}/xcatdata/install/netboot", "registry_osimage_dir": "{{ base_dir }}/hpcsuite_registry/provisioning_osimage", "source_role": "netboot-compute", "target_role": "netboot-rudra-compute"}' --limit hpc-master01,hpc-master02
2026-07-28 17:41:08,683 [INFO] routes.logs: WS client connected for job 679d1094-67ce-4baf-9e05-9591912c399b
2026-07-28 17:41:08,706 [INFO] routes.logs: WS client connected for job 679d1094-67ce-4baf-9e05-9591912c399b
2026-07-28 17:41:08,972 [INFO] routes.logs: WS client disconnected from job 679d1094-67ce-4baf-9e05-9591912c399b
2026-07-28 17:41:08,972 [INFO] routes.logs: WS session for job 679d1094-67ce-4baf-9e05-9591912c399b closed
2026-07-28 17:42:42,915 [INFO] routes.logs: WS client connected for job 679d1094-67ce-4baf-9e05-9591912c399b
2026-07-28 17:43:49,870 [INFO] services.ansible_runner: Job 679d1094-67ce-4baf-9e05-9591912c399b finished rc=2 status=failed
2026-07-28 17:43:49,870 [INFO] routes.logs: WS session for job 679d1094-67ce-4baf-9e05-9591912c399b closed
2026-07-28 17:43:49,871 [INFO] routes.logs: WS session for job 679d1094-67ce-4baf-9e05-9591912c399b closed
2026-07-28 17:47:48,845 [INFO] routes.cluster_setup: Resolved inventory: /opt/OpenCHAI_Registry/july/OpenCHAI/automation/ansible/inventory/inventory_def.txt
2026-07-28 17:47:48,852 [INFO] services.ansible_runner: Normalized extra-vars: {'swarm_label_value': True, 'xCAT_reg_path': '{{ hpcsuite_registry_mount_path }}/container_img_reg/xCAT_reg', 'xcat_version': '{{ xcat_repo_version_tag }}', 'xcat_image': '{{ xcat_docker_img }}', 'xcat_container_img': '{{ xcat_container_img_tar }}', 'xcat_reg_network_url': '{{ hpcsangrah_vault_network_url }}/OpenCHAI/hpcsuite_registry/container_img_reg/{{ os_version }}/xCAT_reg/{{ xcat_version }}/{{ xcat_container_img }}', 'xcat_provisioning_osimage_network_url': '{{ hpcsangrah_vault_network_url }}/OpenCHAI/hpcsuite_registry/provisioning_osimage/{{ os_version }}', 'ssl_certificate_check': False, 'xcatdata_base_config': 'xcatdata_{{ os_version }}.tgz', 'xcat_baseos': '{{ rhel_linux_label }}', 'xcat_reporoot': 'https://xcat.org/files/xcat/repos/yum', 'xcat_core_type': "{{ 'core-snap' if xcat_version == 'devel' else 'xcat-core' }}", 'os_architecture': '{{ os_arch }}', 'xcat_install_root': '{{ drbd_mount_dir }}/xcatdata/install/netboot', 'registry_osimage_dir': '{{ base_dir }}/hpcsuite_registry/provisioning_osimage', 'source_role': 'netboot-compute', 'target_role': 'netboot-rudra-compute'}
2026-07-28 17:47:48,852 [WARNING] services.ansible_runner: inventory_path provided but ignored. Using ansible.cfg default inventory.
2026-07-28 17:47:48,853 [INFO] services.ansible_runner: Job ceea35a9-045e-4b3d-912e-f84af00a0407 | cwd=/opt/OpenCHAI_Registry/july/OpenCHAI/automation/ansible | cmd=ansible-playbook /opt/OpenCHAI_Registry/july/OpenCHAI/cluster_setup/ha_server_setup/hpc_master/phase5.1_provisioning_xcat.yml --user root --private-key /root/.ssh/id_rsa --extra-vars '{"swarm_label_value": true, "xCAT_reg_path": "{{ hpcsuite_registry_mount_path }}/container_img_reg/xCAT_reg", "xcat_version": "{{ xcat_repo_version_tag }}", "xcat_image": "{{ xcat_docker_img }}", "xcat_container_img": "{{ xcat_container_img_tar }}", "xcat_reg_network_url": "{{ hpcsangrah_vault_network_url }}/OpenCHAI/hpcsuite_registry/container_img_reg/{{ os_version }}/xCAT_reg/{{ xcat_version }}/{{ xcat_container_img }}", "xcat_provisioning_osimage_network_url": "{{ hpcsangrah_vault_network_url }}/OpenCHAI/hpcsuite_registry/provisioning_osimage/{{ os_version }}", "ssl_certificate_check": false, "xcatdata_base_config": "xcatdata_{{ os_version }}.tgz", "xcat_baseos": "{{ rhel_linux_label }}", "xcat_reporoot": "https://xcat.org/files/xcat/repos/yum", "xcat_core_type": "{{ '"'"'core-snap'"'"' if xcat_version == '"'"'devel'"'"' else '"'"'xcat-core'"'"' }}", "os_architecture": "{{ os_arch }}", "xcat_install_root": "{{ drbd_mount_dir }}/xcatdata/install/netboot", "registry_osimage_dir": "{{ base_dir }}/hpcsuite_registry/provisioning_osimage", "source_role": "netboot-compute", "target_role": "netboot-rudra-compute"}' --limit hpc-master01,hpc-master02
2026-07-28 17:47:48,887 [INFO] routes.logs: WS client connected for job ceea35a9-045e-4b3d-912e-f84af00a0407
2026-07-28 17:47:48,906 [INFO] routes.logs: WS client connected for job ceea35a9-045e-4b3d-912e-f84af00a0407
2026-07-28 17:47:49,180 [INFO] routes.logs: WS client disconnected from job ceea35a9-045e-4b3d-912e-f84af00a0407
2026-07-28 17:47:49,181 [INFO] routes.logs: WS session for job ceea35a9-045e-4b3d-912e-f84af00a0407 closed
2026-07-28 17:47:57,685 [INFO] routes.logs: WS client connected for job ceea35a9-045e-4b3d-912e-f84af00a0407
2026-07-28 17:50:34,770 [INFO] services.ansible_runner: Job ceea35a9-045e-4b3d-912e-f84af00a0407 finished rc=2 status=failed
2026-07-28 17:50:34,771 [INFO] routes.logs: WS session for job ceea35a9-045e-4b3d-912e-f84af00a0407 closed
2026-07-28 17:50:34,771 [INFO] routes.logs: WS session for job ceea35a9-045e-4b3d-912e-f84af00a0407 closed
2026-07-28 18:55:50,021 [INFO] openchai_gui: OpenCHAI GUI backend stopped (uptime 16689.1s)
2026-07-29 10:18:17,742 [INFO] services.state_manager: No existing state file — starting fresh.
2026-07-29 10:18:17,946 [INFO] openchai_gui: ============================================================
2026-07-29 10:18:17,946 [INFO] openchai_gui:   OpenCHAI GUI Backend starting
2026-07-29 10:18:17,946 [INFO] openchai_gui:   Python   : 3.9.25
2026-07-29 10:18:17,947 [INFO] openchai_gui:   Root     : /opt/OpenCHAI_Registry/july/OpenCHAI
2026-07-29 10:18:17,947 [INFO] openchai_gui:   Ansible  : /opt/OpenCHAI_Registry/july/OpenCHAI/automation/ansible
2026-07-29 10:18:17,947 [INFO] openchai_gui:   Routers  : 15 loaded
2026-07-29 10:18:17,947 [INFO] openchai_gui: ============================================================
2026-07-29 10:18:17,947 [INFO] openchai_gui.config: ───────────────────────────────────────────────────────
2026-07-29 10:18:17,947 [INFO] openchai_gui.config:   OpenCHAI GUI — Path Validation
2026-07-29 10:18:17,947 [INFO] openchai_gui.config: ───────────────────────────────────────────────────────
2026-07-29 10:18:17,947 [INFO] openchai_gui.config:   ✅  OPENCHAI_ROOT          /opt/OpenCHAI_Registry/july/OpenCHAI
2026-07-29 10:18:17,947 [INFO] openchai_gui.config:   ✅  ANSIBLE_DIR            /opt/OpenCHAI_Registry/july/OpenCHAI/automation/ansible
2026-07-29 10:18:17,947 [INFO] openchai_gui.config:   ✅  PLAYBOOK_LIBRARY       /opt/OpenCHAI_Registry/july/OpenCHAI/automation/ansible/playbook_library
2026-07-29 10:18:17,947 [WARNING] openchai_gui.config:   ⚠️   INVENTORY_PATH         /opt/OpenCHAI_Registry/july/OpenCHAI/automation/ansible/inventory/hosts.ini  (will be created when needed)
2026-07-29 10:18:17,947 [INFO] openchai_gui.config:   ✅  GROUP_VARS_DIR         /opt/OpenCHAI_Registry/july/OpenCHAI/automation/ansible/group_vars
2026-07-29 10:18:17,947 [INFO] openchai_gui.config:   ✅  ANSIBLE_CFG            /opt/OpenCHAI_Registry/july/OpenCHAI/automation/ansible/ansible.cfg
2026-07-29 10:18:17,947 [INFO] openchai_gui.config:   ✅  SSH_KEY                /root/.ssh/id_rsa
2026-07-29 10:18:17,947 [INFO] openchai_gui.config:   ✅  HOST_VARS_DIR          /opt/OpenCHAI_Registry/july/OpenCHAI/automation/ansible/inventory/host_vars
2026-07-29 10:18:17,947 [INFO] openchai_gui.config:   ✅  VAULT_PASSWORD_FILE    /opt/OpenCHAI_Registry/july/OpenCHAI/automation/ansible/.vault_pass
2026-07-29 10:18:17,947 [INFO] openchai_gui.config: ───────────────────────────────────────────────────────
2026-07-29 10:18:17,948 [INFO] services.vault_service: Vault readiness OK — ansible.cfg vault_password_file matches /opt/OpenCHAI_Registry/july/OpenCHAI/automation/ansible/.vault_pass
2026-07-29 10:18:17,949 [INFO] services.inventory_cli_bridge: Inventory bridge OK — using /opt/OpenCHAI_Registry/july/OpenCHAI/automation/ansible/inventory.py (inventory_file=/opt/OpenCHAI_Registry/july/OpenCHAI/automation/ansible/inventory/inventory_def.txt)
2026-07-29 10:21:46,559 [INFO] routes.auth: Login OK: user='root' role='admin' groups=['root', 'openchai-admins'] ip=127.0.0.1
2026-07-29 10:22:36,068 [INFO] routes.auth: Login OK: user='root' role='admin' groups=['root', 'openchai-admins'] ip=127.0.0.1
2026-07-29 10:23:01,109 [INFO] services.chai_release_service: Registry auth store updated (type=basic)
2026-07-29 10:23:01,147 [INFO] httpx: HTTP Request: GET https://hpcsangrah-test.pune.cdac.in/vault/OpenCHAI/hpcsuite_registry/hostmachine_reg/ "HTTP/1.1 200 OK"
2026-07-29 10:23:01,148 [INFO] routes.chai_release: Registry auth VALIDATED via /auth endpoint (type=basic)
2026-07-29 10:23:01,232 [INFO] httpx: HTTP Request: GET https://hpcsangrah-test.pune.cdac.in/vault/OpenCHAI/hpcsuite_registry/hostmachine_reg/ "HTTP/1.1 200 OK"
2026-07-29 10:23:08,543 [INFO] httpx: HTTP Request: GET https://hpcsangrah-test.pune.cdac.in/vault/OpenCHAI/hpcsuite_registry/hostmachine_reg/aarch64/ "HTTP/1.1 200 OK"
2026-07-29 10:23:08,545 [WARNING] routes.chai_release: Empty distributions for arch=aarch64 verify_ssl=None — check registry URL, credentials, and CHAI_VERIFY_SSL setting.
2026-07-29 10:23:10,130 [INFO] httpx: HTTP Request: GET https://hpcsangrah-test.pune.cdac.in/vault/OpenCHAI/hpcsuite_registry/hostmachine_reg/x86_64/ "HTTP/1.1 200 OK"
2026-07-29 10:23:13,899 [INFO] routes.chai_release: Listing versions for arch=x86_64 os_dist=rocky9.6 verify_ssl=None
2026-07-29 10:23:13,900 [INFO] services.chai_release_service: Fetching versions from: https://hpcsangrah-test.pune.cdac.in/vault/OpenCHAI/hpcsuite_registry/hostmachine_reg/x86_64/rocky9.6/
2026-07-29 10:23:13,921 [INFO] httpx: HTTP Request: GET https://hpcsangrah-test.pune.cdac.in/vault/OpenCHAI/hpcsuite_registry/hostmachine_reg/x86_64/rocky9.6/ "HTTP/1.1 200 OK"
2026-07-29 10:23:13,952 [INFO] httpx: HTTP Request: HEAD https://hpcsangrah-test.pune.cdac.in/vault/OpenCHAI/hpcsuite_registry/hostmachine_reg/x86_64/rocky9.6/openchai_base_v1.25.0.tgz "HTTP/1.1 200 OK"
2026-07-29 10:23:13,955 [INFO] httpx: HTTP Request: HEAD https://hpcsangrah-test.pune.cdac.in/vault/OpenCHAI/hpcsuite_registry/hostmachine_reg/x86_64/rocky9.6/openchai_hpc_addon_v1.25.0.tgz "HTTP/1.1 200 OK"
2026-07-29 10:23:13,956 [INFO] httpx: HTTP Request: HEAD https://hpcsangrah-test.pune.cdac.in/vault/OpenCHAI/hpcsuite_registry/hostmachine_reg/x86_64/rocky9.6/openchai_mldl_addon_v1.25.0.tgz "HTTP/1.1 200 OK"
2026-07-29 10:23:13,958 [INFO] httpx: HTTP Request: HEAD https://hpcsangrah-test.pune.cdac.in/vault/OpenCHAI/hpcsuite_registry/hostmachine_reg/x86_64/rocky9.6/openchai_sm_v1.25.0.tgz "HTTP/1.1 200 OK"
2026-07-29 10:24:51,065 [INFO] routes.cluster_setup: Resolved inventory: /opt/OpenCHAI_Registry/july/OpenCHAI/automation/ansible/inventory/inventory_def.txt
2026-07-29 10:24:51,072 [INFO] services.ansible_runner: Normalized extra-vars: {'swarm_label_value': True, 'xCAT_reg_path': '{{ hpcsuite_registry_mount_path }}/container_img_reg/xCAT_reg', 'xcat_version': '{{ xcat_repo_version_tag }}', 'xcat_image': '{{ xcat_docker_img }}', 'xcat_container_img': '{{ xcat_container_img_tar }}', 'xcat_reg_network_url': '{{ hpcsangrah_vault_network_url }}/OpenCHAI/hpcsuite_registry/container_img_reg/{{ os_version }}/xCAT_reg/{{ xcat_version }}/{{ xcat_container_img }}', 'xcat_provisioning_osimage_network_url': '{{ hpcsangrah_vault_network_url }}/OpenCHAI/hpcsuite_registry/provisioning_osimage/{{ os_version }}', 'ssl_certificate_check': False, 'xcatdata_base_config': 'xcatdata_{{ os_version }}.tgz', 'xcat_baseos': '{{ rhel_linux_label }}', 'xcat_reporoot': 'https://xcat.org/files/xcat/repos/yum', 'xcat_core_type': "{{ 'core-snap' if xcat_version == 'devel' else 'xcat-core' }}", 'os_architecture': '{{ os_arch }}', 'xcat_install_root': '{{ drbd_mount_dir }}/xcatdata/install/netboot', 'registry_osimage_dir': '{{ base_dir }}/hpcsuite_registry/provisioning_osimage', 'source_role': 'netboot-compute', 'target_role': 'netboot-rudra-compute'}
2026-07-29 10:24:51,073 [WARNING] services.ansible_runner: inventory_path provided but ignored. Using ansible.cfg default inventory.
2026-07-29 10:24:51,073 [INFO] services.ansible_runner: Job 3b06d06e-9984-4944-8fca-ae8d97702320 | cwd=/opt/OpenCHAI_Registry/july/OpenCHAI/automation/ansible | cmd=ansible-playbook /opt/OpenCHAI_Registry/july/OpenCHAI/cluster_setup/ha_server_setup/hpc_master/phase5.1_provisioning_xcat.yml --user root --private-key /root/.ssh/id_rsa --extra-vars '{"swarm_label_value": true, "xCAT_reg_path": "{{ hpcsuite_registry_mount_path }}/container_img_reg/xCAT_reg", "xcat_version": "{{ xcat_repo_version_tag }}", "xcat_image": "{{ xcat_docker_img }}", "xcat_container_img": "{{ xcat_container_img_tar }}", "xcat_reg_network_url": "{{ hpcsangrah_vault_network_url }}/OpenCHAI/hpcsuite_registry/container_img_reg/{{ os_version }}/xCAT_reg/{{ xcat_version }}/{{ xcat_container_img }}", "xcat_provisioning_osimage_network_url": "{{ hpcsangrah_vault_network_url }}/OpenCHAI/hpcsuite_registry/provisioning_osimage/{{ os_version }}", "ssl_certificate_check": false, "xcatdata_base_config": "xcatdata_{{ os_version }}.tgz", "xcat_baseos": "{{ rhel_linux_label }}", "xcat_reporoot": "https://xcat.org/files/xcat/repos/yum", "xcat_core_type": "{{ '"'"'core-snap'"'"' if xcat_version == '"'"'devel'"'"' else '"'"'xcat-core'"'"' }}", "os_architecture": "{{ os_arch }}", "xcat_install_root": "{{ drbd_mount_dir }}/xcatdata/install/netboot", "registry_osimage_dir": "{{ base_dir }}/hpcsuite_registry/provisioning_osimage", "source_role": "netboot-compute", "target_role": "netboot-rudra-compute"}' --limit hpc-master01,hpc-master02
2026-07-29 10:24:51,150 [INFO] routes.logs: WS client connected for job 3b06d06e-9984-4944-8fca-ae8d97702320
2026-07-29 10:24:51,157 [INFO] routes.logs: WS client connected for job 3b06d06e-9984-4944-8fca-ae8d97702320
2026-07-29 10:24:51,404 [INFO] routes.logs: WS client disconnected from job 3b06d06e-9984-4944-8fca-ae8d97702320
2026-07-29 10:24:51,404 [INFO] routes.logs: WS session for job 3b06d06e-9984-4944-8fca-ae8d97702320 closed
2026-07-29 10:24:59,389 [INFO] routes.logs: WS client connected for job 3b06d06e-9984-4944-8fca-ae8d97702320
2026-07-29 10:25:13,654 [INFO] routes.chai_release: Listing releases for arch=x86_64 os_dist=rocky9.6 version=openchai_ha_full_v1.25.0
2026-07-29 10:25:13,655 [INFO] services.chai_release_service: Fetching releases from: https://hpcsangrah-test.pune.cdac.in/vault/OpenCHAI/hpcsuite_registry/hostmachine_reg/x86_64/rocky9.6/openchai_ha_full_v1.25.0/
2026-07-29 10:25:13,677 [INFO] httpx: HTTP Request: GET https://hpcsangrah-test.pune.cdac.in/vault/OpenCHAI/hpcsuite_registry/hostmachine_reg/x86_64/rocky9.6/openchai_ha_full_v1.25.0/ "HTTP/1.1 404 Not Found"
2026-07-29 10:25:13,678 [WARNING] services.chai_release_service: HTTP 404 fetching https://hpcsangrah-test.pune.cdac.in/vault/OpenCHAI/hpcsuite_registry/hostmachine_reg/x86_64/rocky9.6/openchai_ha_full_v1.25.0/ (path not found)
2026-07-29 10:25:15,134 [INFO] services.chai_release_service: [job:a30a8c22-5177-445d-a00b-a0c59e7a7ebd] ============================================================
2026-07-29 10:25:15,134 [INFO] services.chai_release_service: [job:a30a8c22-5177-445d-a00b-a0c59e7a7ebd]   OpenCHAI CHAI Release Setup
2026-07-29 10:25:15,134 [INFO] services.chai_release_service: [job:a30a8c22-5177-445d-a00b-a0c59e7a7ebd] ============================================================
2026-07-29 10:25:15,135 [INFO] services.chai_release_service: [job:a30a8c22-5177-445d-a00b-a0c59e7a7ebd] ✔  Registry already present: openchai_ha_full_v1.25.0
2026-07-29 10:25:15,135 [INFO] services.chai_release_service: [job:a30a8c22-5177-445d-a00b-a0c59e7a7ebd] ✅ Registry validated: /opt/OpenCHAI_Registry/july/OpenCHAI/hpcsuite_registry/hostmachine_reg/x86_64/rocky9.6/openchai_ha_full_v1.25.0
2026-07-29 10:25:15,135 [INFO] services.chai_release_service: [job:a30a8c22-5177-445d-a00b-a0c59e7a7ebd] 
── Updating configuration files ──
2026-07-29 10:25:15,139 [INFO] services.chai_release_service: [job:a30a8c22-5177-445d-a00b-a0c59e7a7ebd] ✅ Updated: /opt/OpenCHAI_Registry/july/OpenCHAI/automation/ansible/group_vars/all.yml
2026-07-29 10:25:15,140 [INFO] services.chai_release_service: [job:a30a8c22-5177-445d-a00b-a0c59e7a7ebd] ✅ Updated: /opt/OpenCHAI_Registry/july/OpenCHAI/automation/ansible/ansible.cfg
2026-07-29 10:25:15,141 [INFO] services.chai_release_service: [job:a30a8c22-5177-445d-a00b-a0c59e7a7ebd] ✅ Backup created: /etc/ansible/ansible.cfg.bak
2026-07-29 10:25:15,142 [INFO] services.chai_release_service: [job:a30a8c22-5177-445d-a00b-a0c59e7a7ebd] ✅ Copied /opt/OpenCHAI_Registry/july/OpenCHAI/automation/ansible/ansible.cfg -> /etc/ansible/ansible.cfg
2026-07-29 10:25:15,142 [INFO] services.chai_release_service: [job:a30a8c22-5177-445d-a00b-a0c59e7a7ebd] ✅ Updated: /opt/OpenCHAI_Registry/july/OpenCHAI/automation/ansible/inventory/inventory.sh
2026-07-29 10:25:15,142 [INFO] services.chai_release_service: [job:a30a8c22-5177-445d-a00b-a0c59e7a7ebd] ✅ Updated inventory.sh: /opt/OpenCHAI_Registry/july/OpenCHAI/automation/ansible/inventory/inventory.sh
2026-07-29 10:25:15,143 [INFO] services.chai_release_service: [job:a30a8c22-5177-445d-a00b-a0c59e7a7ebd] ✅ CHAI Release setup complete!
2026-07-29 10:25:15,181 [INFO] routes.logs: WS client connected for job a30a8c22-5177-445d-a00b-a0c59e7a7ebd
2026-07-29 10:25:49,233 [INFO] routes.cluster_setup: Resolved inventory: /opt/OpenCHAI_Registry/july/OpenCHAI/automation/ansible/inventory/inventory_def.txt
2026-07-29 10:25:49,240 [INFO] services.ansible_runner: Normalized extra-vars: {'swarm_label_value': True, 'xCAT_reg_path': '{{ hpcsuite_registry_mount_path }}/container_img_reg/xCAT_reg', 'xcat_version': '{{ xcat_repo_version_tag }}', 'xcat_image': '{{ xcat_docker_img }}', 'xcat_container_img': '{{ xcat_container_img_tar }}', 'xcat_reg_network_url': '{{ hpcsangrah_vault_network_url }}/OpenCHAI/hpcsuite_registry/container_img_reg/{{ os_version }}/xCAT_reg/{{ xcat_version }}/{{ xcat_container_img }}', 'xcat_provisioning_osimage_network_url': '{{ hpcsangrah_vault_network_url }}/OpenCHAI/hpcsuite_registry/provisioning_osimage/{{ os_version }}', 'ssl_certificate_check': False, 'xcatdata_base_config': 'xcatdata_{{ os_version }}.tgz', 'xcat_baseos': '{{ rhel_linux_label }}', 'xcat_reporoot': 'https://xcat.org/files/xcat/repos/yum', 'xcat_core_type': "{{ 'core-snap' if xcat_version == 'devel' else 'xcat-core' }}", 'os_architecture': '{{ os_arch }}', 'xcat_install_root': '{{ drbd_mount_dir }}/xcatdata/install/netboot', 'registry_osimage_dir': '{{ base_dir }}/hpcsuite_registry/provisioning_osimage', 'source_role': 'netboot-compute', 'target_role': 'netboot-rudra-compute'}
2026-07-29 10:25:49,241 [WARNING] services.ansible_runner: inventory_path provided but ignored. Using ansible.cfg default inventory.
2026-07-29 10:25:49,241 [INFO] services.ansible_runner: Job d9e434c2-4392-45b1-b4a1-2055459e63c0 | cwd=/opt/OpenCHAI_Registry/july/OpenCHAI/automation/ansible | cmd=ansible-playbook /opt/OpenCHAI_Registry/july/OpenCHAI/cluster_setup/ha_server_setup/hpc_master/phase5.1_provisioning_xcat.yml --user root --private-key /root/.ssh/id_rsa --extra-vars '{"swarm_label_value": true, "xCAT_reg_path": "{{ hpcsuite_registry_mount_path }}/container_img_reg/xCAT_reg", "xcat_version": "{{ xcat_repo_version_tag }}", "xcat_image": "{{ xcat_docker_img }}", "xcat_container_img": "{{ xcat_container_img_tar }}", "xcat_reg_network_url": "{{ hpcsangrah_vault_network_url }}/OpenCHAI/hpcsuite_registry/container_img_reg/{{ os_version }}/xCAT_reg/{{ xcat_version }}/{{ xcat_container_img }}", "xcat_provisioning_osimage_network_url": "{{ hpcsangrah_vault_network_url }}/OpenCHAI/hpcsuite_registry/provisioning_osimage/{{ os_version }}", "ssl_certificate_check": false, "xcatdata_base_config": "xcatdata_{{ os_version }}.tgz", "xcat_baseos": "{{ rhel_linux_label }}", "xcat_reporoot": "https://xcat.org/files/xcat/repos/yum", "xcat_core_type": "{{ '"'"'core-snap'"'"' if xcat_version == '"'"'devel'"'"' else '"'"'xcat-core'"'"' }}", "os_architecture": "{{ os_arch }}", "xcat_install_root": "{{ drbd_mount_dir }}/xcatdata/install/netboot", "registry_osimage_dir": "{{ base_dir }}/hpcsuite_registry/provisioning_osimage", "source_role": "netboot-compute", "target_role": "netboot-rudra-compute"}' --limit hpc-master01,hpc-master02
2026-07-29 10:25:49,288 [INFO] routes.logs: WS client connected for job d9e434c2-4392-45b1-b4a1-2055459e63c0
2026-07-29 10:25:49,382 [INFO] routes.logs: WS client connected for job d9e434c2-4392-45b1-b4a1-2055459e63c0
2026-07-29 10:25:49,574 [INFO] routes.logs: WS client disconnected from job d9e434c2-4392-45b1-b4a1-2055459e63c0
2026-07-29 10:25:49,575 [INFO] routes.logs: WS session for job d9e434c2-4392-45b1-b4a1-2055459e63c0 closed
2026-07-29 10:27:15,203 [INFO] routes.logs: WS client connected for job 3b06d06e-9984-4944-8fca-ae8d97702320
2026-07-29 10:27:42,896 [INFO] services.ansible_runner: Job 3b06d06e-9984-4944-8fca-ae8d97702320 finished rc=2 status=failed
2026-07-29 10:27:42,897 [INFO] routes.logs: WS session for job 3b06d06e-9984-4944-8fca-ae8d97702320 closed
2026-07-29 10:27:42,897 [INFO] routes.logs: WS session for job 3b06d06e-9984-4944-8fca-ae8d97702320 closed
2026-07-29 10:27:42,898 [INFO] routes.logs: WS session for job 3b06d06e-9984-4944-8fca-ae8d97702320 closed
2026-07-29 10:28:31,271 [INFO] routes.logs: WS client connected for job d9e434c2-4392-45b1-b4a1-2055459e63c0
2026-07-29 10:28:32,995 [INFO] services.ansible_runner: Job d9e434c2-4392-45b1-b4a1-2055459e63c0 finished rc=2 status=failed
2026-07-29 10:28:32,995 [INFO] routes.logs: WS session for job d9e434c2-4392-45b1-b4a1-2055459e63c0 closed
2026-07-29 10:28:32,996 [INFO] routes.logs: WS session for job d9e434c2-4392-45b1-b4a1-2055459e63c0 closed
2026-07-29 10:28:48,147 [INFO] routes.cluster_setup: Resolved inventory: /opt/OpenCHAI_Registry/july/OpenCHAI/automation/ansible/inventory/inventory_def.txt
2026-07-29 10:28:48,154 [INFO] services.ansible_runner: Normalized extra-vars: {'swarm_label_value': True, 'xCAT_reg_path': '{{ hpcsuite_registry_mount_path }}/container_img_reg/xCAT_reg', 'xcat_version': '{{ xcat_repo_version_tag }}', 'xcat_image': '{{ xcat_docker_img }}', 'xcat_container_img': '{{ xcat_container_img_tar }}', 'xcat_reg_network_url': '{{ hpcsangrah_vault_network_url }}/OpenCHAI/hpcsuite_registry/container_img_reg/{{ os_version }}/xCAT_reg/{{ xcat_version }}/{{ xcat_container_img }}', 'xcat_provisioning_osimage_network_url': '{{ hpcsangrah_vault_network_url }}/OpenCHAI/hpcsuite_registry/provisioning_osimage/{{ os_version }}', 'ssl_certificate_check': False, 'xcatdata_base_config': 'xcatdata_{{ os_version }}.tgz', 'xcat_baseos': '{{ rhel_linux_label }}', 'xcat_reporoot': 'https://xcat.org/files/xcat/repos/yum', 'xcat_core_type': "{{ 'core-snap' if xcat_version == 'devel' else 'xcat-core' }}", 'os_architecture': '{{ os_arch }}', 'xcat_install_root': '{{ drbd_mount_dir }}/xcatdata/install/netboot', 'registry_osimage_dir': '{{ base_dir }}/hpcsuite_registry/provisioning_osimage', 'source_role': 'netboot-compute', 'target_role': 'netboot-rudra-compute'}
2026-07-29 10:28:48,155 [WARNING] services.ansible_runner: inventory_path provided but ignored. Using ansible.cfg default inventory.
2026-07-29 10:28:48,155 [INFO] services.ansible_runner: Job 0e7d3f39-b56a-49a0-8033-aed32ec6ed2a | cwd=/opt/OpenCHAI_Registry/july/OpenCHAI/automation/ansible | cmd=ansible-playbook /opt/OpenCHAI_Registry/july/OpenCHAI/cluster_setup/ha_server_setup/hpc_master/phase5.1_provisioning_xcat.yml --user root --private-key /root/.ssh/id_rsa --extra-vars '{"swarm_label_value": true, "xCAT_reg_path": "{{ hpcsuite_registry_mount_path }}/container_img_reg/xCAT_reg", "xcat_version": "{{ xcat_repo_version_tag }}", "xcat_image": "{{ xcat_docker_img }}", "xcat_container_img": "{{ xcat_container_img_tar }}", "xcat_reg_network_url": "{{ hpcsangrah_vault_network_url }}/OpenCHAI/hpcsuite_registry/container_img_reg/{{ os_version }}/xCAT_reg/{{ xcat_version }}/{{ xcat_container_img }}", "xcat_provisioning_osimage_network_url": "{{ hpcsangrah_vault_network_url }}/OpenCHAI/hpcsuite_registry/provisioning_osimage/{{ os_version }}", "ssl_certificate_check": false, "xcatdata_base_config": "xcatdata_{{ os_version }}.tgz", "xcat_baseos": "{{ rhel_linux_label }}", "xcat_reporoot": "https://xcat.org/files/xcat/repos/yum", "xcat_core_type": "{{ '"'"'core-snap'"'"' if xcat_version == '"'"'devel'"'"' else '"'"'xcat-core'"'"' }}", "os_architecture": "{{ os_arch }}", "xcat_install_root": "{{ drbd_mount_dir }}/xcatdata/install/netboot", "registry_osimage_dir": "{{ base_dir }}/hpcsuite_registry/provisioning_osimage", "source_role": "netboot-compute", "target_role": "netboot-rudra-compute"}' --limit hpc-master01,hpc-master02
2026-07-29 10:28:48,199 [INFO] routes.logs: WS client connected for job 0e7d3f39-b56a-49a0-8033-aed32ec6ed2a
2026-07-29 10:29:00,331 [INFO] routes.logs: WS client connected for job 0e7d3f39-b56a-49a0-8033-aed32ec6ed2a
2026-07-29 10:31:28,605 [INFO] services.ansible_runner: Job 0e7d3f39-b56a-49a0-8033-aed32ec6ed2a finished rc=2 status=failed
2026-07-29 10:31:28,605 [INFO] routes.logs: WS session for job 0e7d3f39-b56a-49a0-8033-aed32ec6ed2a closed
2026-07-29 10:31:28,606 [INFO] routes.logs: WS session for job 0e7d3f39-b56a-49a0-8033-aed32ec6ed2a closed
2026-07-29 10:38:53,365 [WARNING] inventory: Vault password file /opt/OpenCHAI_Registry/july/OpenCHAI/automation/ansible/.vault_pass has loose permissions (644). Recommended: chmod 600.
2026-07-29 10:39:47,248 [INFO] routes.cluster_setup: Resolved inventory: /opt/OpenCHAI_Registry/july/OpenCHAI/automation/ansible/inventory/inventory_def.txt
2026-07-29 10:39:47,257 [INFO] services.ansible_runner: Normalized extra-vars: {'swarm_label_value': True, 'xCAT_reg_path': '{{ hpcsuite_registry_mount_path }}/container_img_reg/xCAT_reg', 'xcat_version': '{{ xcat_repo_version_tag }}', 'xcat_image': '{{ xcat_docker_img }}', 'xcat_container_img': '{{ xcat_container_img_tar }}', 'xcat_reg_network_url': '{{ hpcsangrah_vault_network_url }}/OpenCHAI/hpcsuite_registry/container_img_reg/{{ os_version }}/xCAT_reg/{{ xcat_version }}/{{ xcat_container_img }}', 'xcat_provisioning_osimage_network_url': '{{ hpcsangrah_vault_network_url }}/OpenCHAI/hpcsuite_registry/provisioning_osimage/{{ os_version }}', 'ssl_certificate_check': False, 'xcatdata_base_config': 'xcatdata_{{ os_version }}.tgz', 'xcat_baseos': '{{ rhel_linux_label }}', 'xcat_reporoot': 'https://xcat.org/files/xcat/repos/yum', 'xcat_core_type': "{{ 'core-snap' if xcat_version == 'devel' else 'xcat-core' }}", 'os_architecture': '{{ os_arch }}', 'xcat_install_root': '{{ drbd_mount_dir }}/xcatdata/install/netboot', 'registry_osimage_dir': '{{ base_dir }}/hpcsuite_registry/provisioning_osimage', 'source_role': 'netboot-compute', 'target_role': 'netboot-rudra-compute'}
2026-07-29 10:39:47,257 [WARNING] services.ansible_runner: inventory_path provided but ignored. Using ansible.cfg default inventory.
2026-07-29 10:39:47,258 [INFO] services.ansible_runner: Job 080a3083-4095-480e-9b0e-77a1ef8827c4 | cwd=/opt/OpenCHAI_Registry/july/OpenCHAI/automation/ansible | cmd=ansible-playbook /opt/OpenCHAI_Registry/july/OpenCHAI/cluster_setup/ha_server_setup/hpc_master/phase5.1_provisioning_xcat.yml --user root --private-key /root/.ssh/id_rsa --extra-vars '{"swarm_label_value": true, "xCAT_reg_path": "{{ hpcsuite_registry_mount_path }}/container_img_reg/xCAT_reg", "xcat_version": "{{ xcat_repo_version_tag }}", "xcat_image": "{{ xcat_docker_img }}", "xcat_container_img": "{{ xcat_container_img_tar }}", "xcat_reg_network_url": "{{ hpcsangrah_vault_network_url }}/OpenCHAI/hpcsuite_registry/container_img_reg/{{ os_version }}/xCAT_reg/{{ xcat_version }}/{{ xcat_container_img }}", "xcat_provisioning_osimage_network_url": "{{ hpcsangrah_vault_network_url }}/OpenCHAI/hpcsuite_registry/provisioning_osimage/{{ os_version }}", "ssl_certificate_check": false, "xcatdata_base_config": "xcatdata_{{ os_version }}.tgz", "xcat_baseos": "{{ rhel_linux_label }}", "xcat_reporoot": "https://xcat.org/files/xcat/repos/yum", "xcat_core_type": "{{ '"'"'core-snap'"'"' if xcat_version == '"'"'devel'"'"' else '"'"'xcat-core'"'"' }}", "os_architecture": "{{ os_arch }}", "xcat_install_root": "{{ drbd_mount_dir }}/xcatdata/install/netboot", "registry_osimage_dir": "{{ base_dir }}/hpcsuite_registry/provisioning_osimage", "source_role": "netboot-compute", "target_role": "netboot-rudra-compute"}' --limit hpc-master01,hpc-master02
2026-07-29 10:39:47,330 [INFO] routes.logs: WS client connected for job 080a3083-4095-480e-9b0e-77a1ef8827c4
2026-07-29 10:39:47,333 [INFO] routes.logs: WS client connected for job 080a3083-4095-480e-9b0e-77a1ef8827c4
2026-07-29 10:39:47,588 [INFO] routes.logs: WS client disconnected from job 080a3083-4095-480e-9b0e-77a1ef8827c4
2026-07-29 10:39:47,588 [INFO] routes.logs: WS session for job 080a3083-4095-480e-9b0e-77a1ef8827c4 closed
2026-07-29 10:40:50,443 [INFO] routes.logs: WS client connected for job 080a3083-4095-480e-9b0e-77a1ef8827c4
2026-07-29 10:42:32,869 [INFO] services.ansible_runner: Job 080a3083-4095-480e-9b0e-77a1ef8827c4 finished rc=2 status=failed
2026-07-29 10:42:32,870 [INFO] routes.logs: WS session for job 080a3083-4095-480e-9b0e-77a1ef8827c4 closed
2026-07-29 10:42:32,870 [INFO] routes.logs: WS session for job 080a3083-4095-480e-9b0e-77a1ef8827c4 closed
2026-07-29 10:43:57,742 [INFO] routes.cluster_setup: Resolved inventory: /opt/OpenCHAI_Registry/july/OpenCHAI/automation/ansible/inventory/inventory_def.txt
2026-07-29 10:43:57,750 [INFO] services.ansible_runner: Normalized extra-vars: {'swarm_label_value': True, 'xCAT_reg_path': '{{ hpcsuite_registry_mount_path }}/container_img_reg/xCAT_reg', 'xcat_version': '{{ xcat_repo_version_tag }}', 'xcat_image': '{{ xcat_docker_img }}', 'xcat_container_img': '{{ xcat_container_img_tar }}', 'xcat_reg_network_url': '{{ hpcsangrah_vault_network_url }}/OpenCHAI/hpcsuite_registry/container_img_reg/{{ os_version }}/xCAT_reg/{{ xcat_version }}/{{ xcat_container_img }}', 'xcat_provisioning_osimage_network_url': '{{ hpcsangrah_vault_network_url }}/OpenCHAI/hpcsuite_registry/provisioning_osimage/{{ os_version }}', 'ssl_certificate_check': False, 'xcatdata_base_config': 'xcatdata_{{ os_version }}.tgz', 'xcat_baseos': '{{ rhel_linux_label }}', 'xcat_reporoot': 'https://xcat.org/files/xcat/repos/yum', 'xcat_core_type': "{{ 'core-snap' if xcat_version == 'devel' else 'xcat-core' }}", 'os_architecture': '{{ os_arch }}', 'xcat_install_root': '{{ drbd_mount_dir }}/xcatdata/install/netboot', 'registry_osimage_dir': '{{ base_dir }}/hpcsuite_registry/provisioning_osimage', 'source_role': 'netboot-compute', 'target_role': 'netboot-rudra-compute'}
2026-07-29 10:43:57,750 [WARNING] services.ansible_runner: inventory_path provided but ignored. Using ansible.cfg default inventory.
2026-07-29 10:43:57,751 [INFO] services.ansible_runner: Job 04ca482d-d6b2-46b5-9ba3-4b03edee6d81 | cwd=/opt/OpenCHAI_Registry/july/OpenCHAI/automation/ansible | cmd=ansible-playbook /opt/OpenCHAI_Registry/july/OpenCHAI/cluster_setup/ha_server_setup/hpc_master/phase5.1_provisioning_xcat.yml --user root --private-key /root/.ssh/id_rsa --extra-vars '{"swarm_label_value": true, "xCAT_reg_path": "{{ hpcsuite_registry_mount_path }}/container_img_reg/xCAT_reg", "xcat_version": "{{ xcat_repo_version_tag }}", "xcat_image": "{{ xcat_docker_img }}", "xcat_container_img": "{{ xcat_container_img_tar }}", "xcat_reg_network_url": "{{ hpcsangrah_vault_network_url }}/OpenCHAI/hpcsuite_registry/container_img_reg/{{ os_version }}/xCAT_reg/{{ xcat_version }}/{{ xcat_container_img }}", "xcat_provisioning_osimage_network_url": "{{ hpcsangrah_vault_network_url }}/OpenCHAI/hpcsuite_registry/provisioning_osimage/{{ os_version }}", "ssl_certificate_check": false, "xcatdata_base_config": "xcatdata_{{ os_version }}.tgz", "xcat_baseos": "{{ rhel_linux_label }}", "xcat_reporoot": "https://xcat.org/files/xcat/repos/yum", "xcat_core_type": "{{ '"'"'core-snap'"'"' if xcat_version == '"'"'devel'"'"' else '"'"'xcat-core'"'"' }}", "os_architecture": "{{ os_arch }}", "xcat_install_root": "{{ drbd_mount_dir }}/xcatdata/install/netboot", "registry_osimage_dir": "{{ base_dir }}/hpcsuite_registry/provisioning_osimage", "source_role": "netboot-compute", "target_role": "netboot-rudra-compute"}' --limit hpc-master01,hpc-master02
2026-07-29 10:43:57,790 [INFO] routes.logs: WS client connected for job 04ca482d-d6b2-46b5-9ba3-4b03edee6d81
2026-07-29 10:43:57,803 [INFO] routes.logs: WS client connected for job 04ca482d-d6b2-46b5-9ba3-4b03edee6d81
2026-07-29 10:43:58,083 [INFO] routes.logs: WS client disconnected from job 04ca482d-d6b2-46b5-9ba3-4b03edee6d81
2026-07-29 10:43:58,084 [INFO] routes.logs: WS session for job 04ca482d-d6b2-46b5-9ba3-4b03edee6d81 closed
2026-07-29 10:44:13,515 [INFO] routes.logs: WS client connected for job 04ca482d-d6b2-46b5-9ba3-4b03edee6d81
2026-07-29 10:46:36,448 [INFO] services.ansible_runner: Job 04ca482d-d6b2-46b5-9ba3-4b03edee6d81 finished rc=2 status=failed
2026-07-29 10:46:36,448 [INFO] routes.logs: WS session for job 04ca482d-d6b2-46b5-9ba3-4b03edee6d81 closed
2026-07-29 10:46:36,449 [INFO] routes.logs: WS session for job 04ca482d-d6b2-46b5-9ba3-4b03edee6d81 closed
2026-07-29 10:52:54,811 [INFO] routes.cluster_setup: Resolved inventory: /opt/OpenCHAI_Registry/july/OpenCHAI/automation/ansible/inventory/inventory_def.txt
2026-07-29 10:52:54,819 [INFO] services.ansible_runner: Normalized extra-vars: {'swarm_label_value': True, 'xCAT_reg_path': '{{ hpcsuite_registry_mount_path }}/container_img_reg/xCAT_reg', 'xcat_version': '{{ xcat_repo_version_tag }}', 'xcat_image': '{{ xcat_docker_img }}', 'xcat_container_img': '{{ xcat_container_img_tar }}', 'xcat_reg_network_url': '{{ hpcsangrah_vault_network_url }}/OpenCHAI/hpcsuite_registry/container_img_reg/{{ os_version }}/xCAT_reg/{{ xcat_version }}/{{ xcat_container_img }}', 'xcat_provisioning_osimage_network_url': '{{ hpcsangrah_vault_network_url }}/OpenCHAI/hpcsuite_registry/provisioning_osimage/{{ os_version }}', 'ssl_certificate_check': False, 'xcatdata_base_config': 'xcatdata_{{ os_version }}.tgz', 'xcat_baseos': '{{ rhel_linux_label }}', 'xcat_reporoot': 'https://xcat.org/files/xcat/repos/yum', 'xcat_core_type': "{{ 'core-snap' if xcat_version == 'devel' else 'xcat-core' }}", 'os_architecture': '{{ os_arch }}', 'xcat_install_root': '{{ drbd_mount_dir }}/xcatdata/install/netboot', 'registry_osimage_dir': '{{ base_dir }}/hpcsuite_registry/provisioning_osimage', 'source_role': 'netboot-compute', 'target_role': 'netboot-rudra-compute'}
2026-07-29 10:52:54,819 [WARNING] services.ansible_runner: inventory_path provided but ignored. Using ansible.cfg default inventory.
2026-07-29 10:52:54,820 [INFO] services.ansible_runner: Job a97d10ab-20cf-4337-a83a-36b73894afc7 | cwd=/opt/OpenCHAI_Registry/july/OpenCHAI/automation/ansible | cmd=ansible-playbook /opt/OpenCHAI_Registry/july/OpenCHAI/cluster_setup/ha_server_setup/hpc_master/phase5.1_provisioning_xcat.yml --user root --private-key /root/.ssh/id_rsa --extra-vars '{"swarm_label_value": true, "xCAT_reg_path": "{{ hpcsuite_registry_mount_path }}/container_img_reg/xCAT_reg", "xcat_version": "{{ xcat_repo_version_tag }}", "xcat_image": "{{ xcat_docker_img }}", "xcat_container_img": "{{ xcat_container_img_tar }}", "xcat_reg_network_url": "{{ hpcsangrah_vault_network_url }}/OpenCHAI/hpcsuite_registry/container_img_reg/{{ os_version }}/xCAT_reg/{{ xcat_version }}/{{ xcat_container_img }}", "xcat_provisioning_osimage_network_url": "{{ hpcsangrah_vault_network_url }}/OpenCHAI/hpcsuite_registry/provisioning_osimage/{{ os_version }}", "ssl_certificate_check": false, "xcatdata_base_config": "xcatdata_{{ os_version }}.tgz", "xcat_baseos": "{{ rhel_linux_label }}", "xcat_reporoot": "https://xcat.org/files/xcat/repos/yum", "xcat_core_type": "{{ '"'"'core-snap'"'"' if xcat_version == '"'"'devel'"'"' else '"'"'xcat-core'"'"' }}", "os_architecture": "{{ os_arch }}", "xcat_install_root": "{{ drbd_mount_dir }}/xcatdata/install/netboot", "registry_osimage_dir": "{{ base_dir }}/hpcsuite_registry/provisioning_osimage", "source_role": "netboot-compute", "target_role": "netboot-rudra-compute"}' --limit hpc-master01,hpc-master02
2026-07-29 10:52:54,858 [INFO] routes.logs: WS client connected for job a97d10ab-20cf-4337-a83a-36b73894afc7
2026-07-29 10:52:54,887 [INFO] routes.logs: WS client connected for job a97d10ab-20cf-4337-a83a-36b73894afc7
2026-07-29 10:52:55,151 [INFO] routes.logs: WS client disconnected from job a97d10ab-20cf-4337-a83a-36b73894afc7
2026-07-29 10:52:55,152 [INFO] routes.logs: WS session for job a97d10ab-20cf-4337-a83a-36b73894afc7 closed
2026-07-29 10:52:59,558 [INFO] routes.logs: WS client connected for job a97d10ab-20cf-4337-a83a-36b73894afc7
2026-07-29 10:53:05,060 [INFO] routes.logs: WS client connected for job a97d10ab-20cf-4337-a83a-36b73894afc7
2026-07-29 10:55:37,985 [INFO] services.ansible_runner: Job a97d10ab-20cf-4337-a83a-36b73894afc7 finished rc=2 status=failed
2026-07-29 10:55:37,986 [INFO] routes.logs: WS session for job a97d10ab-20cf-4337-a83a-36b73894afc7 closed
2026-07-29 10:55:37,986 [INFO] routes.logs: WS session for job a97d10ab-20cf-4337-a83a-36b73894afc7 closed
2026-07-29 10:55:37,987 [INFO] routes.logs: WS session for job a97d10ab-20cf-4337-a83a-36b73894afc7 closed
2026-07-29 10:59:38,857 [INFO] routes.cluster_setup: Resolved inventory: /opt/OpenCHAI_Registry/july/OpenCHAI/automation/ansible/inventory/inventory_def.txt
2026-07-29 10:59:38,865 [INFO] services.ansible_runner: Normalized extra-vars: {'swarm_label_value': True, 'xCAT_reg_path': '{{ hpcsuite_registry_mount_path }}/container_img_reg/xCAT_reg', 'xcat_version': '{{ xcat_repo_version_tag }}', 'xcat_image': '{{ xcat_docker_img }}', 'xcat_container_img': '{{ xcat_container_img_tar }}', 'xcat_reg_network_url': '{{ hpcsangrah_vault_network_url }}/OpenCHAI/hpcsuite_registry/container_img_reg/{{ os_version }}/xCAT_reg/{{ xcat_version }}/{{ xcat_container_img }}', 'xcat_provisioning_osimage_network_url': '{{ hpcsangrah_vault_network_url }}/OpenCHAI/hpcsuite_registry/provisioning_osimage/{{ os_version }}', 'ssl_certificate_check': False, 'xcatdata_base_config': 'xcatdata_{{ os_version }}.tgz', 'xcat_baseos': '{{ rhel_linux_label }}', 'xcat_reporoot': 'https://xcat.org/files/xcat/repos/yum', 'xcat_core_type': "{{ 'core-snap' if xcat_version == 'devel' else 'xcat-core' }}", 'os_architecture': '{{ os_arch }}', 'xcat_install_root': '{{ drbd_mount_dir }}/xcatdata/install/netboot', 'registry_osimage_dir': '{{ base_dir }}/hpcsuite_registry/provisioning_osimage', 'source_role': 'netboot-compute', 'target_role': 'netboot-rudra-compute'}
2026-07-29 10:59:38,865 [WARNING] services.ansible_runner: inventory_path provided but ignored. Using ansible.cfg default inventory.
2026-07-29 10:59:38,866 [INFO] services.ansible_runner: Job c44b8cdc-82cc-42c3-9c28-916ae6a93580 | cwd=/opt/OpenCHAI_Registry/july/OpenCHAI/automation/ansible | cmd=ansible-playbook /opt/OpenCHAI_Registry/july/OpenCHAI/cluster_setup/ha_server_setup/hpc_master/phase5.1_provisioning_xcat.yml --user root --private-key /root/.ssh/id_rsa --extra-vars '{"swarm_label_value": true, "xCAT_reg_path": "{{ hpcsuite_registry_mount_path }}/container_img_reg/xCAT_reg", "xcat_version": "{{ xcat_repo_version_tag }}", "xcat_image": "{{ xcat_docker_img }}", "xcat_container_img": "{{ xcat_container_img_tar }}", "xcat_reg_network_url": "{{ hpcsangrah_vault_network_url }}/OpenCHAI/hpcsuite_registry/container_img_reg/{{ os_version }}/xCAT_reg/{{ xcat_version }}/{{ xcat_container_img }}", "xcat_provisioning_osimage_network_url": "{{ hpcsangrah_vault_network_url }}/OpenCHAI/hpcsuite_registry/provisioning_osimage/{{ os_version }}", "ssl_certificate_check": false, "xcatdata_base_config": "xcatdata_{{ os_version }}.tgz", "xcat_baseos": "{{ rhel_linux_label }}", "xcat_reporoot": "https://xcat.org/files/xcat/repos/yum", "xcat_core_type": "{{ '"'"'core-snap'"'"' if xcat_version == '"'"'devel'"'"' else '"'"'xcat-core'"'"' }}", "os_architecture": "{{ os_arch }}", "xcat_install_root": "{{ drbd_mount_dir }}/xcatdata/install/netboot", "registry_osimage_dir": "{{ base_dir }}/hpcsuite_registry/provisioning_osimage", "source_role": "netboot-compute", "target_role": "netboot-rudra-compute"}' --limit hpc-master01,hpc-master02
2026-07-29 10:59:38,903 [INFO] routes.logs: WS client connected for job c44b8cdc-82cc-42c3-9c28-916ae6a93580
2026-07-29 10:59:38,923 [INFO] routes.logs: WS client connected for job c44b8cdc-82cc-42c3-9c28-916ae6a93580
2026-07-29 10:59:39,192 [INFO] routes.logs: WS client disconnected from job c44b8cdc-82cc-42c3-9c28-916ae6a93580
2026-07-29 10:59:39,192 [INFO] routes.logs: WS session for job c44b8cdc-82cc-42c3-9c28-916ae6a93580 closed
2026-07-29 10:59:44,910 [INFO] routes.logs: WS client connected for job c44b8cdc-82cc-42c3-9c28-916ae6a93580
2026-07-29 11:02:29,940 [INFO] services.ansible_runner: Job c44b8cdc-82cc-42c3-9c28-916ae6a93580 finished rc=2 status=failed
2026-07-29 11:02:29,940 [INFO] routes.logs: WS session for job c44b8cdc-82cc-42c3-9c28-916ae6a93580 closed
2026-07-29 11:02:29,941 [INFO] routes.logs: WS session for job c44b8cdc-82cc-42c3-9c28-916ae6a93580 closed
2026-07-29 11:05:53,582 [INFO] routes.cluster_setup: Resolved inventory: /opt/OpenCHAI_Registry/july/OpenCHAI/automation/ansible/inventory/inventory_def.txt
2026-07-29 11:05:53,590 [INFO] services.ansible_runner: Normalized extra-vars: {'swarm_label_value': True, 'xCAT_reg_path': '{{ hpcsuite_registry_mount_path }}/container_img_reg/xCAT_reg', 'xcat_version': '{{ xcat_repo_version_tag }}', 'xcat_image': '{{ xcat_docker_img }}', 'xcat_container_img': '{{ xcat_container_img_tar }}', 'xcat_reg_network_url': '{{ hpcsangrah_vault_network_url }}/OpenCHAI/hpcsuite_registry/container_img_reg/{{ os_version }}/xCAT_reg/{{ xcat_version }}/{{ xcat_container_img }}', 'xcat_provisioning_osimage_network_url': '{{ hpcsangrah_vault_network_url }}/OpenCHAI/hpcsuite_registry/provisioning_osimage/{{ os_version }}', 'ssl_certificate_check': False, 'xcatdata_base_config': 'xcatdata_{{ os_version }}.tgz', 'xcat_baseos': '{{ rhel_linux_label }}', 'xcat_reporoot': 'https://xcat.org/files/xcat/repos/yum', 'xcat_core_type': "{{ 'core-snap' if xcat_version == 'devel' else 'xcat-core' }}", 'os_architecture': '{{ os_arch }}', 'xcat_install_root': '{{ drbd_mount_dir }}/xcatdata/install/netboot', 'registry_osimage_dir': '{{ base_dir }}/hpcsuite_registry/provisioning_osimage', 'source_role': 'netboot-compute', 'target_role': 'netboot-rudra-compute'}
2026-07-29 11:05:53,591 [WARNING] services.ansible_runner: inventory_path provided but ignored. Using ansible.cfg default inventory.
2026-07-29 11:05:53,591 [INFO] services.ansible_runner: Job 0587892a-5da7-42f9-8d9a-68961d1f245f | cwd=/opt/OpenCHAI_Registry/july/OpenCHAI/automation/ansible | cmd=ansible-playbook /opt/OpenCHAI_Registry/july/OpenCHAI/cluster_setup/ha_server_setup/hpc_master/phase5.1_provisioning_xcat.yml --user root --private-key /root/.ssh/id_rsa --extra-vars '{"swarm_label_value": true, "xCAT_reg_path": "{{ hpcsuite_registry_mount_path }}/container_img_reg/xCAT_reg", "xcat_version": "{{ xcat_repo_version_tag }}", "xcat_image": "{{ xcat_docker_img }}", "xcat_container_img": "{{ xcat_container_img_tar }}", "xcat_reg_network_url": "{{ hpcsangrah_vault_network_url }}/OpenCHAI/hpcsuite_registry/container_img_reg/{{ os_version }}/xCAT_reg/{{ xcat_version }}/{{ xcat_container_img }}", "xcat_provisioning_osimage_network_url": "{{ hpcsangrah_vault_network_url }}/OpenCHAI/hpcsuite_registry/provisioning_osimage/{{ os_version }}", "ssl_certificate_check": false, "xcatdata_base_config": "xcatdata_{{ os_version }}.tgz", "xcat_baseos": "{{ rhel_linux_label }}", "xcat_reporoot": "https://xcat.org/files/xcat/repos/yum", "xcat_core_type": "{{ '"'"'core-snap'"'"' if xcat_version == '"'"'devel'"'"' else '"'"'xcat-core'"'"' }}", "os_architecture": "{{ os_arch }}", "xcat_install_root": "{{ drbd_mount_dir }}/xcatdata/install/netboot", "registry_osimage_dir": "{{ base_dir }}/hpcsuite_registry/provisioning_osimage", "source_role": "netboot-compute", "target_role": "netboot-rudra-compute"}' --limit hpc-master01,hpc-master02
2026-07-29 11:05:53,629 [INFO] routes.logs: WS client connected for job 0587892a-5da7-42f9-8d9a-68961d1f245f
2026-07-29 11:05:53,659 [INFO] routes.logs: WS client connected for job 0587892a-5da7-42f9-8d9a-68961d1f245f
2026-07-29 11:05:53,918 [INFO] routes.logs: WS client disconnected from job 0587892a-5da7-42f9-8d9a-68961d1f245f
2026-07-29 11:05:53,919 [INFO] routes.logs: WS session for job 0587892a-5da7-42f9-8d9a-68961d1f245f closed
2026-07-29 11:08:54,246 [INFO] services.ansible_runner: Job 0587892a-5da7-42f9-8d9a-68961d1f245f finished rc=2 status=failed
2026-07-29 11:08:54,247 [INFO] routes.logs: WS session for job 0587892a-5da7-42f9-8d9a-68961d1f245f closed
2026-07-29 12:44:17,402 [INFO] paramiko.transport: Connected (version 2.0, client OpenSSH_8.7)
2026-07-29 12:44:17,922 [INFO] paramiko.transport: Authentication (password) successful!
2026-07-29 12:44:18,254 [INFO] paramiko.transport: Connected (version 2.0, client OpenSSH_8.7)
2026-07-29 12:44:18,371 [INFO] paramiko.transport: Authentication (password) successful!
2026-07-29 12:44:19,195 [INFO] paramiko.transport: Connected (version 2.0, client OpenSSH_8.7)
2026-07-29 12:44:19,303 [INFO] paramiko.transport: Authentication (password) successful!
2026-07-29 14:27:09,724 [INFO] routes.cluster_setup: Resolved inventory: /opt/OpenCHAI_Registry/july/OpenCHAI/automation/ansible/inventory/inventory_def.txt
2026-07-29 14:27:09,731 [INFO] services.ansible_runner: Normalized extra-vars: {'swarm_label_value': True, 'xCAT_reg_path': '{{ hpcsuite_registry_mount_path }}/container_img_reg/xCAT_reg', 'xcat_version': '{{ xcat_repo_version_tag }}', 'xcat_image': '{{ xcat_docker_img }}', 'xcat_container_img': '{{ xcat_container_img_tar }}', 'xcat_reg_network_url': '{{ hpcsangrah_vault_network_url }}/OpenCHAI/hpcsuite_registry/container_img_reg/{{ os_version }}/xCAT_reg/{{ xcat_version }}/{{ xcat_container_img }}', 'xcat_provisioning_osimage_network_url': '{{ hpcsangrah_vault_network_url }}/OpenCHAI/hpcsuite_registry/provisioning_osimage/{{ os_version }}', 'ssl_certificate_check': False, 'xcatdata_base_config': 'xcatdata_{{ os_version }}.tgz', 'xcat_baseos': '{{ rhel_linux_label }}', 'xcat_reporoot': 'https://xcat.org/files/xcat/repos/yum', 'xcat_core_type': "{{ 'core-snap' if xcat_version == 'devel' else 'xcat-core' }}", 'os_architecture': '{{ os_arch }}', 'xcat_install_root': '{{ drbd_mount_dir }}/xcatdata/install/netboot', 'registry_osimage_dir': '{{ base_dir }}/hpcsuite_registry/provisioning_osimage', 'source_role': 'netboot-compute', 'target_role': 'netboot-rudra-compute'}
2026-07-29 14:27:09,732 [WARNING] services.ansible_runner: inventory_path provided but ignored. Using ansible.cfg default inventory.
2026-07-29 14:27:09,733 [INFO] services.ansible_runner: Job 22cd1a78-4d17-46d1-ac1d-815e08652e32 | cwd=/opt/OpenCHAI_Registry/july/OpenCHAI/automation/ansible | cmd=ansible-playbook /opt/OpenCHAI_Registry/july/OpenCHAI/cluster_setup/ha_server_setup/hpc_master/phase5.1_provisioning_xcat.yml --user root --private-key /root/.ssh/id_rsa --extra-vars '{"swarm_label_value": true, "xCAT_reg_path": "{{ hpcsuite_registry_mount_path }}/container_img_reg/xCAT_reg", "xcat_version": "{{ xcat_repo_version_tag }}", "xcat_image": "{{ xcat_docker_img }}", "xcat_container_img": "{{ xcat_container_img_tar }}", "xcat_reg_network_url": "{{ hpcsangrah_vault_network_url }}/OpenCHAI/hpcsuite_registry/container_img_reg/{{ os_version }}/xCAT_reg/{{ xcat_version }}/{{ xcat_container_img }}", "xcat_provisioning_osimage_network_url": "{{ hpcsangrah_vault_network_url }}/OpenCHAI/hpcsuite_registry/provisioning_osimage/{{ os_version }}", "ssl_certificate_check": false, "xcatdata_base_config": "xcatdata_{{ os_version }}.tgz", "xcat_baseos": "{{ rhel_linux_label }}", "xcat_reporoot": "https://xcat.org/files/xcat/repos/yum", "xcat_core_type": "{{ '"'"'core-snap'"'"' if xcat_version == '"'"'devel'"'"' else '"'"'xcat-core'"'"' }}", "os_architecture": "{{ os_arch }}", "xcat_install_root": "{{ drbd_mount_dir }}/xcatdata/install/netboot", "registry_osimage_dir": "{{ base_dir }}/hpcsuite_registry/provisioning_osimage", "source_role": "netboot-compute", "target_role": "netboot-rudra-compute"}' --limit hpc-master01,hpc-master02
2026-07-29 14:27:09,764 [INFO] routes.logs: WS client connected for job 22cd1a78-4d17-46d1-ac1d-815e08652e32
2026-07-29 14:27:09,781 [INFO] routes.logs: WS client connected for job 22cd1a78-4d17-46d1-ac1d-815e08652e32
2026-07-29 14:27:10,062 [INFO] routes.logs: WS client disconnected from job 22cd1a78-4d17-46d1-ac1d-815e08652e32
2026-07-29 14:27:10,062 [INFO] routes.logs: WS session for job 22cd1a78-4d17-46d1-ac1d-815e08652e32 closed
2026-07-29 14:27:22,752 [INFO] services.ansible_runner: Job 22cd1a78-4d17-46d1-ac1d-815e08652e32 cancelled
2026-07-29 14:27:22,753 [INFO] routes.logs: WS session for job 22cd1a78-4d17-46d1-ac1d-815e08652e32 closed
2026-07-29 14:27:32,619 [INFO] services.ansible_runner: Job 22cd1a78-4d17-46d1-ac1d-815e08652e32 finished rc=-15 status=failed
2026-07-29 14:28:03,213 [INFO] routes.cluster_setup: Resolved inventory: /opt/OpenCHAI_Registry/july/OpenCHAI/automation/ansible/inventory/inventory_def.txt
2026-07-29 14:28:03,220 [INFO] services.ansible_runner: Normalized extra-vars: {'swarm_label_value': True, 'xCAT_reg_path': '{{ hpcsuite_registry_mount_path }}/container_img_reg/xCAT_reg', 'xcat_version': '{{ xcat_repo_version_tag }}', 'xcat_image': '{{ xcat_docker_img }}', 'xcat_container_img': '{{ xcat_container_img_tar }}', 'xcat_reg_network_url': '{{ hpcsangrah_vault_network_url }}/OpenCHAI/hpcsuite_registry/container_img_reg/{{ os_version }}/xCAT_reg/{{ xcat_version }}/{{ xcat_container_img }}', 'xcat_provisioning_osimage_network_url': '{{ hpcsangrah_vault_network_url }}/OpenCHAI/hpcsuite_registry/provisioning_osimage/{{ os_version }}', 'ssl_certificate_check': False, 'xcatdata_base_config': 'xcatdata_{{ os_version }}.tgz', 'xcat_baseos': '{{ rhel_linux_label }}', 'xcat_reporoot': 'https://xcat.org/files/xcat/repos/yum', 'xcat_core_type': "{{ 'core-snap' if xcat_version == 'devel' else 'xcat-core' }}", 'os_architecture': '{{ os_arch }}', 'xcat_install_root': '{{ drbd_mount_dir }}/xcatdata/install/netboot', 'registry_osimage_dir': '{{ base_dir }}/hpcsuite_registry/provisioning_osimage', 'source_role': 'netboot-compute', 'target_role': 'netboot-rudra-compute'}
2026-07-29 14:28:03,221 [WARNING] services.ansible_runner: inventory_path provided but ignored. Using ansible.cfg default inventory.
2026-07-29 14:28:03,221 [INFO] services.ansible_runner: Job 49309404-a0a1-4dc9-964d-ce3dd1a96bc4 | cwd=/opt/OpenCHAI_Registry/july/OpenCHAI/automation/ansible | cmd=ansible-playbook /opt/OpenCHAI_Registry/july/OpenCHAI/cluster_setup/ha_server_setup/hpc_master/phase5.1_provisioning_xcat.yml --user root --private-key /root/.ssh/id_rsa --extra-vars '{"swarm_label_value": true, "xCAT_reg_path": "{{ hpcsuite_registry_mount_path }}/container_img_reg/xCAT_reg", "xcat_version": "{{ xcat_repo_version_tag }}", "xcat_image": "{{ xcat_docker_img }}", "xcat_container_img": "{{ xcat_container_img_tar }}", "xcat_reg_network_url": "{{ hpcsangrah_vault_network_url }}/OpenCHAI/hpcsuite_registry/container_img_reg/{{ os_version }}/xCAT_reg/{{ xcat_version }}/{{ xcat_container_img }}", "xcat_provisioning_osimage_network_url": "{{ hpcsangrah_vault_network_url }}/OpenCHAI/hpcsuite_registry/provisioning_osimage/{{ os_version }}", "ssl_certificate_check": false, "xcatdata_base_config": "xcatdata_{{ os_version }}.tgz", "xcat_baseos": "{{ rhel_linux_label }}", "xcat_reporoot": "https://xcat.org/files/xcat/repos/yum", "xcat_core_type": "{{ '"'"'core-snap'"'"' if xcat_version == '"'"'devel'"'"' else '"'"'xcat-core'"'"' }}", "os_architecture": "{{ os_arch }}", "xcat_install_root": "{{ drbd_mount_dir }}/xcatdata/install/netboot", "registry_osimage_dir": "{{ base_dir }}/hpcsuite_registry/provisioning_osimage", "source_role": "netboot-compute", "target_role": "netboot-rudra-compute"}' --limit hpc-master01,hpc-master02
2026-07-29 14:28:03,254 [INFO] routes.logs: WS client connected for job 49309404-a0a1-4dc9-964d-ce3dd1a96bc4
2026-07-29 14:28:03,284 [INFO] routes.logs: WS client connected for job 49309404-a0a1-4dc9-964d-ce3dd1a96bc4
2026-07-29 14:28:03,557 [INFO] routes.logs: WS client disconnected from job 49309404-a0a1-4dc9-964d-ce3dd1a96bc4
2026-07-29 14:28:03,557 [INFO] routes.logs: WS session for job 49309404-a0a1-4dc9-964d-ce3dd1a96bc4 closed
2026-07-29 14:30:51,491 [INFO] services.ansible_runner: Job 49309404-a0a1-4dc9-964d-ce3dd1a96bc4 finished rc=2 status=failed
2026-07-29 14:30:51,492 [INFO] routes.logs: WS session for job 49309404-a0a1-4dc9-964d-ce3dd1a96bc4 closed
2026-07-29 14:33:58,224 [INFO] routes.cluster_setup: Resolved inventory: /opt/OpenCHAI_Registry/july/OpenCHAI/automation/ansible/inventory/inventory_def.txt
2026-07-29 14:33:58,225 [INFO] services.ansible_runner: Normalized extra-vars: {'primary_master_node_hostname': 'cn03', 'secondary_master_node_hostname': 'cn04', 'pcs_cluster_name': '{{ pcs_cluster_name }}', 'xcat_service_name': 'xcat', 'mounted_state': 'ephemeral'}
2026-07-29 14:33:58,226 [WARNING] services.ansible_runner: inventory_path provided but ignored. Using ansible.cfg default inventory.
2026-07-29 14:33:58,226 [INFO] services.ansible_runner: Job ef6d9845-f378-4447-a1ac-85ae8b578b49 | cwd=/opt/OpenCHAI_Registry/july/OpenCHAI/automation/ansible | cmd=ansible-playbook /opt/OpenCHAI_Registry/july/OpenCHAI/cluster_setup/ha_server_setup/hpc_master/phase5.2_pcs_resource_xcat.yml --user root --private-key /root/.ssh/id_rsa --extra-vars '{"primary_master_node_hostname": "cn03", "secondary_master_node_hostname": "cn04", "pcs_cluster_name": "{{ pcs_cluster_name }}", "xcat_service_name": "xcat", "mounted_state": "ephemeral"}' --limit hpc-master01,hpc-master02
2026-07-29 14:33:58,313 [INFO] routes.logs: WS client connected for job ef6d9845-f378-4447-a1ac-85ae8b578b49
2026-07-29 14:33:58,315 [INFO] routes.logs: WS client connected for job ef6d9845-f378-4447-a1ac-85ae8b578b49
2026-07-29 14:33:58,554 [INFO] routes.logs: WS client disconnected from job ef6d9845-f378-4447-a1ac-85ae8b578b49
2026-07-29 14:33:58,555 [INFO] routes.logs: WS session for job ef6d9845-f378-4447-a1ac-85ae8b578b49 closed
2026-07-29 14:34:11,652 [INFO] services.ansible_runner: Job ef6d9845-f378-4447-a1ac-85ae8b578b49 finished rc=0 status=success
2026-07-29 14:34:11,653 [INFO] routes.logs: WS session for job ef6d9845-f378-4447-a1ac-85ae8b578b49 closed
2026-07-29 14:35:09,977 [INFO] routes.cluster_setup: Resolved inventory: /opt/OpenCHAI_Registry/july/OpenCHAI/automation/ansible/inventory/inventory_def.txt
2026-07-29 14:35:09,981 [INFO] services.ansible_runner: Normalized extra-vars: {'ldap_pv_dir': '/hpc_container_pv/ldapdata', 'openldap_image': '{{ openldap_container_image }}', 'ldap_container_img': '{{ ldap_container_img_tar }}', 'ldap_version': '{{ ldap_version_tag }}', 'ldap_reg_network_url': '{{ hpcsangrah_vault_network_url }}/OpenCHAI/hpcsuite_registry/container_img_reg/{{ os_version }}/ldap_reg/{{ ldap_version }}/{{ ldap_container_img }}', 'ssl_certificate_check': False, 'primary_ldap_server_ip': '{{ primary_ldap_node_ip }}', 'secondary_ldap_server_ip': '{{ secondary_ldap_node_ip }}', 'retries_attampt': 5, 'delay_time': 10}
2026-07-29 14:35:09,982 [WARNING] services.ansible_runner: inventory_path provided but ignored. Using ansible.cfg default inventory.
2026-07-29 14:35:09,982 [INFO] services.ansible_runner: Job ab6e1cdd-e843-450a-b035-00833b5a464e | cwd=/opt/OpenCHAI_Registry/july/OpenCHAI/automation/ansible | cmd=ansible-playbook /opt/OpenCHAI_Registry/july/OpenCHAI/cluster_setup/ha_server_setup/hpc_master/phase6.1_authentication_ldap.yml --user root --private-key /root/.ssh/id_rsa --extra-vars '{"ldap_pv_dir": "/hpc_container_pv/ldapdata", "openldap_image": "{{ openldap_container_image }}", "ldap_container_img": "{{ ldap_container_img_tar }}", "ldap_version": "{{ ldap_version_tag }}", "ldap_reg_network_url": "{{ hpcsangrah_vault_network_url }}/OpenCHAI/hpcsuite_registry/container_img_reg/{{ os_version }}/ldap_reg/{{ ldap_version }}/{{ ldap_container_img }}", "ssl_certificate_check": false, "primary_ldap_server_ip": "{{ primary_ldap_node_ip }}", "secondary_ldap_server_ip": "{{ secondary_ldap_node_ip }}", "retries_attampt": 5, "delay_time": 10}' --limit hpc-master01,hpc-master02
2026-07-29 14:35:10,016 [INFO] routes.logs: WS client connected for job ab6e1cdd-e843-450a-b035-00833b5a464e
2026-07-29 14:35:10,025 [INFO] routes.logs: WS client connected for job ab6e1cdd-e843-450a-b035-00833b5a464e
2026-07-29 14:35:10,317 [INFO] routes.logs: WS client disconnected from job ab6e1cdd-e843-450a-b035-00833b5a464e
2026-07-29 14:35:10,317 [INFO] routes.logs: WS session for job ab6e1cdd-e843-450a-b035-00833b5a464e closed
2026-07-29 14:36:10,597 [INFO] services.ansible_runner: Job ab6e1cdd-e843-450a-b035-00833b5a464e finished rc=0 status=success
2026-07-29 14:36:10,597 [INFO] routes.logs: WS session for job ab6e1cdd-e843-450a-b035-00833b5a464e closed
2026-07-29 14:44:30,506 [INFO] paramiko.transport: Connected (version 2.0, client OpenSSH_8.7)
2026-07-29 14:44:30,624 [INFO] paramiko.transport: Authentication (password) successful!
2026-07-29 14:44:43,001 [INFO] services.ansible_runner: Normalized extra-vars: {'fw_package_name': 'firewalld', 'fw_service_name': 'firewalld', 'fw_service_state': 'started', 'fw_service_enabled': True, 'fw_install_if_missing': True}
2026-07-29 14:44:43,001 [WARNING] services.ansible_runner: inventory_path provided but ignored. Using ansible.cfg default inventory.
2026-07-29 14:44:43,002 [INFO] services.ansible_runner: Job 7536d611-ca8e-4d8b-b649-00fc44c0d082 | cwd=/opt/OpenCHAI_Registry/july/OpenCHAI/automation/ansible | cmd=ansible-playbook /opt/OpenCHAI_Registry/july/OpenCHAI/automation/ansible/playbook_library/security/configure_firewall.yml --user root --private-key /root/.ssh/id_rsa --extra-vars '{"fw_package_name": "firewalld", "fw_service_name": "firewalld", "fw_service_state": "started", "fw_service_enabled": true, "fw_install_if_missing": true}' --limit hpc-master01
2026-07-29 14:44:43,067 [INFO] routes.logs: WS client connected for job 7536d611-ca8e-4d8b-b649-00fc44c0d082
2026-07-29 14:44:48,504 [INFO] services.ansible_runner: Job 7536d611-ca8e-4d8b-b649-00fc44c0d082 finished rc=0 status=success
2026-07-29 14:44:48,505 [INFO] routes.logs: WS session for job 7536d611-ca8e-4d8b-b649-00fc44c0d082 closed
2026-07-29 14:45:16,391 [INFO] services.ansible_runner: Normalized extra-vars: {'fw_package_name': 'firewalld', 'fw_service_name': 'firewalld', 'fw_service_state': 'stopped', 'fw_service_enabled': True, 'fw_install_if_missing': True}
2026-07-29 14:45:16,391 [WARNING] services.ansible_runner: inventory_path provided but ignored. Using ansible.cfg default inventory.
2026-07-29 14:45:16,392 [INFO] services.ansible_runner: Job bbeaf6fb-1a3b-4344-8d56-6da00774ef2e | cwd=/opt/OpenCHAI_Registry/july/OpenCHAI/automation/ansible | cmd=ansible-playbook /opt/OpenCHAI_Registry/july/OpenCHAI/automation/ansible/playbook_library/security/configure_firewall.yml --user root --private-key /root/.ssh/id_rsa --extra-vars '{"fw_package_name": "firewalld", "fw_service_name": "firewalld", "fw_service_state": "stopped", "fw_service_enabled": true, "fw_install_if_missing": true}'
2026-07-29 14:45:16,448 [INFO] routes.logs: WS client connected for job bbeaf6fb-1a3b-4344-8d56-6da00774ef2e
2026-07-29 14:45:23,231 [INFO] services.ansible_runner: Job bbeaf6fb-1a3b-4344-8d56-6da00774ef2e finished rc=0 status=success
2026-07-29 14:45:23,232 [INFO] routes.logs: WS session for job bbeaf6fb-1a3b-4344-8d56-6da00774ef2e closed
2026-07-29 15:16:22,884 [INFO] routes.auth: Login OK: user='root' role='admin' groups=['root', 'openchai-admins'] ip=127.0.0.1
2026-07-29 15:29:06,699 [INFO] routes.cluster_setup: Resolved inventory: /opt/OpenCHAI_Registry/july/OpenCHAI/automation/ansible/inventory/inventory_def.txt
2026-07-29 15:29:06,700 [INFO] services.ansible_runner: Normalized extra-vars: {'install_mellanox': True, 'mlnx_dir_path': '{{ bin_dir_path }}/mellanox_rpms', 'dev_rpm_path': '{{ rpm_stack_path }}/developement_rpms'}
2026-07-29 15:29:06,701 [WARNING] services.ansible_runner: inventory_path provided but ignored. Using ansible.cfg default inventory.
2026-07-29 15:29:06,701 [INFO] services.ansible_runner: Job 6773a4b3-9627-41b9-bbd0-b35a331442e9 | cwd=/opt/OpenCHAI_Registry/july/OpenCHAI/automation/ansible | cmd=ansible-playbook /opt/OpenCHAI_Registry/july/OpenCHAI/cluster_setup/ha_server_setup/hpc_master/phase3.1_mellanox_ofed.yml --user root --private-key /root/.ssh/id_rsa --extra-vars '{"install_mellanox": true, "mlnx_dir_path": "{{ bin_dir_path }}/mellanox_rpms", "dev_rpm_path": "{{ rpm_stack_path }}/developement_rpms"}' --limit hpc-master01,hpc-master02
2026-07-29 15:29:06,759 [INFO] routes.logs: WS client connected for job 6773a4b3-9627-41b9-bbd0-b35a331442e9
2026-07-29 15:29:06,772 [INFO] routes.logs: WS client connected for job 6773a4b3-9627-41b9-bbd0-b35a331442e9
2026-07-29 15:29:07,030 [INFO] routes.logs: WS client disconnected from job 6773a4b3-9627-41b9-bbd0-b35a331442e9
2026-07-29 15:29:07,031 [INFO] routes.logs: WS session for job 6773a4b3-9627-41b9-bbd0-b35a331442e9 closed
2026-07-29 15:45:44,762 [INFO] services.ansible_runner: Job 6773a4b3-9627-41b9-bbd0-b35a331442e9 finished rc=0 status=success
2026-07-29 15:45:44,763 [INFO] routes.logs: WS session for job 6773a4b3-9627-41b9-bbd0-b35a331442e9 closed
2026-07-29 15:53:05,272 [INFO] routes.cluster_setup: Resolved inventory: /opt/OpenCHAI_Registry/july/OpenCHAI/automation/ansible/inventory/inventory_def.txt
2026-07-29 15:53:05,274 [INFO] services.ansible_runner: Normalized extra-vars: {'install_mellanox': True, 'mlnx_dir_path': '{{ bin_dir_path }}/mellanox_rpms', 'dev_rpm_path': '{{ rpm_stack_path }}/developement_rpms', 'nm_service_state': 'started', 'nm_service_enabled': True, 'nm_install_if_missing': True}
2026-07-29 15:53:05,274 [WARNING] services.ansible_runner: inventory_path provided but ignored. Using ansible.cfg default inventory.
2026-07-29 15:53:05,274 [INFO] services.ansible_runner: Job 62b8418c-f85a-48c6-b1f4-2df005cd5f69 | cwd=/opt/OpenCHAI_Registry/july/OpenCHAI/automation/ansible | cmd=ansible-playbook /opt/OpenCHAI_Registry/july/OpenCHAI/cluster_setup/ha_server_setup/hpc_master/phase3.1_mellanox_ofed.yml --user root --private-key /root/.ssh/id_rsa --extra-vars '{"install_mellanox": true, "mlnx_dir_path": "{{ bin_dir_path }}/mellanox_rpms", "dev_rpm_path": "{{ rpm_stack_path }}/developement_rpms", "nm_service_state": "started", "nm_service_enabled": true, "nm_install_if_missing": true}' --limit hpc-master01,hpc-master02
2026-07-29 15:53:05,319 [INFO] routes.logs: WS client connected for job 62b8418c-f85a-48c6-b1f4-2df005cd5f69
2026-07-29 16:09:44,842 [INFO] services.ansible_runner: Job 62b8418c-f85a-48c6-b1f4-2df005cd5f69 finished rc=0 status=success
2026-07-29 16:09:44,843 [INFO] routes.logs: WS session for job 62b8418c-f85a-48c6-b1f4-2df005cd5f69 closed
2026-07-29 16:09:45,967 [INFO] routes.cluster_setup: Resolved inventory: /opt/OpenCHAI_Registry/july/OpenCHAI/automation/ansible/inventory/inventory_def.txt
2026-07-29 16:09:45,969 [INFO] services.ansible_runner: Normalized extra-vars: {'install_mellanox': True, 'mlnx_dir_path': '{{ bin_dir_path }}/mellanox_rpms', 'dev_rpm_path': '{{ rpm_stack_path }}/developement_rpms', 'nm_service_state': 'started', 'nm_service_enabled': True, 'nm_install_if_missing': True}
2026-07-29 16:09:45,969 [WARNING] services.ansible_runner: inventory_path provided but ignored. Using ansible.cfg default inventory.
2026-07-29 16:09:45,970 [INFO] services.ansible_runner: Job fdcf188d-e47b-435a-927b-7817cc5aa84b | cwd=/opt/OpenCHAI_Registry/july/OpenCHAI/automation/ansible | cmd=ansible-playbook /opt/OpenCHAI_Registry/july/OpenCHAI/cluster_setup/ha_server_setup/hpc_master/phase3.3_network_manager_service.yml --user root --private-key /root/.ssh/id_rsa --extra-vars '{"install_mellanox": true, "mlnx_dir_path": "{{ bin_dir_path }}/mellanox_rpms", "dev_rpm_path": "{{ rpm_stack_path }}/developement_rpms", "nm_service_state": "started", "nm_service_enabled": true, "nm_install_if_missing": true}' --limit hpc-master01,hpc-master02
2026-07-29 16:09:46,008 [INFO] routes.logs: WS client connected for job 62b8418c-f85a-48c6-b1f4-2df005cd5f69
2026-07-29 16:09:46,067 [INFO] routes.logs: WS client connected for job fdcf188d-e47b-435a-927b-7817cc5aa84b
2026-07-29 16:09:51,341 [INFO] services.ansible_runner: Job fdcf188d-e47b-435a-927b-7817cc5aa84b finished rc=0 status=success
2026-07-29 16:09:51,342 [INFO] routes.logs: WS session for job fdcf188d-e47b-435a-927b-7817cc5aa84b closed
2026-07-30 09:24:08,032 [INFO] services.state_manager: No existing state file — starting fresh.
2026-07-30 09:24:08,259 [INFO] openchai_gui: ============================================================
2026-07-30 09:24:08,259 [INFO] openchai_gui:   OpenCHAI GUI Backend starting
2026-07-30 09:24:08,260 [INFO] openchai_gui:   Python   : 3.9.25
2026-07-30 09:24:08,260 [INFO] openchai_gui:   Root     : /opt/OpenCHAI_Registry/july/OpenCHAI
2026-07-30 09:24:08,260 [INFO] openchai_gui:   Ansible  : /opt/OpenCHAI_Registry/july/OpenCHAI/automation/ansible
2026-07-30 09:24:08,260 [INFO] openchai_gui:   Routers  : 15 loaded
2026-07-30 09:24:08,260 [INFO] openchai_gui: ============================================================
2026-07-30 09:24:08,260 [INFO] openchai_gui.config: ───────────────────────────────────────────────────────
2026-07-30 09:24:08,260 [INFO] openchai_gui.config:   OpenCHAI GUI — Path Validation
2026-07-30 09:24:08,260 [INFO] openchai_gui.config: ───────────────────────────────────────────────────────
2026-07-30 09:24:08,260 [INFO] openchai_gui.config:   ✅  OPENCHAI_ROOT          /opt/OpenCHAI_Registry/july/OpenCHAI
2026-07-30 09:24:08,260 [INFO] openchai_gui.config:   ✅  ANSIBLE_DIR            /opt/OpenCHAI_Registry/july/OpenCHAI/automation/ansible
2026-07-30 09:24:08,260 [INFO] openchai_gui.config:   ✅  PLAYBOOK_LIBRARY       /opt/OpenCHAI_Registry/july/OpenCHAI/automation/ansible/playbook_library
2026-07-30 09:24:08,260 [WARNING] openchai_gui.config:   ⚠️   INVENTORY_PATH         /opt/OpenCHAI_Registry/july/OpenCHAI/automation/ansible/inventory/hosts.ini  (will be created when needed)
2026-07-30 09:24:08,260 [INFO] openchai_gui.config:   ✅  GROUP_VARS_DIR         /opt/OpenCHAI_Registry/july/OpenCHAI/automation/ansible/group_vars
2026-07-30 09:24:08,260 [INFO] openchai_gui.config:   ✅  ANSIBLE_CFG            /opt/OpenCHAI_Registry/july/OpenCHAI/automation/ansible/ansible.cfg
2026-07-30 09:24:08,260 [INFO] openchai_gui.config:   ✅  SSH_KEY                /root/.ssh/id_rsa
2026-07-30 09:24:08,260 [INFO] openchai_gui.config:   ✅  HOST_VARS_DIR          /opt/OpenCHAI_Registry/july/OpenCHAI/automation/ansible/inventory/host_vars
2026-07-30 09:24:08,260 [INFO] openchai_gui.config:   ✅  VAULT_PASSWORD_FILE    /opt/OpenCHAI_Registry/july/OpenCHAI/automation/ansible/.vault_pass
2026-07-30 09:24:08,260 [INFO] openchai_gui.config: ───────────────────────────────────────────────────────
2026-07-30 09:24:08,261 [INFO] services.vault_service: Vault readiness OK — ansible.cfg vault_password_file matches /opt/OpenCHAI_Registry/july/OpenCHAI/automation/ansible/.vault_pass
2026-07-30 09:24:08,263 [INFO] services.inventory_cli_bridge: Inventory bridge OK — using /opt/OpenCHAI_Registry/july/OpenCHAI/automation/ansible/inventory.py (inventory_file=/opt/OpenCHAI_Registry/july/OpenCHAI/automation/ansible/inventory/inventory_def.txt)
2026-07-30 10:12:08,811 [INFO] routes.auth: Login OK: user='root' role='admin' groups=['root', 'openchai-admins'] ip=127.0.0.1
2026-07-30 10:13:13,809 [WARNING] inventory: Vault password file /opt/OpenCHAI_Registry/july/OpenCHAI/automation/ansible/.vault_pass has loose permissions (644). Recommended: chmod 600.
2026-07-30 10:14:43,367 [INFO] inventory: Backup created: /opt/OpenCHAI_Registry/july/OpenCHAI/automation/ansible/backups/backup_20260730_101443 (5 files)
2026-07-30 10:14:43,368 [INFO] inventory: Inventory saved: 4 host(s) → /opt/OpenCHAI_Registry/july/OpenCHAI/automation/ansible/inventory/inventory_def.txt
2026-07-30 10:14:44,045 [INFO] inventory: Vault sync complete. 1 password(s) added/updated.
2026-07-30 10:14:48,519 [INFO] paramiko.transport: Connected (version 2.0, client OpenSSH_8.0)
2026-07-30 10:14:48,645 [INFO] paramiko.transport: Authentication (password) successful!
2026-07-30 10:17:53,751 [INFO] inventory: Backup created: /opt/OpenCHAI_Registry/july/OpenCHAI/automation/ansible/backups/backup_20260730_101753 (6 files)
2026-07-30 10:17:53,753 [INFO] inventory: Inventory saved: 4 host(s) → /opt/OpenCHAI_Registry/july/OpenCHAI/automation/ansible/inventory/inventory_def.txt
2026-07-30 12:00:22,696 [INFO] routes.auth: Login OK: user='root' role='admin' groups=['root', 'openchai-admins'] ip=127.0.0.1
2026-07-30 12:00:41,219 [INFO] services.chai_release_service: Registry auth store updated (type=basic)
2026-07-30 12:00:41,252 [INFO] httpx: HTTP Request: GET https://hpcsangrah-test.pune.cdac.in/vault/OpenCHAI/hpcsuite_registry/hostmachine_reg/ "HTTP/1.1 200 OK"
2026-07-30 12:00:41,253 [INFO] routes.chai_release: Registry auth VALIDATED via /auth endpoint (type=basic)
2026-07-30 12:00:46,324 [INFO] httpx: HTTP Request: GET https://hpcsangrah-test.pune.cdac.in/vault/OpenCHAI/hpcsuite_registry/hostmachine_reg/ "HTTP/1.1 200 OK"
2026-07-30 12:00:48,626 [INFO] httpx: HTTP Request: GET https://hpcsangrah-test.pune.cdac.in/vault/OpenCHAI/hpcsuite_registry/hostmachine_reg/aarch64/ "HTTP/1.1 200 OK"
2026-07-30 12:00:48,627 [WARNING] routes.chai_release: Empty distributions for arch=aarch64 verify_ssl=None — check registry URL, credentials, and CHAI_VERIFY_SSL setting.
2026-07-30 12:00:49,811 [INFO] httpx: HTTP Request: GET https://hpcsangrah-test.pune.cdac.in/vault/OpenCHAI/hpcsuite_registry/hostmachine_reg/x86_64/ "HTTP/1.1 200 OK"
2026-07-30 12:00:50,959 [INFO] routes.chai_release: Listing versions for arch=x86_64 os_dist=rocky9.6 verify_ssl=None
2026-07-30 12:00:50,959 [INFO] services.chai_release_service: Fetching versions from: https://hpcsangrah-test.pune.cdac.in/vault/OpenCHAI/hpcsuite_registry/hostmachine_reg/x86_64/rocky9.6/
2026-07-30 12:00:50,979 [INFO] httpx: HTTP Request: GET https://hpcsangrah-test.pune.cdac.in/vault/OpenCHAI/hpcsuite_registry/hostmachine_reg/x86_64/rocky9.6/ "HTTP/1.1 200 OK"
2026-07-30 12:00:51,013 [INFO] httpx: HTTP Request: HEAD https://hpcsangrah-test.pune.cdac.in/vault/OpenCHAI/hpcsuite_registry/hostmachine_reg/x86_64/rocky9.6/openchai_hpc_addon_v1.25.0.tgz "HTTP/1.1 200 OK"
2026-07-30 12:00:51,014 [INFO] httpx: HTTP Request: HEAD https://hpcsangrah-test.pune.cdac.in/vault/OpenCHAI/hpcsuite_registry/hostmachine_reg/x86_64/rocky9.6/openchai_base_v1.25.0.tgz "HTTP/1.1 200 OK"
2026-07-30 12:00:51,016 [INFO] httpx: HTTP Request: HEAD https://hpcsangrah-test.pune.cdac.in/vault/OpenCHAI/hpcsuite_registry/hostmachine_reg/x86_64/rocky9.6/openchai_mldl_addon_v1.25.0.tgz "HTTP/1.1 200 OK"
2026-07-30 12:00:51,017 [INFO] httpx: HTTP Request: HEAD https://hpcsangrah-test.pune.cdac.in/vault/OpenCHAI/hpcsuite_registry/hostmachine_reg/x86_64/rocky9.6/openchai_sm_v1.25.0.tgz "HTTP/1.1 200 OK"
2026-07-30 12:00:58,602 [INFO] routes.chai_release: Listing releases for arch=x86_64 os_dist=rocky9.6 version=openchai_hpc_addon_v1.25.0
2026-07-30 12:00:58,603 [INFO] services.chai_release_service: Fetching releases from: https://hpcsangrah-test.pune.cdac.in/vault/OpenCHAI/hpcsuite_registry/hostmachine_reg/x86_64/rocky9.6/openchai_hpc_addon_v1.25.0/
2026-07-30 12:00:58,622 [INFO] httpx: HTTP Request: GET https://hpcsangrah-test.pune.cdac.in/vault/OpenCHAI/hpcsuite_registry/hostmachine_reg/x86_64/rocky9.6/openchai_hpc_addon_v1.25.0/ "HTTP/1.1 404 Not Found"
2026-07-30 12:00:58,623 [WARNING] services.chai_release_service: HTTP 404 fetching https://hpcsangrah-test.pune.cdac.in/vault/OpenCHAI/hpcsuite_registry/hostmachine_reg/x86_64/rocky9.6/openchai_hpc_addon_v1.25.0/ (path not found)
2026-07-30 12:01:13,609 [INFO] services.chai_release_service: [job:f38a71b2-ec24-4a43-92ac-60c3232fb687] ============================================================
2026-07-30 12:01:13,609 [INFO] services.chai_release_service: [job:f38a71b2-ec24-4a43-92ac-60c3232fb687]   OpenCHAI CHAI Release Setup
2026-07-30 12:01:13,609 [INFO] services.chai_release_service: [job:f38a71b2-ec24-4a43-92ac-60c3232fb687] ============================================================
2026-07-30 12:01:13,610 [INFO] services.chai_release_service: [job:f38a71b2-ec24-4a43-92ac-60c3232fb687] ⬇  Downloading: https://hpcsangrah-test.pune.cdac.in/vault/OpenCHAI/hpcsuite_registry/hostmachine_reg/x86_64/rocky9.6/openchai_hpc_addon_v1.25.0.tgz
2026-07-30 12:01:13,633 [INFO] httpx: HTTP Request: GET https://hpcsangrah-test.pune.cdac.in/vault/OpenCHAI/hpcsuite_registry/hostmachine_reg/x86_64/rocky9.6/openchai_hpc_addon_v1.25.0.tgz "HTTP/1.1 200 OK"
2026-07-30 12:01:13,700 [INFO] routes.logs: WS client connected for job f38a71b2-ec24-4a43-92ac-60c3232fb687
2026-07-30 12:01:16,370 [INFO] services.chai_release_service: [job:f38a71b2-ec24-4a43-92ac-60c3232fb687]    4%  (212 MB / 5309 MB)
2026-07-30 12:01:19,340 [INFO] services.chai_release_service: [job:f38a71b2-ec24-4a43-92ac-60c3232fb687]    9%  (478 MB / 5309 MB)
2026-07-30 12:01:22,639 [INFO] services.chai_release_service: [job:f38a71b2-ec24-4a43-92ac-60c3232fb687]    14%  (743 MB / 5309 MB)
2026-07-30 12:01:25,532 [INFO] services.chai_release_service: [job:f38a71b2-ec24-4a43-92ac-60c3232fb687]    19%  (1009 MB / 5309 MB)
2026-07-30 12:01:28,417 [INFO] services.chai_release_service: [job:f38a71b2-ec24-4a43-92ac-60c3232fb687]    24%  (1274 MB / 5309 MB)
2026-07-30 12:01:31,204 [INFO] services.chai_release_service: [job:f38a71b2-ec24-4a43-92ac-60c3232fb687]    29%  (1540 MB / 5309 MB)
2026-07-30 12:01:34,064 [INFO] services.chai_release_service: [job:f38a71b2-ec24-4a43-92ac-60c3232fb687]    34%  (1805 MB / 5309 MB)
2026-07-30 12:01:36,924 [INFO] services.chai_release_service: [job:f38a71b2-ec24-4a43-92ac-60c3232fb687]    39%  (2071 MB / 5309 MB)
2026-07-30 12:01:39,840 [INFO] services.chai_release_service: [job:f38a71b2-ec24-4a43-92ac-60c3232fb687]    44%  (2336 MB / 5309 MB)
2026-07-30 12:01:42,755 [INFO] services.chai_release_service: [job:f38a71b2-ec24-4a43-92ac-60c3232fb687]    49%  (2602 MB / 5309 MB)
2026-07-30 12:01:45,773 [INFO] services.chai_release_service: [job:f38a71b2-ec24-4a43-92ac-60c3232fb687]    54%  (2867 MB / 5309 MB)
2026-07-30 12:01:48,623 [INFO] services.chai_release_service: [job:f38a71b2-ec24-4a43-92ac-60c3232fb687]    59%  (3133 MB / 5309 MB)
2026-07-30 12:01:51,592 [INFO] services.chai_release_service: [job:f38a71b2-ec24-4a43-92ac-60c3232fb687]    64%  (3398 MB / 5309 MB)
2026-07-30 12:01:54,500 [INFO] services.chai_release_service: [job:f38a71b2-ec24-4a43-92ac-60c3232fb687]    69%  (3664 MB / 5309 MB)
2026-07-30 12:01:57,495 [INFO] services.chai_release_service: [job:f38a71b2-ec24-4a43-92ac-60c3232fb687]    74%  (3929 MB / 5309 MB)
2026-07-30 12:02:00,563 [INFO] services.chai_release_service: [job:f38a71b2-ec24-4a43-92ac-60c3232fb687]    79%  (4195 MB / 5309 MB)
2026-07-30 12:02:03,634 [INFO] services.chai_release_service: [job:f38a71b2-ec24-4a43-92ac-60c3232fb687]    84%  (4460 MB / 5309 MB)
2026-07-30 12:02:06,489 [INFO] services.chai_release_service: [job:f38a71b2-ec24-4a43-92ac-60c3232fb687]    89%  (4726 MB / 5309 MB)
2026-07-30 12:02:09,465 [INFO] services.chai_release_service: [job:f38a71b2-ec24-4a43-92ac-60c3232fb687]    94%  (4991 MB / 5309 MB)
2026-07-30 12:02:12,454 [INFO] services.chai_release_service: [job:f38a71b2-ec24-4a43-92ac-60c3232fb687]    99%  (5257 MB / 5309 MB)
2026-07-30 12:02:13,012 [INFO] services.chai_release_service: [job:f38a71b2-ec24-4a43-92ac-60c3232fb687] ✅ Download complete: openchai_hpc_addon_v1.25.0.tgz
2026-07-30 12:02:13,013 [INFO] services.chai_release_service: [job:f38a71b2-ec24-4a43-92ac-60c3232fb687] 📦 Extracting openchai_hpc_addon_v1.25.0.tgz → /opt/OpenCHAI_Registry/july/OpenCHAI/hpcsuite_registry/hostmachine_reg/x86_64/rocky9.6
2026-07-30 12:02:23,590 [INFO] services.chai_release_service: [job:f38a71b2-ec24-4a43-92ac-60c3232fb687] ✅ Extraction complete
2026-07-30 12:02:23,940 [INFO] services.chai_release_service: [job:f38a71b2-ec24-4a43-92ac-60c3232fb687] ✅ Registry validated: /opt/OpenCHAI_Registry/july/OpenCHAI/hpcsuite_registry/hostmachine_reg/x86_64/rocky9.6/openchai_hpc_addon_v1.25.0
2026-07-30 12:02:23,940 [INFO] services.chai_release_service: [job:f38a71b2-ec24-4a43-92ac-60c3232fb687] 
── Updating configuration files ──
2026-07-30 12:02:23,942 [INFO] services.chai_release_service: [job:f38a71b2-ec24-4a43-92ac-60c3232fb687] ✅ Updated: /opt/OpenCHAI_Registry/july/OpenCHAI/automation/ansible/group_vars/all.yml
2026-07-30 12:02:23,942 [INFO] services.chai_release_service: [job:f38a71b2-ec24-4a43-92ac-60c3232fb687] ✅ Updated: /opt/OpenCHAI_Registry/july/OpenCHAI/automation/ansible/ansible.cfg
2026-07-30 12:02:23,943 [INFO] services.chai_release_service: [job:f38a71b2-ec24-4a43-92ac-60c3232fb687] ✅ Backup created: /etc/ansible/ansible.cfg.bak
2026-07-30 12:02:23,943 [INFO] services.chai_release_service: [job:f38a71b2-ec24-4a43-92ac-60c3232fb687] ✅ Copied /opt/OpenCHAI_Registry/july/OpenCHAI/automation/ansible/ansible.cfg -> /etc/ansible/ansible.cfg
2026-07-30 12:02:23,943 [INFO] services.chai_release_service: [job:f38a71b2-ec24-4a43-92ac-60c3232fb687] ✅ Updated: /opt/OpenCHAI_Registry/july/OpenCHAI/automation/ansible/inventory/inventory.sh
2026-07-30 12:02:23,944 [INFO] services.chai_release_service: [job:f38a71b2-ec24-4a43-92ac-60c3232fb687] ✅ Updated inventory.sh: /opt/OpenCHAI_Registry/july/OpenCHAI/automation/ansible/inventory/inventory.sh
2026-07-30 12:02:23,944 [INFO] services.chai_release_service: [job:f38a71b2-ec24-4a43-92ac-60c3232fb687] ✅ CHAI Release setup complete!
2026-08-05 15:06:25,180 [INFO] services.state_manager: No existing state file — starting fresh.
2026-08-05 15:06:25,425 [INFO] openchai_gui: ============================================================
2026-08-05 15:06:25,425 [INFO] openchai_gui:   OpenCHAI GUI Backend starting
2026-08-05 15:06:25,425 [INFO] openchai_gui:   Python   : 3.9.25
2026-08-05 15:06:25,425 [INFO] openchai_gui:   Root     : /opt/OpenCHAI_Registry/july/OpenCHAI
2026-08-05 15:06:25,425 [INFO] openchai_gui:   Ansible  : /opt/OpenCHAI_Registry/july/OpenCHAI/automation/ansible
2026-08-05 15:06:25,425 [INFO] openchai_gui:   Routers  : 15 loaded
2026-08-05 15:06:25,425 [INFO] openchai_gui: ============================================================
2026-08-05 15:06:25,425 [INFO] openchai_gui.config: ───────────────────────────────────────────────────────
2026-08-05 15:06:25,425 [INFO] openchai_gui.config:   OpenCHAI GUI — Path Validation
2026-08-05 15:06:25,425 [INFO] openchai_gui.config: ───────────────────────────────────────────────────────
2026-08-05 15:06:25,425 [INFO] openchai_gui.config:   ✅  OPENCHAI_ROOT          /opt/OpenCHAI_Registry/july/OpenCHAI
2026-08-05 15:06:25,425 [INFO] openchai_gui.config:   ✅  ANSIBLE_DIR            /opt/OpenCHAI_Registry/july/OpenCHAI/automation/ansible
2026-08-05 15:06:25,425 [INFO] openchai_gui.config:   ✅  PLAYBOOK_LIBRARY       /opt/OpenCHAI_Registry/july/OpenCHAI/automation/ansible/playbook_library
2026-08-05 15:06:25,425 [WARNING] openchai_gui.config:   ⚠️   INVENTORY_PATH         /opt/OpenCHAI_Registry/july/OpenCHAI/automation/ansible/inventory/hosts.ini  (will be created when needed)
2026-08-05 15:06:25,426 [INFO] openchai_gui.config:   ✅  GROUP_VARS_DIR         /opt/OpenCHAI_Registry/july/OpenCHAI/automation/ansible/group_vars
2026-08-05 15:06:25,426 [INFO] openchai_gui.config:   ✅  ANSIBLE_CFG            /opt/OpenCHAI_Registry/july/OpenCHAI/automation/ansible/ansible.cfg
2026-08-05 15:06:25,426 [INFO] openchai_gui.config:   ✅  SSH_KEY                /root/.ssh/id_rsa
2026-08-05 15:06:25,426 [INFO] openchai_gui.config:   ✅  HOST_VARS_DIR          /opt/OpenCHAI_Registry/july/OpenCHAI/automation/ansible/inventory/host_vars
2026-08-05 15:06:25,426 [INFO] openchai_gui.config:   ✅  VAULT_PASSWORD_FILE    /opt/OpenCHAI_Registry/july/OpenCHAI/automation/ansible/.vault_pass
2026-08-05 15:06:25,426 [INFO] openchai_gui.config: ───────────────────────────────────────────────────────
2026-08-05 15:06:25,426 [INFO] services.vault_service: Vault readiness OK — ansible.cfg vault_password_file matches /opt/OpenCHAI_Registry/july/OpenCHAI/automation/ansible/.vault_pass
2026-08-05 15:06:25,429 [INFO] services.inventory_cli_bridge: Inventory bridge OK — using /opt/OpenCHAI_Registry/july/OpenCHAI/automation/ansible/inventory.py (inventory_file=/opt/OpenCHAI_Registry/july/OpenCHAI/automation/ansible/inventory/inventory_def.txt)
2026-08-05 15:06:56,118 [INFO] routes.auth: Login OK: user='root' role='admin' groups=['root', 'openchai-admins'] ip=127.0.0.1
2026-08-05 16:17:36,440 [INFO] openchai_gui: OpenCHAI GUI backend stopped (uptime 4271.1s)
2026-08-06 11:48:30,462 [INFO] services.state_manager: No existing state file — starting fresh.
2026-08-06 11:48:30,671 [INFO] openchai_gui: ============================================================
2026-08-06 11:48:30,671 [INFO] openchai_gui:   OpenCHAI GUI Backend starting
2026-08-06 11:48:30,671 [INFO] openchai_gui:   Python   : 3.9.25
2026-08-06 11:48:30,671 [INFO] openchai_gui:   Root     : /opt/OpenCHAI_Registry/july/OpenCHAI
2026-08-06 11:48:30,671 [INFO] openchai_gui:   Ansible  : /opt/OpenCHAI_Registry/july/OpenCHAI/automation/ansible
2026-08-06 11:48:30,672 [INFO] openchai_gui:   Routers  : 15 loaded
2026-08-06 11:48:30,672 [INFO] openchai_gui: ============================================================
2026-08-06 11:48:30,672 [INFO] openchai_gui.config: ───────────────────────────────────────────────────────
2026-08-06 11:48:30,672 [INFO] openchai_gui.config:   OpenCHAI GUI — Path Validation
2026-08-06 11:48:30,672 [INFO] openchai_gui.config: ───────────────────────────────────────────────────────
2026-08-06 11:48:30,672 [INFO] openchai_gui.config:   ✅  OPENCHAI_ROOT          /opt/OpenCHAI_Registry/july/OpenCHAI
2026-08-06 11:48:30,672 [INFO] openchai_gui.config:   ✅  ANSIBLE_DIR            /opt/OpenCHAI_Registry/july/OpenCHAI/automation/ansible
2026-08-06 11:48:30,672 [INFO] openchai_gui.config:   ✅  PLAYBOOK_LIBRARY       /opt/OpenCHAI_Registry/july/OpenCHAI/automation/ansible/playbook_library
2026-08-06 11:48:30,672 [WARNING] openchai_gui.config:   ⚠️   INVENTORY_PATH         /opt/OpenCHAI_Registry/july/OpenCHAI/automation/ansible/inventory/hosts.ini  (will be created when needed)
2026-08-06 11:48:30,672 [INFO] openchai_gui.config:   ✅  GROUP_VARS_DIR         /opt/OpenCHAI_Registry/july/OpenCHAI/automation/ansible/group_vars
2026-08-06 11:48:30,672 [INFO] openchai_gui.config:   ✅  ANSIBLE_CFG            /opt/OpenCHAI_Registry/july/OpenCHAI/automation/ansible/ansible.cfg
2026-08-06 11:48:30,672 [INFO] openchai_gui.config:   ✅  SSH_KEY                /root/.ssh/id_rsa
2026-08-06 11:48:30,672 [INFO] openchai_gui.config:   ✅  HOST_VARS_DIR          /opt/OpenCHAI_Registry/july/OpenCHAI/automation/ansible/inventory/host_vars
2026-08-06 11:48:30,672 [INFO] openchai_gui.config:   ✅  VAULT_PASSWORD_FILE    /opt/OpenCHAI_Registry/july/OpenCHAI/automation/ansible/.vault_pass
2026-08-06 11:48:30,672 [INFO] openchai_gui.config: ───────────────────────────────────────────────────────
2026-08-06 11:48:30,673 [INFO] services.vault_service: Vault readiness OK — ansible.cfg vault_password_file matches /opt/OpenCHAI_Registry/july/OpenCHAI/automation/ansible/.vault_pass
2026-08-06 11:48:30,675 [INFO] services.inventory_cli_bridge: Inventory bridge OK — using /opt/OpenCHAI_Registry/july/OpenCHAI/automation/ansible/inventory.py (inventory_file=/opt/OpenCHAI_Registry/july/OpenCHAI/automation/ansible/inventory/inventory_def.txt)
2026-08-06 11:49:32,499 [INFO] routes.auth: Login OK: user='root' role='admin' groups=['root', 'openchai-admins'] ip=127.0.0.1
2026-08-06 11:49:50,805 [WARNING] inventory: Vault password file /opt/OpenCHAI_Registry/july/OpenCHAI/automation/ansible/.vault_pass has loose permissions (644). Recommended: chmod 600.
2026-08-06 11:50:01,267 [INFO] paramiko.transport: Connected (version 2.0, client OpenSSH_8.7)
2026-08-06 11:50:01,384 [INFO] paramiko.transport: Authentication (password) successful!
2026-08-06 11:50:04,026 [INFO] paramiko.transport: Connected (version 2.0, client OpenSSH_8.7)
2026-08-06 11:50:04,152 [INFO] paramiko.transport: Authentication (password) successful!
2026-08-06 14:42:46,195 [INFO] paramiko.transport: Connected (version 2.0, client OpenSSH_8.7)
2026-08-06 14:42:46,290 [INFO] paramiko.transport: Authentication (password) successful!
2026-08-06 14:42:59,249 [INFO] paramiko.transport: Connected (version 2.0, client OpenSSH_8.7)
2026-08-06 14:42:59,369 [INFO] paramiko.transport: Authentication (password) successful!
2026-08-06 14:43:02,427 [INFO] paramiko.transport: Connected (version 2.0, client OpenSSH_8.7)
2026-08-06 14:43:02,534 [INFO] paramiko.transport: Authentication (password) successful!
2026-08-06 14:43:05,559 [INFO] paramiko.transport: Connected (version 2.0, client OpenSSH_8.0)
2026-08-06 14:43:05,652 [INFO] paramiko.transport: Authentication (password) successful!
2026-08-12 11:31:46,418 [INFO] services.state_manager: No existing state file — starting fresh.
2026-08-12 11:31:46,636 [INFO] openchai_gui: ============================================================
2026-08-12 11:31:46,636 [INFO] openchai_gui:   OpenCHAI GUI Backend starting
2026-08-12 11:31:46,636 [INFO] openchai_gui:   Python   : 3.9.25
2026-08-12 11:31:46,636 [INFO] openchai_gui:   Root     : /opt/OpenCHAI_Registry/july/OpenCHAI
2026-08-12 11:31:46,636 [INFO] openchai_gui:   Ansible  : /opt/OpenCHAI_Registry/july/OpenCHAI/automation/ansible
2026-08-12 11:31:46,636 [INFO] openchai_gui:   Routers  : 15 loaded
2026-08-12 11:31:46,636 [INFO] openchai_gui: ============================================================
2026-08-12 11:31:46,636 [INFO] openchai_gui.config: ───────────────────────────────────────────────────────
2026-08-12 11:31:46,636 [INFO] openchai_gui.config:   OpenCHAI GUI — Path Validation
2026-08-12 11:31:46,637 [INFO] openchai_gui.config: ───────────────────────────────────────────────────────
2026-08-12 11:31:46,637 [INFO] openchai_gui.config:   ✅  OPENCHAI_ROOT          /opt/OpenCHAI_Registry/july/OpenCHAI
2026-08-12 11:31:46,637 [INFO] openchai_gui.config:   ✅  ANSIBLE_DIR            /opt/OpenCHAI_Registry/july/OpenCHAI/automation/ansible
2026-08-12 11:31:46,637 [INFO] openchai_gui.config:   ✅  PLAYBOOK_LIBRARY       /opt/OpenCHAI_Registry/july/OpenCHAI/automation/ansible/playbook_library
2026-08-12 11:31:46,637 [WARNING] openchai_gui.config:   ⚠️   INVENTORY_PATH         /opt/OpenCHAI_Registry/july/OpenCHAI/automation/ansible/inventory/hosts.ini  (will be created when needed)
2026-08-12 11:31:46,637 [INFO] openchai_gui.config:   ✅  GROUP_VARS_DIR         /opt/OpenCHAI_Registry/july/OpenCHAI/automation/ansible/group_vars
2026-08-12 11:31:46,637 [INFO] openchai_gui.config:   ✅  ANSIBLE_CFG            /opt/OpenCHAI_Registry/july/OpenCHAI/automation/ansible/ansible.cfg
2026-08-12 11:31:46,637 [INFO] openchai_gui.config:   ✅  SSH_KEY                /root/.ssh/id_rsa
2026-08-12 11:31:46,637 [INFO] openchai_gui.config:   ✅  HOST_VARS_DIR          /opt/OpenCHAI_Registry/july/OpenCHAI/automation/ansible/inventory/host_vars
2026-08-12 11:31:46,637 [INFO] openchai_gui.config:   ✅  VAULT_PASSWORD_FILE    /opt/OpenCHAI_Registry/july/OpenCHAI/automation/ansible/.vault_pass
2026-08-12 11:31:46,637 [INFO] openchai_gui.config: ───────────────────────────────────────────────────────
2026-08-12 11:31:46,637 [INFO] services.vault_service: Vault readiness OK — ansible.cfg vault_password_file matches /opt/OpenCHAI_Registry/july/OpenCHAI/automation/ansible/.vault_pass
2026-08-12 11:31:46,639 [INFO] services.inventory_cli_bridge: Inventory bridge OK — using /opt/OpenCHAI_Registry/july/OpenCHAI/automation/ansible/inventory.py (inventory_file=/opt/OpenCHAI_Registry/july/OpenCHAI/automation/ansible/inventory/inventory_def.txt)
2026-08-12 11:38:45,337 [INFO] routes.auth: Login OK: user='root' role='admin' groups=['root', 'openchai-admins'] ip=127.0.0.1
2026-08-12 11:38:48,448 [WARNING] inventory: Vault password file /opt/OpenCHAI_Registry/july/OpenCHAI/automation/ansible/.vault_pass has loose permissions (644). Recommended: chmod 600.
2026-08-12 11:38:52,024 [INFO] paramiko.transport: Connected (version 2.0, client OpenSSH_8.7)
2026-08-12 11:38:52,141 [INFO] paramiko.transport: Authentication (password) successful!
2026-08-12 11:38:53,562 [INFO] paramiko.transport: Connected (version 2.0, client OpenSSH_8.7)
2026-08-12 11:38:53,667 [INFO] paramiko.transport: Authentication (password) successful!
2026-08-12 11:39:22,351 [INFO] routes.cluster_setup: Resolved inventory: /opt/OpenCHAI_Registry/july/OpenCHAI/automation/ansible/inventory/inventory_def.txt
2026-08-12 11:39:22,351 [INFO] services.ansible_runner: Normalized extra-vars: {'drbd_use_local_rpms': True, 'pcs_manage_services': True, 'allow_package_removal': False, 'pcs_reinstall_packages': False, 'drbd_resource_name': 'rudra_drbd', 'drbd_force_md_create': True, 'drbd_nodes': [{'device': '/dev/drbd0', 'ip': '172.10.3.3', 'name': 'cn03'}, {'device': '/dev/drbd0', 'ip': '172.10.3.4', 'name': 'cn04'}], 'vip_interface': 'ens1f2', 'vip_ip': '172.10.3.240', 'vip_prefix': 22, 'vip_resource_name': 'vip_xCAT', 'drbd_clone_name': 'drbdfs-clone', 'drbd_fs_resource_name': 'xcatfs', 'drbd_device': '/dev/drbd0', 'drbd_mount_dir': '/drbd', 'drbd_fstype': 'ext4', 'primary_master_node_hostname': 'cn03', 'secondary_master_node_hostname': 'cn04', 'pcs_cluster_name': 'drbd_xCAT', 'mounted_state': 'ephemeral'}
2026-08-12 11:39:22,352 [WARNING] services.ansible_runner: inventory_path provided but ignored. Using ansible.cfg default inventory.
2026-08-12 11:39:22,352 [INFO] services.ansible_runner: Job 7e777f90-7e45-4b7a-a07e-6d332e111d31 | cwd=/opt/OpenCHAI_Registry/july/OpenCHAI/automation/ansible | cmd=ansible-playbook /opt/OpenCHAI_Registry/july/OpenCHAI/cluster_setup/ha_server_setup/hpc_master/phase2.1_pcs_drbd.yml --user root --private-key /root/.ssh/id_rsa --extra-vars '{"drbd_use_local_rpms": true, "pcs_manage_services": true, "allow_package_removal": false, "pcs_reinstall_packages": false, "drbd_resource_name": "rudra_drbd", "drbd_force_md_create": true, "drbd_nodes": [{"device": "/dev/drbd0", "ip": "172.10.3.3", "name": "cn03"}, {"device": "/dev/drbd0", "ip": "172.10.3.4", "name": "cn04"}], "vip_interface": "ens1f2", "vip_ip": "172.10.3.240", "vip_prefix": 22, "vip_resource_name": "vip_xCAT", "drbd_clone_name": "drbdfs-clone", "drbd_fs_resource_name": "xcatfs", "drbd_device": "/dev/drbd0", "drbd_mount_dir": "/drbd", "drbd_fstype": "ext4", "primary_master_node_hostname": "cn03", "secondary_master_node_hostname": "cn04", "pcs_cluster_name": "drbd_xCAT", "mounted_state": "ephemeral"}' --limit hpc-master01,hpc-master02
2026-08-12 11:39:22,394 [INFO] routes.logs: WS client connected for job 7e777f90-7e45-4b7a-a07e-6d332e111d31
2026-08-12 11:39:22,448 [INFO] routes.logs: WS client connected for job 7e777f90-7e45-4b7a-a07e-6d332e111d31
2026-08-12 11:39:22,706 [INFO] routes.logs: WS client disconnected from job 7e777f90-7e45-4b7a-a07e-6d332e111d31
2026-08-12 11:39:22,706 [INFO] routes.logs: WS session for job 7e777f90-7e45-4b7a-a07e-6d332e111d31 closed
2026-08-12 11:39:47,745 [INFO] routes.logs: WS client connected for job 7e777f90-7e45-4b7a-a07e-6d332e111d31
2026-08-12 11:39:55,589 [INFO] services.ansible_runner: Job 7e777f90-7e45-4b7a-a07e-6d332e111d31 finished rc=2 status=failed
2026-08-12 11:39:55,590 [INFO] routes.logs: WS session for job 7e777f90-7e45-4b7a-a07e-6d332e111d31 closed
2026-08-12 11:39:55,590 [INFO] routes.logs: WS session for job 7e777f90-7e45-4b7a-a07e-6d332e111d31 closed
2026-08-12 11:40:54,435 [INFO] services.chai_release_service: Registry auth store updated (type=basic)
2026-08-12 11:40:54,469 [INFO] httpx: HTTP Request: GET https://hpcsangrah-test.pune.cdac.in/vault/OpenCHAI/hpcsuite_registry/hostmachine_reg/ "HTTP/1.1 404 Not Found"
2026-08-12 11:40:54,471 [WARNING] routes.chai_release: Registry auth REJECTED (type=basic, status=404): Registry returned unexpected status 404.
2026-08-12 11:40:54,471 [INFO] services.chai_release_service: Registry auth store updated (type=none)
2026-08-12 11:41:37,038 [INFO] services.chai_release_service: Registry auth store updated (type=basic)
2026-08-12 11:41:37,060 [INFO] httpx: HTTP Request: GET https://hpcsangrah-test.pune.cdac.in/vault/OpenCHAI/hpcsuite_registry/hostmachine_reg/ "HTTP/1.1 404 Not Found"
2026-08-12 11:41:37,061 [WARNING] routes.chai_release: Registry auth REJECTED (type=basic, status=404): Registry returned unexpected status 404.
2026-08-12 11:41:37,061 [INFO] services.chai_release_service: Registry auth store updated (type=none)
2026-08-12 11:41:44,593 [INFO] services.chai_release_service: Registry auth store updated (type=basic)
2026-08-12 11:41:44,614 [INFO] httpx: HTTP Request: GET https://hpcsangrah-test.pune.cdac.in/vault/OpenCHAI/hpcsuite_registry/hostmachine_reg/ "HTTP/1.1 404 Not Found"
2026-08-12 11:41:44,615 [WARNING] routes.chai_release: Registry auth REJECTED (type=basic, status=404): Registry returned unexpected status 404.
2026-08-12 11:41:44,615 [INFO] services.chai_release_service: Registry auth store updated (type=none)
2026-08-12 11:43:39,803 [INFO] services.backup_service: Backup created: /opt/OpenCHAI_Registry/july/OpenCHAI/automation/ansible/group_vars/all.yml → /opt/OpenCHAI_Registry/july/OpenCHAI/backup/20260812_061339_802452/automation/ansible/group_vars/all.yml
2026-08-12 11:43:39,803 [INFO] services.backup_service: Written: /opt/OpenCHAI_Registry/july/OpenCHAI/automation/ansible/group_vars/all.yml  (backup: /opt/OpenCHAI_Registry/july/OpenCHAI/backup/20260812_061339_802452/automation/ansible/group_vars/all.yml)
2026-08-12 11:44:13,365 [INFO] routes.cluster_setup: Resolved inventory: /opt/OpenCHAI_Registry/july/OpenCHAI/automation/ansible/inventory/inventory_def.txt
2026-08-12 11:44:13,366 [INFO] services.ansible_runner: Normalized extra-vars: {'drbd_use_local_rpms': True, 'pcs_manage_services': True, 'allow_package_removal': False, 'pcs_reinstall_packages': False, 'drbd_resource_name': 'rudra_drbd', 'drbd_force_md_create': True, 'drbd_nodes': [{'device': '/dev/drbd0', 'ip': '172.10.3.3', 'name': 'cn03'}, {'device': '/dev/drbd0', 'ip': '172.10.3.4', 'name': 'cn04'}], 'vip_interface': 'ens1f2', 'vip_ip': '172.10.3.240', 'vip_prefix': 22, 'vip_resource_name': 'vip_xCAT', 'drbd_clone_name': 'drbdfs-clone', 'drbd_fs_resource_name': 'xcatfs', 'drbd_device': '/dev/drbd0', 'drbd_mount_dir': '/drbd', 'drbd_fstype': 'ext4', 'primary_master_node_hostname': 'cn03', 'secondary_master_node_hostname': 'cn04', 'pcs_cluster_name': 'drbd_xCAT', 'mounted_state': 'ephemeral'}
2026-08-12 11:44:13,366 [WARNING] services.ansible_runner: inventory_path provided but ignored. Using ansible.cfg default inventory.
2026-08-12 11:44:13,367 [INFO] services.ansible_runner: Job 302da413-dbac-4f5a-9174-211277f2156c | cwd=/opt/OpenCHAI_Registry/july/OpenCHAI/automation/ansible | cmd=ansible-playbook /opt/OpenCHAI_Registry/july/OpenCHAI/cluster_setup/ha_server_setup/hpc_master/phase2.1_pcs_drbd.yml --user root --private-key /root/.ssh/id_rsa --extra-vars '{"drbd_use_local_rpms": true, "pcs_manage_services": true, "allow_package_removal": false, "pcs_reinstall_packages": false, "drbd_resource_name": "rudra_drbd", "drbd_force_md_create": true, "drbd_nodes": [{"device": "/dev/drbd0", "ip": "172.10.3.3", "name": "cn03"}, {"device": "/dev/drbd0", "ip": "172.10.3.4", "name": "cn04"}], "vip_interface": "ens1f2", "vip_ip": "172.10.3.240", "vip_prefix": 22, "vip_resource_name": "vip_xCAT", "drbd_clone_name": "drbdfs-clone", "drbd_fs_resource_name": "xcatfs", "drbd_device": "/dev/drbd0", "drbd_mount_dir": "/drbd", "drbd_fstype": "ext4", "primary_master_node_hostname": "cn03", "secondary_master_node_hostname": "cn04", "pcs_cluster_name": "drbd_xCAT", "mounted_state": "ephemeral"}' --limit hpc-master01,hpc-master02
2026-08-12 11:44:13,432 [INFO] routes.logs: WS client connected for job 302da413-dbac-4f5a-9174-211277f2156c
2026-08-12 11:44:13,444 [INFO] routes.logs: WS client connected for job 302da413-dbac-4f5a-9174-211277f2156c
2026-08-12 11:44:13,711 [INFO] routes.logs: WS client disconnected from job 302da413-dbac-4f5a-9174-211277f2156c
2026-08-12 11:44:13,711 [INFO] routes.logs: WS session for job 302da413-dbac-4f5a-9174-211277f2156c closed
2026-08-12 11:44:23,978 [INFO] routes.logs: WS client connected for job 302da413-dbac-4f5a-9174-211277f2156c
2026-08-12 11:47:25,491 [INFO] services.ansible_runner: Job 302da413-dbac-4f5a-9174-211277f2156c finished rc=2 status=failed
2026-08-12 11:47:25,492 [INFO] routes.logs: WS session for job 302da413-dbac-4f5a-9174-211277f2156c closed
2026-08-12 11:47:25,492 [INFO] routes.logs: WS session for job 302da413-dbac-4f5a-9174-211277f2156c closed
2026-08-17 14:24:13,266 [INFO] services.state_manager: No existing state file — starting fresh.
2026-08-17 14:24:13,473 [INFO] openchai_gui: ============================================================
2026-08-17 14:24:13,473 [INFO] openchai_gui:   OpenCHAI GUI Backend starting
2026-08-17 14:24:13,473 [INFO] openchai_gui:   Python   : 3.9.25
2026-08-17 14:24:13,473 [INFO] openchai_gui:   Root     : /opt/OpenCHAI_Registry/july/OpenCHAI
2026-08-17 14:24:13,473 [INFO] openchai_gui:   Ansible  : /opt/OpenCHAI_Registry/july/OpenCHAI/automation/ansible
2026-08-17 14:24:13,473 [INFO] openchai_gui:   Routers  : 15 loaded
2026-08-17 14:24:13,473 [INFO] openchai_gui: ============================================================
2026-08-17 14:24:13,473 [INFO] openchai_gui.config: ───────────────────────────────────────────────────────
2026-08-17 14:24:13,473 [INFO] openchai_gui.config:   OpenCHAI GUI — Path Validation
2026-08-17 14:24:13,473 [INFO] openchai_gui.config: ───────────────────────────────────────────────────────
2026-08-17 14:24:13,473 [INFO] openchai_gui.config:   ✅  OPENCHAI_ROOT          /opt/OpenCHAI_Registry/july/OpenCHAI
2026-08-17 14:24:13,474 [INFO] openchai_gui.config:   ✅  ANSIBLE_DIR            /opt/OpenCHAI_Registry/july/OpenCHAI/automation/ansible
2026-08-17 14:24:13,474 [INFO] openchai_gui.config:   ✅  PLAYBOOK_LIBRARY       /opt/OpenCHAI_Registry/july/OpenCHAI/automation/ansible/playbook_library
2026-08-17 14:24:13,474 [WARNING] openchai_gui.config:   ⚠️   INVENTORY_PATH         /opt/OpenCHAI_Registry/july/OpenCHAI/automation/ansible/inventory/hosts.ini  (will be created when needed)
2026-08-17 14:24:13,474 [INFO] openchai_gui.config:   ✅  GROUP_VARS_DIR         /opt/OpenCHAI_Registry/july/OpenCHAI/automation/ansible/group_vars
2026-08-17 14:24:13,474 [INFO] openchai_gui.config:   ✅  ANSIBLE_CFG            /opt/OpenCHAI_Registry/july/OpenCHAI/automation/ansible/ansible.cfg
2026-08-17 14:24:13,474 [INFO] openchai_gui.config:   ✅  SSH_KEY                /root/.ssh/id_rsa
2026-08-17 14:24:13,474 [INFO] openchai_gui.config:   ✅  HOST_VARS_DIR          /opt/OpenCHAI_Registry/july/OpenCHAI/automation/ansible/inventory/host_vars
2026-08-17 14:24:13,474 [INFO] openchai_gui.config:   ✅  VAULT_PASSWORD_FILE    /opt/OpenCHAI_Registry/july/OpenCHAI/automation/ansible/.vault_pass
2026-08-17 14:24:13,474 [INFO] openchai_gui.config: ───────────────────────────────────────────────────────
2026-08-17 14:24:13,474 [INFO] services.vault_service: Vault readiness OK — ansible.cfg vault_password_file matches /opt/OpenCHAI_Registry/july/OpenCHAI/automation/ansible/.vault_pass
2026-08-17 14:24:13,476 [INFO] services.inventory_cli_bridge: Inventory bridge OK — using /opt/OpenCHAI_Registry/july/OpenCHAI/automation/ansible/inventory.py (inventory_file=/opt/OpenCHAI_Registry/july/OpenCHAI/automation/ansible/inventory/inventory_def.txt)
2026-08-17 14:27:52,764 [INFO] openchai_gui: OpenCHAI GUI backend stopped (uptime 219.4s)
2026-08-17 14:27:55,845 [INFO] services.state_manager: No existing state file — starting fresh.
2026-08-17 14:27:56,053 [INFO] openchai_gui: ============================================================
2026-08-17 14:27:56,053 [INFO] openchai_gui:   OpenCHAI GUI Backend starting
2026-08-17 14:27:56,053 [INFO] openchai_gui:   Python   : 3.9.25
2026-08-17 14:27:56,053 [INFO] openchai_gui:   Root     : /opt/OpenCHAI_Registry/july/OpenCHAI
2026-08-17 14:27:56,053 [INFO] openchai_gui:   Ansible  : /opt/OpenCHAI_Registry/july/OpenCHAI/automation/ansible
2026-08-17 14:27:56,053 [INFO] openchai_gui:   Routers  : 15 loaded
2026-08-17 14:27:56,053 [INFO] openchai_gui: ============================================================
2026-08-17 14:27:56,053 [INFO] openchai_gui.config: ───────────────────────────────────────────────────────
2026-08-17 14:27:56,053 [INFO] openchai_gui.config:   OpenCHAI GUI — Path Validation
2026-08-17 14:27:56,053 [INFO] openchai_gui.config: ───────────────────────────────────────────────────────
2026-08-17 14:27:56,053 [INFO] openchai_gui.config:   ✅  OPENCHAI_ROOT          /opt/OpenCHAI_Registry/july/OpenCHAI
2026-08-17 14:27:56,053 [INFO] openchai_gui.config:   ✅  ANSIBLE_DIR            /opt/OpenCHAI_Registry/july/OpenCHAI/automation/ansible
2026-08-17 14:27:56,053 [INFO] openchai_gui.config:   ✅  PLAYBOOK_LIBRARY       /opt/OpenCHAI_Registry/july/OpenCHAI/automation/ansible/playbook_library
2026-08-17 14:27:56,053 [WARNING] openchai_gui.config:   ⚠️   INVENTORY_PATH         /opt/OpenCHAI_Registry/july/OpenCHAI/automation/ansible/inventory/hosts.ini  (will be created when needed)
2026-08-17 14:27:56,054 [INFO] openchai_gui.config:   ✅  GROUP_VARS_DIR         /opt/OpenCHAI_Registry/july/OpenCHAI/automation/ansible/group_vars
2026-08-17 14:27:56,054 [INFO] openchai_gui.config:   ✅  ANSIBLE_CFG            /opt/OpenCHAI_Registry/july/OpenCHAI/automation/ansible/ansible.cfg
2026-08-17 14:27:56,054 [INFO] openchai_gui.config:   ✅  SSH_KEY                /root/.ssh/id_rsa
2026-08-17 14:27:56,054 [INFO] openchai_gui.config:   ✅  HOST_VARS_DIR          /opt/OpenCHAI_Registry/july/OpenCHAI/automation/ansible/inventory/host_vars
2026-08-17 14:27:56,054 [INFO] openchai_gui.config:   ✅  VAULT_PASSWORD_FILE    /opt/OpenCHAI_Registry/july/OpenCHAI/automation/ansible/.vault_pass
2026-08-17 14:27:56,054 [INFO] openchai_gui.config: ───────────────────────────────────────────────────────
2026-08-17 14:27:56,054 [INFO] services.vault_service: Vault readiness OK — ansible.cfg vault_password_file matches /opt/OpenCHAI_Registry/july/OpenCHAI/automation/ansible/.vault_pass
2026-08-17 14:27:56,056 [INFO] services.inventory_cli_bridge: Inventory bridge OK — using /opt/OpenCHAI_Registry/july/OpenCHAI/automation/ansible/inventory.py (inventory_file=/opt/OpenCHAI_Registry/july/OpenCHAI/automation/ansible/inventory/inventory_def.txt)
2026-08-17 14:28:20,342 [INFO] openchai_gui: OpenCHAI GUI backend stopped (uptime 24.4s)
2026-08-17 14:28:52,850 [INFO] services.state_manager: No existing state file — starting fresh.
2026-08-17 14:28:53,055 [INFO] openchai_gui: ============================================================
2026-08-17 14:28:53,055 [INFO] openchai_gui:   OpenCHAI GUI Backend starting
2026-08-17 14:28:53,055 [INFO] openchai_gui:   Python   : 3.9.25
2026-08-17 14:28:53,055 [INFO] openchai_gui:   Root     : /opt/OpenCHAI_Registry/july/OpenCHAI
2026-08-17 14:28:53,055 [INFO] openchai_gui:   Ansible  : /opt/OpenCHAI_Registry/july/OpenCHAI/automation/ansible
2026-08-17 14:28:53,055 [INFO] openchai_gui:   Routers  : 15 loaded
2026-08-17 14:28:53,055 [INFO] openchai_gui: ============================================================
2026-08-17 14:28:53,055 [INFO] openchai_gui.config: ───────────────────────────────────────────────────────
2026-08-17 14:28:53,055 [INFO] openchai_gui.config:   OpenCHAI GUI — Path Validation
2026-08-17 14:28:53,055 [INFO] openchai_gui.config: ───────────────────────────────────────────────────────
2026-08-17 14:28:53,055 [INFO] openchai_gui.config:   ✅  OPENCHAI_ROOT          /opt/OpenCHAI_Registry/july/OpenCHAI
2026-08-17 14:28:53,055 [INFO] openchai_gui.config:   ✅  ANSIBLE_DIR            /opt/OpenCHAI_Registry/july/OpenCHAI/automation/ansible
2026-08-17 14:28:53,056 [INFO] openchai_gui.config:   ✅  PLAYBOOK_LIBRARY       /opt/OpenCHAI_Registry/july/OpenCHAI/automation/ansible/playbook_library
2026-08-17 14:28:53,056 [WARNING] openchai_gui.config:   ⚠️   INVENTORY_PATH         /opt/OpenCHAI_Registry/july/OpenCHAI/automation/ansible/inventory/hosts.ini  (will be created when needed)
2026-08-17 14:28:53,056 [INFO] openchai_gui.config:   ✅  GROUP_VARS_DIR         /opt/OpenCHAI_Registry/july/OpenCHAI/automation/ansible/group_vars
2026-08-17 14:28:53,056 [INFO] openchai_gui.config:   ✅  ANSIBLE_CFG            /opt/OpenCHAI_Registry/july/OpenCHAI/automation/ansible/ansible.cfg
2026-08-17 14:28:53,056 [INFO] openchai_gui.config:   ✅  SSH_KEY                /root/.ssh/id_rsa
2026-08-17 14:28:53,056 [INFO] openchai_gui.config:   ✅  HOST_VARS_DIR          /opt/OpenCHAI_Registry/july/OpenCHAI/automation/ansible/inventory/host_vars
2026-08-17 14:28:53,056 [INFO] openchai_gui.config:   ✅  VAULT_PASSWORD_FILE    /opt/OpenCHAI_Registry/july/OpenCHAI/automation/ansible/.vault_pass
2026-08-17 14:28:53,056 [INFO] openchai_gui.config: ───────────────────────────────────────────────────────
2026-08-17 14:28:53,056 [INFO] services.vault_service: Vault readiness OK — ansible.cfg vault_password_file matches /opt/OpenCHAI_Registry/july/OpenCHAI/automation/ansible/.vault_pass
2026-08-17 14:28:53,058 [INFO] services.inventory_cli_bridge: Inventory bridge OK — using /opt/OpenCHAI_Registry/july/OpenCHAI/automation/ansible/inventory.py (inventory_file=/opt/OpenCHAI_Registry/july/OpenCHAI/automation/ansible/inventory/inventory_def.txt)
2026-08-17 14:30:30,043 [INFO] routes.auth: Login OK: user='root' role='admin' groups=['root', 'openchai-admins'] ip=127.0.0.1
2026-08-17 14:30:32,425 [WARNING] inventory: Vault password file /opt/OpenCHAI_Registry/july/OpenCHAI/automation/ansible/.vault_pass has loose permissions (644). Recommended: chmod 600.
2026-08-17 14:31:56,060 [INFO] routes.cluster_setup: Resolved inventory: /opt/OpenCHAI_Registry/july/OpenCHAI/automation/ansible/inventory/inventory_def.txt
2026-08-17 14:31:56,061 [INFO] services.ansible_runner: Normalized extra-vars: {'drbd_use_local_rpms': True, 'pcs_manage_services': True, 'allow_package_removal': False, 'pcs_reinstall_packages': False, 'drbd_resource_name': 'rudra_drbd', 'drbd_force_md_create': True, 'drbd_nodes': [{'device': '/dev/drbd0', 'ip': '172.10.3.3', 'name': 'cn03'}, {'device': '/dev/drbd0', 'ip': '172.10.3.4', 'name': 'cn04'}], 'vip_interface': 'ens1f2', 'vip_ip': '172.10.3.240', 'vip_prefix': 22, 'vip_resource_name': 'vip_xCAT', 'drbd_clone_name': 'drbdfs-clone', 'drbd_fs_resource_name': 'xcatfs', 'drbd_device': '/dev/drbd0', 'drbd_mount_dir': '/drbd', 'drbd_fstype': 'ext4', 'primary_master_node_hostname': 'cn03', 'secondary_master_node_hostname': 'cn04', 'pcs_cluster_name': 'drbd_xCAT', 'mounted_state': 'ephemeral'}
2026-08-17 14:31:56,061 [WARNING] services.ansible_runner: inventory_path provided but ignored. Using ansible.cfg default inventory.
2026-08-17 14:31:56,062 [INFO] services.ansible_runner: Job bf28ba53-13e6-46a5-b13a-e5d577ab0cce | cwd=/opt/OpenCHAI_Registry/july/OpenCHAI/automation/ansible | cmd=ansible-playbook /opt/OpenCHAI_Registry/july/OpenCHAI/cluster_setup/ha_server_setup/hpc_master/phase2.1_pcs_drbd.yml --user root --private-key /root/.ssh/id_rsa --extra-vars '{"drbd_use_local_rpms": true, "pcs_manage_services": true, "allow_package_removal": false, "pcs_reinstall_packages": false, "drbd_resource_name": "rudra_drbd", "drbd_force_md_create": true, "drbd_nodes": [{"device": "/dev/drbd0", "ip": "172.10.3.3", "name": "cn03"}, {"device": "/dev/drbd0", "ip": "172.10.3.4", "name": "cn04"}], "vip_interface": "ens1f2", "vip_ip": "172.10.3.240", "vip_prefix": 22, "vip_resource_name": "vip_xCAT", "drbd_clone_name": "drbdfs-clone", "drbd_fs_resource_name": "xcatfs", "drbd_device": "/dev/drbd0", "drbd_mount_dir": "/drbd", "drbd_fstype": "ext4", "primary_master_node_hostname": "cn03", "secondary_master_node_hostname": "cn04", "pcs_cluster_name": "drbd_xCAT", "mounted_state": "ephemeral"}' --limit hpc-master01,hpc-master02
2026-08-17 14:31:56,111 [INFO] routes.logs: WS client connected for job bf28ba53-13e6-46a5-b13a-e5d577ab0cce
2026-08-17 14:31:56,132 [INFO] routes.logs: WS client connected for job bf28ba53-13e6-46a5-b13a-e5d577ab0cce
2026-08-17 14:31:56,402 [INFO] routes.logs: WS client disconnected from job bf28ba53-13e6-46a5-b13a-e5d577ab0cce
2026-08-17 14:31:56,402 [INFO] routes.logs: WS session for job bf28ba53-13e6-46a5-b13a-e5d577ab0cce closed
2026-08-17 14:32:01,307 [INFO] routes.logs: WS client connected for job bf28ba53-13e6-46a5-b13a-e5d577ab0cce
2026-08-17 14:35:06,345 [INFO] services.ansible_runner: Job bf28ba53-13e6-46a5-b13a-e5d577ab0cce finished rc=2 status=failed
2026-08-17 14:35:06,346 [INFO] routes.logs: WS session for job bf28ba53-13e6-46a5-b13a-e5d577ab0cce closed
2026-08-17 14:35:06,346 [INFO] routes.logs: WS session for job bf28ba53-13e6-46a5-b13a-e5d577ab0cce closed
2026-08-17 14:42:26,433 [INFO] routes.cluster_setup: Resolved inventory: /opt/OpenCHAI_Registry/july/OpenCHAI/automation/ansible/inventory/inventory_def.txt
2026-08-17 14:42:26,434 [INFO] services.ansible_runner: Normalized extra-vars: {'drbd_use_local_rpms': True, 'pcs_manage_services': True, 'allow_package_removal': False, 'pcs_reinstall_packages': False, 'drbd_resource_name': 'rudra_drbd', 'drbd_force_md_create': True, 'drbd_nodes': [{'device': '/dev/drbd0', 'ip': '172.10.3.3', 'name': 'cn03'}, {'device': '/dev/drbd0', 'ip': '172.10.3.4', 'name': 'cn04'}], 'vip_interface': 'ens1f2', 'vip_ip': '172.10.3.240', 'vip_prefix': 22, 'vip_resource_name': 'vip_xCAT', 'drbd_clone_name': 'drbdfs-clone', 'drbd_fs_resource_name': 'xcatfs', 'drbd_device': '/dev/drbd0', 'drbd_mount_dir': '/drbd', 'drbd_fstype': 'ext4', 'primary_master_node_hostname': 'cn03', 'secondary_master_node_hostname': 'cn04', 'pcs_cluster_name': 'drbd_xCAT', 'mounted_state': 'ephemeral'}
2026-08-17 14:42:26,434 [WARNING] services.ansible_runner: inventory_path provided but ignored. Using ansible.cfg default inventory.
2026-08-17 14:42:26,435 [INFO] services.ansible_runner: Job f6ea2655-5c44-41a0-a63b-16e44a34a82d | cwd=/opt/OpenCHAI_Registry/july/OpenCHAI/automation/ansible | cmd=ansible-playbook /opt/OpenCHAI_Registry/july/OpenCHAI/cluster_setup/ha_server_setup/hpc_master/phase2.1_pcs_drbd.yml --user root --private-key /root/.ssh/id_rsa --extra-vars '{"drbd_use_local_rpms": true, "pcs_manage_services": true, "allow_package_removal": false, "pcs_reinstall_packages": false, "drbd_resource_name": "rudra_drbd", "drbd_force_md_create": true, "drbd_nodes": [{"device": "/dev/drbd0", "ip": "172.10.3.3", "name": "cn03"}, {"device": "/dev/drbd0", "ip": "172.10.3.4", "name": "cn04"}], "vip_interface": "ens1f2", "vip_ip": "172.10.3.240", "vip_prefix": 22, "vip_resource_name": "vip_xCAT", "drbd_clone_name": "drbdfs-clone", "drbd_fs_resource_name": "xcatfs", "drbd_device": "/dev/drbd0", "drbd_mount_dir": "/drbd", "drbd_fstype": "ext4", "primary_master_node_hostname": "cn03", "secondary_master_node_hostname": "cn04", "pcs_cluster_name": "drbd_xCAT", "mounted_state": "ephemeral"}' --limit hpc-master01,hpc-master02
2026-08-17 14:42:26,476 [INFO] routes.logs: WS client connected for job f6ea2655-5c44-41a0-a63b-16e44a34a82d
2026-08-17 14:42:26,493 [INFO] routes.logs: WS client connected for job f6ea2655-5c44-41a0-a63b-16e44a34a82d
2026-08-17 14:42:26,776 [INFO] routes.logs: WS client disconnected from job f6ea2655-5c44-41a0-a63b-16e44a34a82d
2026-08-17 14:42:26,776 [INFO] routes.logs: WS session for job f6ea2655-5c44-41a0-a63b-16e44a34a82d closed
2026-08-17 14:42:34,605 [INFO] routes.logs: WS client connected for job f6ea2655-5c44-41a0-a63b-16e44a34a82d
2026-08-17 14:45:36,554 [INFO] services.ansible_runner: Job f6ea2655-5c44-41a0-a63b-16e44a34a82d finished rc=2 status=failed
2026-08-17 14:45:36,555 [INFO] routes.logs: WS session for job f6ea2655-5c44-41a0-a63b-16e44a34a82d closed
2026-08-17 14:45:36,556 [INFO] routes.logs: WS session for job f6ea2655-5c44-41a0-a63b-16e44a34a82d closed
2026-08-17 14:47:51,206 [INFO] routes.logs: WS client connected for job f6ea2655-5c44-41a0-a63b-16e44a34a82d
2026-08-17 14:47:51,235 [INFO] routes.logs: WS client connected for job f6ea2655-5c44-41a0-a63b-16e44a34a82d
2026-08-17 14:48:36,659 [INFO] routes.cluster_setup: Resolved inventory: /opt/OpenCHAI_Registry/july/OpenCHAI/automation/ansible/inventory/inventory_def.txt
2026-08-17 14:48:36,660 [INFO] services.ansible_runner: Normalized extra-vars: {'drbd_use_local_rpms': True, 'pcs_manage_services': True, 'allow_package_removal': False, 'pcs_reinstall_packages': False, 'drbd_resource_name': 'rudra_drbd', 'drbd_force_md_create': True, 'drbd_nodes': [{'device': '/dev/drbd0', 'ip': '172.10.3.3', 'name': 'cn03'}, {'device': '/dev/drbd0', 'ip': '172.10.3.4', 'name': 'cn04'}], 'vip_interface': 'ens1f2', 'vip_ip': '172.10.3.240', 'vip_prefix': 22, 'vip_resource_name': 'vip_xCAT', 'drbd_clone_name': 'drbdfs-clone', 'drbd_fs_resource_name': 'xcatfs', 'drbd_device': '/dev/drbd0', 'drbd_mount_dir': '/drbd', 'drbd_fstype': 'ext4', 'primary_master_node_hostname': 'cn03', 'secondary_master_node_hostname': 'cn04', 'pcs_cluster_name': 'drbd_xCAT', 'mounted_state': 'ephemeral'}
2026-08-17 14:48:36,660 [WARNING] services.ansible_runner: inventory_path provided but ignored. Using ansible.cfg default inventory.
2026-08-17 14:48:36,660 [INFO] services.ansible_runner: Job 79cfbf4c-8486-49fa-9913-b6f0b90fbe24 | cwd=/opt/OpenCHAI_Registry/july/OpenCHAI/automation/ansible | cmd=ansible-playbook /opt/OpenCHAI_Registry/july/OpenCHAI/cluster_setup/ha_server_setup/hpc_master/phase2.1_pcs_drbd.yml --user root --private-key /root/.ssh/id_rsa -vvvv --extra-vars '{"drbd_use_local_rpms": true, "pcs_manage_services": true, "allow_package_removal": false, "pcs_reinstall_packages": false, "drbd_resource_name": "rudra_drbd", "drbd_force_md_create": true, "drbd_nodes": [{"device": "/dev/drbd0", "ip": "172.10.3.3", "name": "cn03"}, {"device": "/dev/drbd0", "ip": "172.10.3.4", "name": "cn04"}], "vip_interface": "ens1f2", "vip_ip": "172.10.3.240", "vip_prefix": 22, "vip_resource_name": "vip_xCAT", "drbd_clone_name": "drbdfs-clone", "drbd_fs_resource_name": "xcatfs", "drbd_device": "/dev/drbd0", "drbd_mount_dir": "/drbd", "drbd_fstype": "ext4", "primary_master_node_hostname": "cn03", "secondary_master_node_hostname": "cn04", "pcs_cluster_name": "drbd_xCAT", "mounted_state": "ephemeral"}' --limit hpc-master01,hpc-master02
2026-08-17 14:48:36,695 [INFO] routes.logs: WS client connected for job 79cfbf4c-8486-49fa-9913-b6f0b90fbe24
2026-08-17 14:48:36,727 [INFO] routes.logs: WS client connected for job 79cfbf4c-8486-49fa-9913-b6f0b90fbe24
2026-08-17 14:48:37,003 [INFO] routes.logs: WS client disconnected from job 79cfbf4c-8486-49fa-9913-b6f0b90fbe24
2026-08-17 14:48:37,003 [INFO] routes.logs: WS session for job 79cfbf4c-8486-49fa-9913-b6f0b90fbe24 closed
2026-08-17 14:48:43,989 [INFO] routes.logs: WS client connected for job 79cfbf4c-8486-49fa-9913-b6f0b90fbe24
2026-08-17 14:51:48,336 [INFO] services.ansible_runner: Job 79cfbf4c-8486-49fa-9913-b6f0b90fbe24 finished rc=2 status=failed
2026-08-17 14:51:48,337 [INFO] routes.logs: WS session for job 79cfbf4c-8486-49fa-9913-b6f0b90fbe24 closed
2026-08-17 14:51:48,338 [INFO] routes.logs: WS session for job 79cfbf4c-8486-49fa-9913-b6f0b90fbe24 closed
2026-08-17 15:08:40,348 [INFO] routes.cluster_setup: Resolved inventory: /opt/OpenCHAI_Registry/july/OpenCHAI/automation/ansible/inventory/inventory_def.txt
2026-08-17 15:08:40,348 [INFO] services.ansible_runner: Normalized extra-vars: {'drbd_use_local_rpms': True, 'pcs_manage_services': True, 'allow_package_removal': False, 'pcs_reinstall_packages': False, 'drbd_resource_name': 'rudra_drbd', 'drbd_force_md_create': True, 'drbd_nodes': [{'device': '/dev/drbd0', 'ip': '172.10.3.3', 'name': 'cn03'}, {'device': '/dev/drbd0', 'ip': '172.10.3.4', 'name': 'cn04'}], 'vip_interface': 'ens1f2', 'vip_ip': '172.10.3.240', 'vip_prefix': 22, 'vip_resource_name': 'vip_xCAT', 'drbd_clone_name': 'drbdfs-clone', 'drbd_fs_resource_name': 'xcatfs', 'drbd_device': '/dev/drbd0', 'drbd_mount_dir': '/drbd', 'drbd_fstype': 'ext4', 'primary_master_node_hostname': 'cn03', 'secondary_master_node_hostname': 'cn04', 'pcs_cluster_name': 'drbd_xCAT', 'mounted_state': 'ephemeral'}
2026-08-17 15:08:40,349 [WARNING] services.ansible_runner: inventory_path provided but ignored. Using ansible.cfg default inventory.
2026-08-17 15:08:40,349 [INFO] services.ansible_runner: Job 69635111-aa4b-482d-bfe3-1a66e3e948f4 | cwd=/opt/OpenCHAI_Registry/july/OpenCHAI/automation/ansible | cmd=ansible-playbook /opt/OpenCHAI_Registry/july/OpenCHAI/cluster_setup/ha_server_setup/hpc_master/phase2.1_pcs_drbd.yml --user root --private-key /root/.ssh/id_rsa -vv --extra-vars '{"drbd_use_local_rpms": true, "pcs_manage_services": true, "allow_package_removal": false, "pcs_reinstall_packages": false, "drbd_resource_name": "rudra_drbd", "drbd_force_md_create": true, "drbd_nodes": [{"device": "/dev/drbd0", "ip": "172.10.3.3", "name": "cn03"}, {"device": "/dev/drbd0", "ip": "172.10.3.4", "name": "cn04"}], "vip_interface": "ens1f2", "vip_ip": "172.10.3.240", "vip_prefix": 22, "vip_resource_name": "vip_xCAT", "drbd_clone_name": "drbdfs-clone", "drbd_fs_resource_name": "xcatfs", "drbd_device": "/dev/drbd0", "drbd_mount_dir": "/drbd", "drbd_fstype": "ext4", "primary_master_node_hostname": "cn03", "secondary_master_node_hostname": "cn04", "pcs_cluster_name": "drbd_xCAT", "mounted_state": "ephemeral"}' --limit hpc-master01,hpc-master02
2026-08-17 15:08:40,403 [INFO] routes.logs: WS client connected for job 69635111-aa4b-482d-bfe3-1a66e3e948f4
2026-08-17 15:08:40,434 [INFO] routes.logs: WS client connected for job 69635111-aa4b-482d-bfe3-1a66e3e948f4
2026-08-17 15:08:40,686 [INFO] routes.logs: WS client disconnected from job 69635111-aa4b-482d-bfe3-1a66e3e948f4
2026-08-17 15:08:40,687 [INFO] routes.logs: WS session for job 69635111-aa4b-482d-bfe3-1a66e3e948f4 closed
2026-08-17 15:08:49,183 [INFO] routes.logs: WS client connected for job 69635111-aa4b-482d-bfe3-1a66e3e948f4
2026-08-17 15:11:50,845 [INFO] services.ansible_runner: Job 69635111-aa4b-482d-bfe3-1a66e3e948f4 finished rc=2 status=failed
2026-08-17 15:11:50,845 [INFO] routes.logs: WS session for job 69635111-aa4b-482d-bfe3-1a66e3e948f4 closed
2026-08-17 15:11:50,846 [INFO] routes.logs: WS session for job 69635111-aa4b-482d-bfe3-1a66e3e948f4 closed
2026-08-17 18:09:24,541 [INFO] routes.cluster_setup: Resolved inventory: /opt/OpenCHAI_Registry/july/OpenCHAI/automation/ansible/inventory/inventory_def.txt
2026-08-17 18:09:24,541 [INFO] services.ansible_runner: Normalized extra-vars: {'drbd_use_local_rpms': True, 'pcs_manage_services': True, 'allow_package_removal': False, 'pcs_reinstall_packages': False, 'drbd_resource_name': 'rudra_drbd', 'drbd_force_md_create': True, 'drbd_nodes': [{'device': '/dev/drbd0', 'ip': '172.10.3.3', 'name': 'cn03'}, {'device': '/dev/drbd0', 'ip': '172.10.3.4', 'name': 'cn04'}], 'vip_interface': 'ens1f2', 'vip_ip': '172.10.3.240', 'vip_prefix': 22, 'vip_resource_name': 'vip_xCAT', 'drbd_clone_name': 'drbdfs-clone', 'drbd_fs_resource_name': 'xcatfs', 'drbd_device': '/dev/drbd0', 'drbd_mount_dir': '/drbd', 'drbd_fstype': 'ext4', 'primary_master_node_hostname': 'cn03', 'secondary_master_node_hostname': 'cn04', 'pcs_cluster_name': 'drbd_xCAT', 'mounted_state': 'ephemeral'}
2026-08-17 18:09:24,542 [WARNING] services.ansible_runner: inventory_path provided but ignored. Using ansible.cfg default inventory.
2026-08-17 18:09:24,542 [INFO] services.ansible_runner: Job b4623dff-e621-4fd4-82df-2fd3399925a4 | cwd=/opt/OpenCHAI_Registry/july/OpenCHAI/automation/ansible | cmd=ansible-playbook /opt/OpenCHAI_Registry/july/OpenCHAI/cluster_setup/ha_server_setup/hpc_master/phase2.1_pcs_drbd.yml --user root --private-key /root/.ssh/id_rsa --extra-vars '{"drbd_use_local_rpms": true, "pcs_manage_services": true, "allow_package_removal": false, "pcs_reinstall_packages": false, "drbd_resource_name": "rudra_drbd", "drbd_force_md_create": true, "drbd_nodes": [{"device": "/dev/drbd0", "ip": "172.10.3.3", "name": "cn03"}, {"device": "/dev/drbd0", "ip": "172.10.3.4", "name": "cn04"}], "vip_interface": "ens1f2", "vip_ip": "172.10.3.240", "vip_prefix": 22, "vip_resource_name": "vip_xCAT", "drbd_clone_name": "drbdfs-clone", "drbd_fs_resource_name": "xcatfs", "drbd_device": "/dev/drbd0", "drbd_mount_dir": "/drbd", "drbd_fstype": "ext4", "primary_master_node_hostname": "cn03", "secondary_master_node_hostname": "cn04", "pcs_cluster_name": "drbd_xCAT", "mounted_state": "ephemeral"}' --limit hpc-master01,hpc-master02
2026-08-17 18:09:24,575 [INFO] routes.logs: WS client connected for job b4623dff-e621-4fd4-82df-2fd3399925a4
2026-08-17 18:09:24,605 [INFO] routes.logs: WS client connected for job b4623dff-e621-4fd4-82df-2fd3399925a4
2026-08-17 18:09:24,881 [INFO] routes.logs: WS client disconnected from job b4623dff-e621-4fd4-82df-2fd3399925a4
2026-08-17 18:09:24,882 [INFO] routes.logs: WS session for job b4623dff-e621-4fd4-82df-2fd3399925a4 closed
2026-08-17 18:11:14,476 [INFO] routes.logs: WS client connected for job b4623dff-e621-4fd4-82df-2fd3399925a4
2026-08-17 18:11:23,350 [INFO] routes.logs: WS session for job b4623dff-e621-4fd4-82df-2fd3399925a4 closed
2026-08-17 18:16:47,003 [INFO] services.ansible_runner: Job b4623dff-e621-4fd4-82df-2fd3399925a4 finished rc=0 status=success
2026-08-17 18:16:47,004 [INFO] routes.logs: WS session for job b4623dff-e621-4fd4-82df-2fd3399925a4 closed
2026-08-18 11:24:32,975 [INFO] services.state_manager: No existing state file — starting fresh.
2026-08-18 11:24:33,184 [INFO] openchai_gui: ============================================================
2026-08-18 11:24:33,184 [INFO] openchai_gui:   OpenCHAI GUI Backend starting
2026-08-18 11:24:33,184 [INFO] openchai_gui:   Python   : 3.9.25
2026-08-18 11:24:33,184 [INFO] openchai_gui:   Root     : /opt/OpenCHAI_Registry/july/OpenCHAI
2026-08-18 11:24:33,184 [INFO] openchai_gui:   Ansible  : /opt/OpenCHAI_Registry/july/OpenCHAI/automation/ansible
2026-08-18 11:24:33,184 [INFO] openchai_gui:   Routers  : 15 loaded
2026-08-18 11:24:33,184 [INFO] openchai_gui: ============================================================
2026-08-18 11:24:33,184 [INFO] openchai_gui.config: ───────────────────────────────────────────────────────
2026-08-18 11:24:33,184 [INFO] openchai_gui.config:   OpenCHAI GUI — Path Validation
2026-08-18 11:24:33,184 [INFO] openchai_gui.config: ───────────────────────────────────────────────────────
2026-08-18 11:24:33,184 [INFO] openchai_gui.config:   ✅  OPENCHAI_ROOT          /opt/OpenCHAI_Registry/july/OpenCHAI
2026-08-18 11:24:33,184 [INFO] openchai_gui.config:   ✅  ANSIBLE_DIR            /opt/OpenCHAI_Registry/july/OpenCHAI/automation/ansible
2026-08-18 11:24:33,184 [INFO] openchai_gui.config:   ✅  PLAYBOOK_LIBRARY       /opt/OpenCHAI_Registry/july/OpenCHAI/automation/ansible/playbook_library
2026-08-18 11:24:33,184 [WARNING] openchai_gui.config:   ⚠️   INVENTORY_PATH         /opt/OpenCHAI_Registry/july/OpenCHAI/automation/ansible/inventory/hosts.ini  (will be created when needed)
2026-08-18 11:24:33,184 [INFO] openchai_gui.config:   ✅  GROUP_VARS_DIR         /opt/OpenCHAI_Registry/july/OpenCHAI/automation/ansible/group_vars
2026-08-18 11:24:33,184 [INFO] openchai_gui.config:   ✅  ANSIBLE_CFG            /opt/OpenCHAI_Registry/july/OpenCHAI/automation/ansible/ansible.cfg
2026-08-18 11:24:33,185 [INFO] openchai_gui.config:   ✅  SSH_KEY                /root/.ssh/id_rsa
2026-08-18 11:24:33,185 [INFO] openchai_gui.config:   ✅  HOST_VARS_DIR          /opt/OpenCHAI_Registry/july/OpenCHAI/automation/ansible/inventory/host_vars
2026-08-18 11:24:33,185 [INFO] openchai_gui.config:   ✅  VAULT_PASSWORD_FILE    /opt/OpenCHAI_Registry/july/OpenCHAI/automation/ansible/.vault_pass
2026-08-18 11:24:33,185 [INFO] openchai_gui.config: ───────────────────────────────────────────────────────
2026-08-18 11:24:33,185 [INFO] services.vault_service: Vault readiness OK — ansible.cfg vault_password_file matches /opt/OpenCHAI_Registry/july/OpenCHAI/automation/ansible/.vault_pass
2026-08-18 11:24:33,187 [INFO] services.inventory_cli_bridge: Inventory bridge OK — using /opt/OpenCHAI_Registry/july/OpenCHAI/automation/ansible/inventory.py (inventory_file=/opt/OpenCHAI_Registry/july/OpenCHAI/automation/ansible/inventory/inventory_def.txt)
2026-08-18 11:24:47,114 [INFO] routes.auth: Login OK: user='root' role='admin' groups=['root', 'openchai-admins'] ip=127.0.0.1
2026-08-18 11:24:58,756 [WARNING] inventory: Vault password file /opt/OpenCHAI_Registry/july/OpenCHAI/automation/ansible/.vault_pass has loose permissions (644). Recommended: chmod 600.
2026-08-18 11:26:41,257 [INFO] services.state_manager: No existing state file — starting fresh.
2026-08-18 11:26:41,463 [INFO] openchai_gui: ============================================================
2026-08-18 11:26:41,463 [INFO] openchai_gui:   OpenCHAI GUI Backend starting
2026-08-18 11:26:41,463 [INFO] openchai_gui:   Python   : 3.9.25
2026-08-18 11:26:41,463 [INFO] openchai_gui:   Root     : /opt/OpenCHAI_Registry/july/OpenCHAI
2026-08-18 11:26:41,463 [INFO] openchai_gui:   Ansible  : /opt/OpenCHAI_Registry/july/OpenCHAI/automation/ansible
2026-08-18 11:26:41,463 [INFO] openchai_gui:   Routers  : 15 loaded
2026-08-18 11:26:41,463 [INFO] openchai_gui: ============================================================
2026-08-18 11:26:41,463 [INFO] openchai_gui.config: ───────────────────────────────────────────────────────
2026-08-18 11:26:41,463 [INFO] openchai_gui.config:   OpenCHAI GUI — Path Validation
2026-08-18 11:26:41,463 [INFO] openchai_gui.config: ───────────────────────────────────────────────────────
2026-08-18 11:26:41,463 [INFO] openchai_gui.config:   ✅  OPENCHAI_ROOT          /opt/OpenCHAI_Registry/july/OpenCHAI
2026-08-18 11:26:41,463 [INFO] openchai_gui.config:   ✅  ANSIBLE_DIR            /opt/OpenCHAI_Registry/july/OpenCHAI/automation/ansible
2026-08-18 11:26:41,463 [INFO] openchai_gui.config:   ✅  PLAYBOOK_LIBRARY       /opt/OpenCHAI_Registry/july/OpenCHAI/automation/ansible/playbook_library
2026-08-18 11:26:41,463 [WARNING] openchai_gui.config:   ⚠️   INVENTORY_PATH         /opt/OpenCHAI_Registry/july/OpenCHAI/automation/ansible/inventory/hosts.ini  (will be created when needed)
2026-08-18 11:26:41,463 [INFO] openchai_gui.config:   ✅  GROUP_VARS_DIR         /opt/OpenCHAI_Registry/july/OpenCHAI/automation/ansible/group_vars
2026-08-18 11:26:41,463 [INFO] openchai_gui.config:   ✅  ANSIBLE_CFG            /opt/OpenCHAI_Registry/july/OpenCHAI/automation/ansible/ansible.cfg
2026-08-18 11:26:41,464 [INFO] openchai_gui.config:   ✅  SSH_KEY                /root/.ssh/id_rsa
2026-08-18 11:26:41,464 [INFO] openchai_gui.config:   ✅  HOST_VARS_DIR          /opt/OpenCHAI_Registry/july/OpenCHAI/automation/ansible/inventory/host_vars
2026-08-18 11:26:41,464 [INFO] openchai_gui.config:   ✅  VAULT_PASSWORD_FILE    /opt/OpenCHAI_Registry/july/OpenCHAI/automation/ansible/.vault_pass
2026-08-18 11:26:41,464 [INFO] openchai_gui.config: ───────────────────────────────────────────────────────
2026-08-18 11:26:41,464 [INFO] services.vault_service: Vault readiness OK — ansible.cfg vault_password_file matches /opt/OpenCHAI_Registry/july/OpenCHAI/automation/ansible/.vault_pass
2026-08-18 11:26:41,466 [INFO] services.inventory_cli_bridge: Inventory bridge OK — using /opt/OpenCHAI_Registry/july/OpenCHAI/automation/ansible/inventory.py (inventory_file=/opt/OpenCHAI_Registry/july/OpenCHAI/automation/ansible/inventory/inventory_def.txt)
2026-08-18 11:27:57,603 [INFO] routes.auth: Login OK: user='root' role='admin' groups=['root', 'openchai-admins'] ip=127.0.0.1
2026-08-18 11:29:38,913 [INFO] routes.cluster_setup: Resolved inventory: /opt/OpenCHAI_Registry/july/OpenCHAI/automation/ansible/inventory/inventory_def.txt
2026-08-18 11:29:38,914 [INFO] services.ansible_runner: Normalized extra-vars: {'drbd_use_local_rpms': True, 'pcs_manage_services': True, 'allow_package_removal': False, 'pcs_reinstall_packages': False, 'drbd_resource_name': 'rudra_drbd', 'drbd_force_md_create': True, 'drbd_nodes': [{'device': '/dev/drbd0', 'ip': '172.10.3.3', 'name': 'cn03'}, {'device': '/dev/drbd0', 'ip': '172.10.3.4', 'name': 'cn04'}], 'vip_interface': 'ens1f2', 'vip_ip': '172.10.3.240', 'vip_prefix': 22, 'vip_resource_name': 'vip_xCAT', 'drbd_clone_name': 'drbdfs-clone', 'drbd_fs_resource_name': 'xcatfs', 'drbd_device': '/dev/drbd0', 'drbd_mount_dir': '/drbd', 'drbd_fstype': 'ext4', 'primary_master_node_hostname': 'cn03', 'secondary_master_node_hostname': 'cn04', 'pcs_cluster_name': 'drbd_xCAT', 'mounted_state': 'ephemeral'}
2026-08-18 11:29:38,914 [WARNING] services.ansible_runner: inventory_path provided but ignored. Using ansible.cfg default inventory.
2026-08-18 11:29:38,915 [INFO] services.ansible_runner: Job ac83e13d-f1c5-46ed-8f3b-021debe7a49e | cwd=/opt/OpenCHAI_Registry/july/OpenCHAI/automation/ansible | cmd=ansible-playbook /opt/OpenCHAI_Registry/july/OpenCHAI/cluster_setup/ha_server_setup/hpc_master/phase2.1_pcs_drbd.yml --user root --private-key /root/.ssh/id_rsa --extra-vars '{"drbd_use_local_rpms": true, "pcs_manage_services": true, "allow_package_removal": false, "pcs_reinstall_packages": false, "drbd_resource_name": "rudra_drbd", "drbd_force_md_create": true, "drbd_nodes": [{"device": "/dev/drbd0", "ip": "172.10.3.3", "name": "cn03"}, {"device": "/dev/drbd0", "ip": "172.10.3.4", "name": "cn04"}], "vip_interface": "ens1f2", "vip_ip": "172.10.3.240", "vip_prefix": 22, "vip_resource_name": "vip_xCAT", "drbd_clone_name": "drbdfs-clone", "drbd_fs_resource_name": "xcatfs", "drbd_device": "/dev/drbd0", "drbd_mount_dir": "/drbd", "drbd_fstype": "ext4", "primary_master_node_hostname": "cn03", "secondary_master_node_hostname": "cn04", "pcs_cluster_name": "drbd_xCAT", "mounted_state": "ephemeral"}' --limit hpc-master01,hpc-master02
2026-08-18 11:29:38,990 [INFO] routes.logs: WS client connected for job ac83e13d-f1c5-46ed-8f3b-021debe7a49e
2026-08-18 11:29:39,000 [INFO] routes.logs: WS client connected for job ac83e13d-f1c5-46ed-8f3b-021debe7a49e
2026-08-18 11:29:39,258 [INFO] routes.logs: WS client disconnected from job ac83e13d-f1c5-46ed-8f3b-021debe7a49e
2026-08-18 11:29:39,259 [INFO] routes.logs: WS session for job ac83e13d-f1c5-46ed-8f3b-021debe7a49e closed
2026-08-18 11:29:42,723 [INFO] routes.logs: WS client connected for job ac83e13d-f1c5-46ed-8f3b-021debe7a49e
2026-08-18 11:36:57,610 [INFO] services.ansible_runner: Job ac83e13d-f1c5-46ed-8f3b-021debe7a49e finished rc=0 status=success
2026-08-18 11:36:57,611 [INFO] routes.logs: WS session for job ac83e13d-f1c5-46ed-8f3b-021debe7a49e closed
2026-08-18 11:36:57,611 [INFO] routes.logs: WS session for job ac83e13d-f1c5-46ed-8f3b-021debe7a49e closed
2026-08-18 15:27:12,419 [INFO] services.state_manager: No existing state file — starting fresh.
2026-08-18 15:27:12,624 [INFO] openchai_gui: ============================================================
2026-08-18 15:27:12,624 [INFO] openchai_gui:   OpenCHAI GUI Backend starting
2026-08-18 15:27:12,624 [INFO] openchai_gui:   Python   : 3.9.25
2026-08-18 15:27:12,624 [INFO] openchai_gui:   Root     : /opt/OpenCHAI_Registry/july/OpenCHAI
2026-08-18 15:27:12,624 [INFO] openchai_gui:   Ansible  : /opt/OpenCHAI_Registry/july/OpenCHAI/automation/ansible
2026-08-18 15:27:12,624 [INFO] openchai_gui:   Routers  : 15 loaded
2026-08-18 15:27:12,624 [INFO] openchai_gui: ============================================================
2026-08-18 15:27:12,624 [INFO] openchai_gui.config: ───────────────────────────────────────────────────────
2026-08-18 15:27:12,624 [INFO] openchai_gui.config:   OpenCHAI GUI — Path Validation
2026-08-18 15:27:12,624 [INFO] openchai_gui.config: ───────────────────────────────────────────────────────
2026-08-18 15:27:12,624 [INFO] openchai_gui.config:   ✅  OPENCHAI_ROOT          /opt/OpenCHAI_Registry/july/OpenCHAI
2026-08-18 15:27:12,624 [INFO] openchai_gui.config:   ✅  ANSIBLE_DIR            /opt/OpenCHAI_Registry/july/OpenCHAI/automation/ansible
2026-08-18 15:27:12,624 [INFO] openchai_gui.config:   ✅  PLAYBOOK_LIBRARY       /opt/OpenCHAI_Registry/july/OpenCHAI/automation/ansible/playbook_library
2026-08-18 15:27:12,624 [WARNING] openchai_gui.config:   ⚠️   INVENTORY_PATH         /opt/OpenCHAI_Registry/july/OpenCHAI/automation/ansible/inventory/hosts.ini  (will be created when needed)
2026-08-18 15:27:12,624 [INFO] openchai_gui.config:   ✅  GROUP_VARS_DIR         /opt/OpenCHAI_Registry/july/OpenCHAI/automation/ansible/group_vars
2026-08-18 15:27:12,624 [INFO] openchai_gui.config:   ✅  ANSIBLE_CFG            /opt/OpenCHAI_Registry/july/OpenCHAI/automation/ansible/ansible.cfg
2026-08-18 15:27:12,624 [INFO] openchai_gui.config:   ✅  SSH_KEY                /root/.ssh/id_rsa
2026-08-18 15:27:12,624 [INFO] openchai_gui.config:   ✅  HOST_VARS_DIR          /opt/OpenCHAI_Registry/july/OpenCHAI/automation/ansible/inventory/host_vars
2026-08-18 15:27:12,624 [INFO] openchai_gui.config:   ✅  VAULT_PASSWORD_FILE    /opt/OpenCHAI_Registry/july/OpenCHAI/automation/ansible/.vault_pass
2026-08-18 15:27:12,624 [INFO] openchai_gui.config: ───────────────────────────────────────────────────────
2026-08-18 15:27:12,625 [INFO] services.vault_service: Vault readiness OK — ansible.cfg vault_password_file matches /opt/OpenCHAI_Registry/july/OpenCHAI/automation/ansible/.vault_pass
2026-08-18 15:27:12,627 [INFO] services.inventory_cli_bridge: Inventory bridge OK — using /opt/OpenCHAI_Registry/july/OpenCHAI/automation/ansible/inventory.py (inventory_file=/opt/OpenCHAI_Registry/july/OpenCHAI/automation/ansible/inventory/inventory_def.txt)
2026-08-18 15:27:33,508 [INFO] routes.auth: Login OK: user='root' role='admin' groups=['root', 'openchai-admins'] ip=127.0.0.1
2026-08-24 10:49:39,551 [INFO] services.state_manager: No existing state file — starting fresh.
2026-08-24 10:49:39,787 [INFO] openchai_gui: ============================================================
2026-08-24 10:49:39,787 [INFO] openchai_gui:   OpenCHAI GUI Backend starting
2026-08-24 10:49:39,787 [INFO] openchai_gui:   Python   : 3.9.25
2026-08-24 10:49:39,787 [INFO] openchai_gui:   Root     : /opt/OpenCHAI_Registry/july/OpenCHAI
2026-08-24 10:49:39,787 [INFO] openchai_gui:   Ansible  : /opt/OpenCHAI_Registry/july/OpenCHAI/automation/ansible
2026-08-24 10:49:39,787 [INFO] openchai_gui:   Routers  : 15 loaded
2026-08-24 10:49:39,787 [INFO] openchai_gui: ============================================================
2026-08-24 10:49:39,787 [INFO] openchai_gui.config: ───────────────────────────────────────────────────────
2026-08-24 10:49:39,788 [INFO] openchai_gui.config:   OpenCHAI GUI — Path Validation
2026-08-24 10:49:39,788 [INFO] openchai_gui.config: ───────────────────────────────────────────────────────
2026-08-24 10:49:39,788 [INFO] openchai_gui.config:   ✅  OPENCHAI_ROOT          /opt/OpenCHAI_Registry/july/OpenCHAI
2026-08-24 10:49:39,788 [INFO] openchai_gui.config:   ✅  ANSIBLE_DIR            /opt/OpenCHAI_Registry/july/OpenCHAI/automation/ansible
2026-08-24 10:49:39,788 [INFO] openchai_gui.config:   ✅  PLAYBOOK_LIBRARY       /opt/OpenCHAI_Registry/july/OpenCHAI/automation/ansible/playbook_library
2026-08-24 10:49:39,788 [WARNING] openchai_gui.config:   ⚠️   INVENTORY_PATH         /opt/OpenCHAI_Registry/july/OpenCHAI/automation/ansible/inventory/hosts.ini  (will be created when needed)
2026-08-24 10:49:39,788 [INFO] openchai_gui.config:   ✅  GROUP_VARS_DIR         /opt/OpenCHAI_Registry/july/OpenCHAI/automation/ansible/group_vars
2026-08-24 10:49:39,788 [INFO] openchai_gui.config:   ✅  ANSIBLE_CFG            /opt/OpenCHAI_Registry/july/OpenCHAI/automation/ansible/ansible.cfg
2026-08-24 10:49:39,788 [INFO] openchai_gui.config:   ✅  SSH_KEY                /root/.ssh/id_rsa
2026-08-24 10:49:39,788 [INFO] openchai_gui.config:   ✅  HOST_VARS_DIR          /opt/OpenCHAI_Registry/july/OpenCHAI/automation/ansible/inventory/host_vars
2026-08-24 10:49:39,788 [INFO] openchai_gui.config:   ✅  VAULT_PASSWORD_FILE    /opt/OpenCHAI_Registry/july/OpenCHAI/automation/ansible/.vault_pass
2026-08-24 10:49:39,788 [INFO] openchai_gui.config: ───────────────────────────────────────────────────────
2026-08-24 10:49:39,788 [INFO] services.vault_service: Vault readiness OK — ansible.cfg vault_password_file matches /opt/OpenCHAI_Registry/july/OpenCHAI/automation/ansible/.vault_pass
2026-08-24 10:49:39,790 [INFO] services.inventory_cli_bridge: Inventory bridge OK — using /opt/OpenCHAI_Registry/july/OpenCHAI/automation/ansible/inventory.py (inventory_file=/opt/OpenCHAI_Registry/july/OpenCHAI/automation/ansible/inventory/inventory_def.txt)
2026-08-24 10:51:04,248 [INFO] routes.auth: Login OK: user='root' role='admin' groups=['root', 'openchai-admins'] ip=127.0.0.1
2026-08-24 11:28:52,517 [WARNING] routes.auth: Failed login for user 'root' from 127.0.0.1 (attempt 1)
2026-08-24 11:28:58,875 [INFO] routes.auth: Login OK: user='root' role='admin' groups=['root', 'openchai-admins'] ip=127.0.0.1
2026-08-24 14:41:46,589 [INFO] routes.auth: Login OK: user='root' role='admin' groups=['root', 'openchai-admins'] ip=127.0.0.1
2026-08-24 14:41:51,319 [WARNING] inventory: Vault password file /opt/OpenCHAI_Registry/july/OpenCHAI/automation/ansible/.vault_pass has loose permissions (644). Recommended: chmod 600.
2026-08-24 14:42:04,262 [INFO] routes.auth: Logout: user='root'
2026-08-24 14:42:21,812 [INFO] routes.auth: Login OK: user='root' role='admin' groups=['root', 'openchai-admins'] ip=127.0.0.1
2026-08-24 14:42:55,481 [INFO] services.ansible_runner: Normalized extra-vars: {'fw_service_name': 'firewalld', 'fw_service_state': 'stopped', 'fw_service_enabled': True}
2026-08-24 14:42:55,481 [WARNING] services.ansible_runner: inventory_path provided but ignored. Using ansible.cfg default inventory.
2026-08-24 14:42:55,482 [INFO] services.ansible_runner: Job 1f7468dd-ee4a-46f1-a993-bd9809eb1c79 | cwd=/opt/OpenCHAI_Registry/july/OpenCHAI/automation/ansible | cmd=ansible-playbook /opt/OpenCHAI_Registry/july/OpenCHAI/automation/ansible/playbook_library/services/firewalld.yml --user root --private-key /root/.ssh/id_rsa --extra-vars '{"fw_service_name": "firewalld", "fw_service_state": "stopped", "fw_service_enabled": true}' --limit hpc_master
2026-08-24 14:42:55,564 [INFO] routes.logs: WS client connected for job 1f7468dd-ee4a-46f1-a993-bd9809eb1c79
2026-08-24 14:42:59,694 [INFO] services.ansible_runner: Job 1f7468dd-ee4a-46f1-a993-bd9809eb1c79 finished rc=0 status=success
2026-08-24 14:42:59,695 [INFO] routes.logs: WS session for job 1f7468dd-ee4a-46f1-a993-bd9809eb1c79 closed
2026-08-24 15:24:58,334 [INFO] routes.auth: Login OK: user='root' role='admin' groups=['root', 'openchai-admins'] ip=127.0.0.1
2026-08-24 15:36:16,992 [INFO] routes.auth: Logout: user='root'
2026-08-24 16:41:25,718 [INFO] services.state_manager: No existing state file — starting fresh.
2026-08-24 16:41:25,925 [INFO] openchai_gui: ============================================================
2026-08-24 16:41:25,925 [INFO] openchai_gui:   OpenCHAI GUI Backend starting
2026-08-24 16:41:25,925 [INFO] openchai_gui:   Python   : 3.9.25
2026-08-24 16:41:25,925 [INFO] openchai_gui:   Root     : /opt/OpenCHAI_Registry/july/OpenCHAI
2026-08-24 16:41:25,925 [INFO] openchai_gui:   Ansible  : /opt/OpenCHAI_Registry/july/OpenCHAI/automation/ansible
2026-08-24 16:41:25,925 [INFO] openchai_gui:   Routers  : 15 loaded
2026-08-24 16:41:25,925 [INFO] openchai_gui: ============================================================
2026-08-24 16:41:25,925 [INFO] openchai_gui.config: ───────────────────────────────────────────────────────
2026-08-24 16:41:25,925 [INFO] openchai_gui.config:   OpenCHAI GUI — Path Validation
2026-08-24 16:41:25,925 [INFO] openchai_gui.config: ───────────────────────────────────────────────────────
2026-08-24 16:41:25,925 [INFO] openchai_gui.config:   ✅  OPENCHAI_ROOT          /opt/OpenCHAI_Registry/july/OpenCHAI
2026-08-24 16:41:25,925 [INFO] openchai_gui.config:   ✅  ANSIBLE_DIR            /opt/OpenCHAI_Registry/july/OpenCHAI/automation/ansible
2026-08-24 16:41:25,925 [INFO] openchai_gui.config:   ✅  PLAYBOOK_LIBRARY       /opt/OpenCHAI_Registry/july/OpenCHAI/automation/ansible/playbook_library
2026-08-24 16:41:25,925 [WARNING] openchai_gui.config:   ⚠️   INVENTORY_PATH         /opt/OpenCHAI_Registry/july/OpenCHAI/automation/ansible/inventory/hosts.ini  (will be created when needed)
2026-08-24 16:41:25,925 [INFO] openchai_gui.config:   ✅  GROUP_VARS_DIR         /opt/OpenCHAI_Registry/july/OpenCHAI/automation/ansible/group_vars
2026-08-24 16:41:25,925 [INFO] openchai_gui.config:   ✅  ANSIBLE_CFG            /opt/OpenCHAI_Registry/july/OpenCHAI/automation/ansible/ansible.cfg
2026-08-24 16:41:25,925 [INFO] openchai_gui.config:   ✅  SSH_KEY                /root/.ssh/id_rsa
2026-08-24 16:41:25,925 [INFO] openchai_gui.config:   ✅  HOST_VARS_DIR          /opt/OpenCHAI_Registry/july/OpenCHAI/automation/ansible/inventory/host_vars
2026-08-24 16:41:25,925 [INFO] openchai_gui.config:   ✅  VAULT_PASSWORD_FILE    /opt/OpenCHAI_Registry/july/OpenCHAI/automation/ansible/.vault_pass
2026-08-24 16:41:25,925 [INFO] openchai_gui.config: ───────────────────────────────────────────────────────
2026-08-24 16:41:25,926 [INFO] services.vault_service: Vault readiness OK — ansible.cfg vault_password_file matches /opt/OpenCHAI_Registry/july/OpenCHAI/automation/ansible/.vault_pass
2026-08-24 16:41:25,928 [INFO] services.inventory_cli_bridge: Inventory bridge OK — using /opt/OpenCHAI_Registry/july/OpenCHAI/automation/ansible/inventory.py (inventory_file=/opt/OpenCHAI_Registry/july/OpenCHAI/automation/ansible/inventory/inventory_def.txt)
2026-08-24 16:41:46,696 [WARNING] routes.auth: Failed login for user 'aryanb' from 127.0.0.1 (attempt 1)
2026-08-24 16:42:04,565 [WARNING] routes.auth: Failed login for user 'aryanb' from 127.0.0.1 (attempt 2)
2026-08-24 16:42:22,271 [WARNING] routes.auth: Failed login for user 'aryanb' from 127.0.0.1 (attempt 3)
2026-08-24 16:49:16,308 [INFO] routes.auth: Login OK: user='openchai-t' role='admin' groups=['openchai-admins'] ip=127.0.0.1
2026-08-24 16:49:42,440 [INFO] services.chai_release_service: Registry auth store updated (type=basic)
2026-08-24 16:49:42,474 [INFO] httpx: HTTP Request: GET https://hpcsangrah-test.pune.cdac.in/vault/OpenCHAI/hpcsuite_registry/hostmachine_reg/ "HTTP/1.1 404 Not Found"
2026-08-24 16:49:42,476 [WARNING] routes.chai_release: Registry auth REJECTED (type=basic, status=404): Registry returned unexpected status 404.
2026-08-24 16:49:42,476 [INFO] services.chai_release_service: Registry auth store updated (type=none)
2026-08-24 16:49:56,659 [INFO] services.chai_release_service: Registry auth store updated (type=basic)
2026-08-24 16:49:56,683 [INFO] httpx: HTTP Request: GET https://hpcsangrah-test.pune.cdac.in/vault/OpenCHAI/hpcsuite_registry/hostmachine_reg/ "HTTP/1.1 404 Not Found"
2026-08-24 16:49:56,684 [WARNING] routes.chai_release: Registry auth REJECTED (type=basic, status=404): Registry returned unexpected status 404.
2026-08-24 16:49:56,684 [INFO] services.chai_release_service: Registry auth store updated (type=none)
2026-08-24 16:50:44,885 [INFO] openchai_gui: OpenCHAI GUI backend stopped (uptime 559.0s)
2026-08-24 17:40:46,735 [INFO] services.state_manager: No existing state file — starting fresh.
2026-08-24 17:40:46,943 [INFO] openchai_gui: ============================================================
2026-08-24 17:40:46,943 [INFO] openchai_gui:   OpenCHAI GUI Backend starting
2026-08-24 17:40:46,943 [INFO] openchai_gui:   Python   : 3.9.25
2026-08-24 17:40:46,943 [INFO] openchai_gui:   Root     : /opt/OpenCHAI_Registry/july/OpenCHAI
2026-08-24 17:40:46,943 [INFO] openchai_gui:   Ansible  : /opt/OpenCHAI_Registry/july/OpenCHAI/automation/ansible
2026-08-24 17:40:46,943 [INFO] openchai_gui:   Routers  : 15 loaded
2026-08-24 17:40:46,943 [INFO] openchai_gui: ============================================================
2026-08-24 17:40:46,943 [INFO] openchai_gui.config: ───────────────────────────────────────────────────────
2026-08-24 17:40:46,943 [INFO] openchai_gui.config:   OpenCHAI GUI — Path Validation
2026-08-24 17:40:46,943 [INFO] openchai_gui.config: ───────────────────────────────────────────────────────
2026-08-24 17:40:46,943 [INFO] openchai_gui.config:   ✅  OPENCHAI_ROOT          /opt/OpenCHAI_Registry/july/OpenCHAI
2026-08-24 17:40:46,943 [INFO] openchai_gui.config:   ✅  ANSIBLE_DIR            /opt/OpenCHAI_Registry/july/OpenCHAI/automation/ansible
2026-08-24 17:40:46,943 [INFO] openchai_gui.config:   ✅  PLAYBOOK_LIBRARY       /opt/OpenCHAI_Registry/july/OpenCHAI/automation/ansible/playbook_library
2026-08-24 17:40:46,943 [WARNING] openchai_gui.config:   ⚠️   INVENTORY_PATH         /opt/OpenCHAI_Registry/july/OpenCHAI/automation/ansible/inventory/hosts.ini  (will be created when needed)
2026-08-24 17:40:46,943 [INFO] openchai_gui.config:   ✅  GROUP_VARS_DIR         /opt/OpenCHAI_Registry/july/OpenCHAI/automation/ansible/group_vars
2026-08-24 17:40:46,943 [INFO] openchai_gui.config:   ✅  ANSIBLE_CFG            /opt/OpenCHAI_Registry/july/OpenCHAI/automation/ansible/ansible.cfg
2026-08-24 17:40:46,943 [INFO] openchai_gui.config:   ✅  SSH_KEY                /root/.ssh/id_rsa
2026-08-24 17:40:46,943 [INFO] openchai_gui.config:   ✅  HOST_VARS_DIR          /opt/OpenCHAI_Registry/july/OpenCHAI/automation/ansible/inventory/host_vars
2026-08-24 17:40:46,943 [INFO] openchai_gui.config:   ✅  VAULT_PASSWORD_FILE    /opt/OpenCHAI_Registry/july/OpenCHAI/automation/ansible/.vault_pass
2026-08-24 17:40:46,943 [INFO] openchai_gui.config: ───────────────────────────────────────────────────────
2026-08-24 17:40:46,944 [INFO] services.vault_service: Vault readiness OK — ansible.cfg vault_password_file matches /opt/OpenCHAI_Registry/july/OpenCHAI/automation/ansible/.vault_pass
2026-08-24 17:40:46,946 [INFO] services.inventory_cli_bridge: Inventory bridge OK — using /opt/OpenCHAI_Registry/july/OpenCHAI/automation/ansible/inventory.py (inventory_file=/opt/OpenCHAI_Registry/july/OpenCHAI/automation/ansible/inventory/inventory_def.txt)
2026-08-24 17:41:13,710 [INFO] routes.auth: Login OK: user='openchai-t' role='admin' groups=['openchai-admins'] ip=127.0.0.1
2026-08-24 17:41:32,315 [INFO] services.ansible_runner: Normalized extra-vars: {'fw_package_name': 'firewalld', 'fw_service_name': 'firewalld', 'fw_service_state': 'stopped', 'fw_service_enabled': True, 'fw_install_if_missing': True}
2026-08-24 17:41:32,315 [WARNING] services.ansible_runner: inventory_path provided but ignored. Using ansible.cfg default inventory.
2026-08-24 17:41:32,316 [INFO] services.ansible_runner: Job c99ceef0-71dc-469f-a53f-a20e6200b6c0 | cwd=/opt/OpenCHAI_Registry/july/OpenCHAI/automation/ansible | cmd=ansible-playbook /opt/OpenCHAI_Registry/july/OpenCHAI/automation/ansible/playbook_library/security/configure_firewall.yml --user root --private-key /root/.ssh/id_rsa --extra-vars '{"fw_package_name": "firewalld", "fw_service_name": "firewalld", "fw_service_state": "stopped", "fw_service_enabled": true, "fw_install_if_missing": true}' --limit hpc_master
2026-08-24 17:41:32,383 [INFO] routes.logs: WS client connected for job c99ceef0-71dc-469f-a53f-a20e6200b6c0
2026-08-24 17:41:38,912 [INFO] services.ansible_runner: Job c99ceef0-71dc-469f-a53f-a20e6200b6c0 finished rc=0 status=success
2026-08-24 17:41:38,913 [INFO] routes.logs: WS session for job c99ceef0-71dc-469f-a53f-a20e6200b6c0 closed
2026-08-24 17:42:00,260 [INFO] services.ansible_runner: Normalized extra-vars: {'fw_package_name': 'firewalld', 'fw_service_name': 'firewalld', 'fw_service_state': 'started', 'fw_service_enabled': True, 'fw_install_if_missing': True}
2026-08-24 17:42:00,260 [WARNING] services.ansible_runner: inventory_path provided but ignored. Using ansible.cfg default inventory.
2026-08-24 17:42:00,261 [INFO] services.ansible_runner: Job 30e5c84c-1dd8-4df0-b679-91249e4badf5 | cwd=/opt/OpenCHAI_Registry/july/OpenCHAI/automation/ansible | cmd=ansible-playbook /opt/OpenCHAI_Registry/july/OpenCHAI/automation/ansible/playbook_library/security/configure_firewall.yml --user root --private-key /root/.ssh/id_rsa --extra-vars '{"fw_package_name": "firewalld", "fw_service_name": "firewalld", "fw_service_state": "started", "fw_service_enabled": true, "fw_install_if_missing": true}' --limit hpc_master
2026-08-24 17:42:00,315 [INFO] routes.logs: WS client connected for job 30e5c84c-1dd8-4df0-b679-91249e4badf5
2026-08-24 17:42:06,353 [INFO] services.ansible_runner: Job 30e5c84c-1dd8-4df0-b679-91249e4badf5 finished rc=0 status=success
2026-08-24 17:42:06,354 [INFO] routes.logs: WS session for job 30e5c84c-1dd8-4df0-b679-91249e4badf5 closed
2026-08-24 17:49:49,764 [WARNING] inventory: Vault password file /opt/OpenCHAI_Registry/july/OpenCHAI/automation/ansible/.vault_pass has loose permissions (644). Recommended: chmod 600.
2026-08-24 17:50:06,077 [INFO] inventory: Backup created: /opt/OpenCHAI_Registry/july/OpenCHAI/automation/ansible/backups/backup_20260824_175006 (6 files)
2026-08-24 17:50:06,078 [INFO] inventory: Inventory saved: 5 host(s) → /opt/OpenCHAI_Registry/july/OpenCHAI/automation/ansible/inventory/inventory_def.txt
2026-08-24 17:50:06,768 [INFO] inventory: Vault sync complete. 1 password(s) added/updated.
2026-08-24 17:50:11,807 [INFO] inventory: Backup created: /opt/OpenCHAI_Registry/july/OpenCHAI/automation/ansible/backups/backup_20260824_175011 (7 files)
2026-08-24 17:50:11,808 [INFO] inventory: Inventory saved: 4 host(s) → /opt/OpenCHAI_Registry/july/OpenCHAI/automation/ansible/inventory/inventory_def.txt
2026-08-24 17:50:12,520 [INFO] inventory: Vault entry deleted for host 'fake'.
2026-08-24 17:50:18,035 [INFO] paramiko.transport: Connected (version 2.0, client OpenSSH_8.0)
2026-08-24 17:50:18,129 [INFO] paramiko.transport: Authentication (password) successful!
2026-08-24 17:50:29,041 [INFO] inventory: Backup created: /opt/OpenCHAI_Registry/july/OpenCHAI/automation/ansible/backups/backup_20260824_175029 (6 files)
2026-08-24 17:50:29,042 [INFO] inventory: Inventory saved: 3 host(s) → /opt/OpenCHAI_Registry/july/OpenCHAI/automation/ansible/inventory/inventory_def.txt
2026-08-24 17:50:29,749 [INFO] inventory: Vault entry deleted for host 'main'.
2026-08-24 18:30:06,120 [INFO] routes.auth: Login OK: user='openchai-t' role='admin' groups=['openchai-admins'] ip=127.0.0.1
2026-08-24 18:30:16,026 [INFO] routes.auth: Logout: user='openchai-t'
2026-08-24 19:19:07,106 [INFO] openchai_gui: OpenCHAI GUI backend stopped (uptime 5900.2s)
2026-08-25 10:58:02,975 [INFO] services.state_manager: No existing state file — starting fresh.
2026-08-25 10:58:03,184 [INFO] openchai_gui: ============================================================
2026-08-25 10:58:03,184 [INFO] openchai_gui:   OpenCHAI GUI Backend starting
2026-08-25 10:58:03,185 [INFO] openchai_gui:   Python   : 3.9.25
2026-08-25 10:58:03,185 [INFO] openchai_gui:   Root     : /opt/OpenCHAI_Registry/july/OpenCHAI
2026-08-25 10:58:03,185 [INFO] openchai_gui:   Ansible  : /opt/OpenCHAI_Registry/july/OpenCHAI/automation/ansible
2026-08-25 10:58:03,185 [INFO] openchai_gui:   Routers  : 15 loaded
2026-08-25 10:58:03,185 [INFO] openchai_gui: ============================================================
2026-08-25 10:58:03,185 [INFO] openchai_gui.config: ───────────────────────────────────────────────────────
2026-08-25 10:58:03,185 [INFO] openchai_gui.config:   OpenCHAI GUI — Path Validation
2026-08-25 10:58:03,185 [INFO] openchai_gui.config: ───────────────────────────────────────────────────────
2026-08-25 10:58:03,185 [INFO] openchai_gui.config:   ✅  OPENCHAI_ROOT          /opt/OpenCHAI_Registry/july/OpenCHAI
2026-08-25 10:58:03,185 [INFO] openchai_gui.config:   ✅  ANSIBLE_DIR            /opt/OpenCHAI_Registry/july/OpenCHAI/automation/ansible
2026-08-25 10:58:03,185 [INFO] openchai_gui.config:   ✅  PLAYBOOK_LIBRARY       /opt/OpenCHAI_Registry/july/OpenCHAI/automation/ansible/playbook_library
2026-08-25 10:58:03,185 [WARNING] openchai_gui.config:   ⚠️   INVENTORY_PATH         /opt/OpenCHAI_Registry/july/OpenCHAI/automation/ansible/inventory/hosts.ini  (will be created when needed)
2026-08-25 10:58:03,185 [INFO] openchai_gui.config:   ✅  GROUP_VARS_DIR         /opt/OpenCHAI_Registry/july/OpenCHAI/automation/ansible/group_vars
2026-08-25 10:58:03,185 [INFO] openchai_gui.config:   ✅  ANSIBLE_CFG            /opt/OpenCHAI_Registry/july/OpenCHAI/automation/ansible/ansible.cfg
2026-08-25 10:58:03,185 [INFO] openchai_gui.config:   ✅  SSH_KEY                /root/.ssh/id_rsa
2026-08-25 10:58:03,185 [INFO] openchai_gui.config:   ✅  HOST_VARS_DIR          /opt/OpenCHAI_Registry/july/OpenCHAI/automation/ansible/inventory/host_vars
2026-08-25 10:58:03,185 [INFO] openchai_gui.config:   ✅  VAULT_PASSWORD_FILE    /opt/OpenCHAI_Registry/july/OpenCHAI/automation/ansible/.vault_pass
2026-08-25 10:58:03,185 [INFO] openchai_gui.config: ───────────────────────────────────────────────────────
2026-08-25 10:58:03,186 [INFO] services.vault_service: Vault readiness OK — ansible.cfg vault_password_file matches /opt/OpenCHAI_Registry/july/OpenCHAI/automation/ansible/.vault_pass
2026-08-25 10:58:03,188 [INFO] services.inventory_cli_bridge: Inventory bridge OK — using /opt/OpenCHAI_Registry/july/OpenCHAI/automation/ansible/inventory.py (inventory_file=/opt/OpenCHAI_Registry/july/OpenCHAI/automation/ansible/inventory/inventory_def.txt)
2026-08-25 11:01:19,200 [INFO] routes.auth: Login OK: user='openchai-t' role='admin' groups=['openchai-admins'] ip=127.0.0.1
2026-08-25 11:01:26,469 [WARNING] inventory: Vault password file /opt/OpenCHAI_Registry/july/OpenCHAI/automation/ansible/.vault_pass has loose permissions (644). Recommended: chmod 600.
